TimeQuest Timing Analyzer report for TAREA2_D
Mon Oct 20 19:53:02 2025
Quartus II 64-Bit Version 13.1.0 Build 162 10/23/2013 SJ Web Edition


---------------------
; Table of Contents ;
---------------------
  1. Legal Notice
  2. TimeQuest Timing Analyzer Summary
  3. Parallel Compilation
  4. Clocks
  5. Slow 1200mV 85C Model Fmax Summary
  6. Timing Closure Recommendations
  7. Slow 1200mV 85C Model Setup Summary
  8. Slow 1200mV 85C Model Hold Summary
  9. Slow 1200mV 85C Model Recovery Summary
 10. Slow 1200mV 85C Model Removal Summary
 11. Slow 1200mV 85C Model Minimum Pulse Width Summary
 12. Slow 1200mV 85C Model Setup: 'CTR_INCDEC:inst|div_2048:inst5|26'
 13. Slow 1200mV 85C Model Setup: 'clk'
 14. Slow 1200mV 85C Model Setup: 'CTR_INCDEC:inst|div_2048:inst6|26'
 15. Slow 1200mV 85C Model Hold: 'CTR_INCDEC:inst|div_2048:inst5|26'
 16. Slow 1200mV 85C Model Hold: 'clk'
 17. Slow 1200mV 85C Model Hold: 'CTR_INCDEC:inst|div_2048:inst6|26'
 18. Slow 1200mV 85C Model Minimum Pulse Width: 'clk'
 19. Slow 1200mV 85C Model Minimum Pulse Width: 'CTR_INCDEC:inst|div_2048:inst5|26'
 20. Slow 1200mV 85C Model Minimum Pulse Width: 'CTR_INCDEC:inst|div_2048:inst6|26'
 21. Setup Times
 22. Hold Times
 23. Clock to Output Times
 24. Minimum Clock to Output Times
 25. Slow 1200mV 85C Model Metastability Report
 26. Slow 1200mV 0C Model Fmax Summary
 27. Slow 1200mV 0C Model Setup Summary
 28. Slow 1200mV 0C Model Hold Summary
 29. Slow 1200mV 0C Model Recovery Summary
 30. Slow 1200mV 0C Model Removal Summary
 31. Slow 1200mV 0C Model Minimum Pulse Width Summary
 32. Slow 1200mV 0C Model Setup: 'CTR_INCDEC:inst|div_2048:inst5|26'
 33. Slow 1200mV 0C Model Setup: 'clk'
 34. Slow 1200mV 0C Model Setup: 'CTR_INCDEC:inst|div_2048:inst6|26'
 35. Slow 1200mV 0C Model Hold: 'CTR_INCDEC:inst|div_2048:inst5|26'
 36. Slow 1200mV 0C Model Hold: 'clk'
 37. Slow 1200mV 0C Model Hold: 'CTR_INCDEC:inst|div_2048:inst6|26'
 38. Slow 1200mV 0C Model Minimum Pulse Width: 'clk'
 39. Slow 1200mV 0C Model Minimum Pulse Width: 'CTR_INCDEC:inst|div_2048:inst5|26'
 40. Slow 1200mV 0C Model Minimum Pulse Width: 'CTR_INCDEC:inst|div_2048:inst6|26'
 41. Setup Times
 42. Hold Times
 43. Clock to Output Times
 44. Minimum Clock to Output Times
 45. Slow 1200mV 0C Model Metastability Report
 46. Fast 1200mV 0C Model Setup Summary
 47. Fast 1200mV 0C Model Hold Summary
 48. Fast 1200mV 0C Model Recovery Summary
 49. Fast 1200mV 0C Model Removal Summary
 50. Fast 1200mV 0C Model Minimum Pulse Width Summary
 51. Fast 1200mV 0C Model Setup: 'CTR_INCDEC:inst|div_2048:inst5|26'
 52. Fast 1200mV 0C Model Setup: 'clk'
 53. Fast 1200mV 0C Model Setup: 'CTR_INCDEC:inst|div_2048:inst6|26'
 54. Fast 1200mV 0C Model Hold: 'CTR_INCDEC:inst|div_2048:inst5|26'
 55. Fast 1200mV 0C Model Hold: 'clk'
 56. Fast 1200mV 0C Model Hold: 'CTR_INCDEC:inst|div_2048:inst6|26'
 57. Fast 1200mV 0C Model Minimum Pulse Width: 'clk'
 58. Fast 1200mV 0C Model Minimum Pulse Width: 'CTR_INCDEC:inst|div_2048:inst5|26'
 59. Fast 1200mV 0C Model Minimum Pulse Width: 'CTR_INCDEC:inst|div_2048:inst6|26'
 60. Setup Times
 61. Hold Times
 62. Clock to Output Times
 63. Minimum Clock to Output Times
 64. Fast 1200mV 0C Model Metastability Report
 65. Multicorner Timing Analysis Summary
 66. Setup Times
 67. Hold Times
 68. Clock to Output Times
 69. Minimum Clock to Output Times
 70. Board Trace Model Assignments
 71. Input Transition Times
 72. Slow Corner Signal Integrity Metrics
 73. Fast Corner Signal Integrity Metrics
 74. Setup Transfers
 75. Hold Transfers
 76. Report TCCS
 77. Report RSKM
 78. Unconstrained Paths
 79. TimeQuest Timing Analyzer Messages



----------------
; Legal Notice ;
----------------
Copyright (C) 1991-2013 Altera Corporation
Your use of Altera Corporation's design tools, logic functions 
and other software and tools, and its AMPP partner logic 
functions, and any output files from any of the foregoing 
(including device programming or simulation files), and any 
associated documentation or information are expressly subject 
to the terms and conditions of the Altera Program License 
Subscription Agreement, Altera MegaCore Function License 
Agreement, or other applicable license agreement, including, 
without limitation, that your use is for the sole purpose of 
programming logic devices manufactured by Altera and sold by 
Altera or its authorized distributors.  Please refer to the 
applicable agreement for further details.



+-------------------------------------------------------------------------+
; TimeQuest Timing Analyzer Summary                                       ;
+--------------------+----------------------------------------------------+
; Quartus II Version ; Version 13.1.0 Build 162 10/23/2013 SJ Web Edition ;
; Revision Name      ; TAREA2_D                                           ;
; Device Family      ; Cyclone III                                        ;
; Device Name        ; EP3C16F484C6                                       ;
; Timing Models      ; Final                                              ;
; Delay Model        ; Combined                                           ;
; Rise/Fall Delays   ; Enabled                                            ;
+--------------------+----------------------------------------------------+


Parallel compilation was disabled, but you have multiple processors available. Enable parallel compilation to reduce compilation time.
+-------------------------------------+
; Parallel Compilation                ;
+----------------------------+--------+
; Processors                 ; Number ;
+----------------------------+--------+
; Number detected on machine ; 12     ;
; Maximum allowed            ; 1      ;
+----------------------------+--------+


+--------------------------------------------------------------------------------------------------------------------------------------------------------------------------------------------------------------------------------------+
; Clocks                                                                                                                                                                                                                               ;
+-----------------------------------+------+--------+------------+-------+-------+------------+-----------+-------------+-------+--------+-----------+------------+----------+--------+--------+---------------------------------------+
; Clock Name                        ; Type ; Period ; Frequency  ; Rise  ; Fall  ; Duty Cycle ; Divide by ; Multiply by ; Phase ; Offset ; Edge List ; Edge Shift ; Inverted ; Master ; Source ; Targets                               ;
+-----------------------------------+------+--------+------------+-------+-------+------------+-----------+-------------+-------+--------+-----------+------------+----------+--------+--------+---------------------------------------+
; clk                               ; Base ; 1.000  ; 1000.0 MHz ; 0.000 ; 0.500 ;            ;           ;             ;       ;        ;           ;            ;          ;        ;        ; { clk }                               ;
; CTR_INCDEC:inst|div_2048:inst5|26 ; Base ; 1.000  ; 1000.0 MHz ; 0.000 ; 0.500 ;            ;           ;             ;       ;        ;           ;            ;          ;        ;        ; { CTR_INCDEC:inst|div_2048:inst5|26 } ;
; CTR_INCDEC:inst|div_2048:inst6|26 ; Base ; 1.000  ; 1000.0 MHz ; 0.000 ; 0.500 ;            ;           ;             ;       ;        ;           ;            ;          ;        ;        ; { CTR_INCDEC:inst|div_2048:inst6|26 } ;
+-----------------------------------+------+--------+------------+-------+-------+------------+-----------+-------------+-------+--------+-----------+------------+----------+--------+--------+---------------------------------------+


+----------------------------------------------------------------------------------------------------------------------------------+
; Slow 1200mV 85C Model Fmax Summary                                                                                               ;
+------------+-----------------+-----------------------------------+---------------------------------------------------------------+
; Fmax       ; Restricted Fmax ; Clock Name                        ; Note                                                          ;
+------------+-----------------+-----------------------------------+---------------------------------------------------------------+
; 476.64 MHz ; 476.64 MHz      ; CTR_INCDEC:inst|div_2048:inst5|26 ;                                                               ;
; 480.77 MHz ; 250.0 MHz       ; clk                               ; limit due to minimum period restriction (max I/O toggle rate) ;
; 562.11 MHz ; 500.0 MHz       ; CTR_INCDEC:inst|div_2048:inst6|26 ; limit due to minimum period restriction (tmin)                ;
+------------+-----------------+-----------------------------------+---------------------------------------------------------------+
This panel reports FMAX for every clock in the design, regardless of the user-specified clock periods.  FMAX is only computed for paths where the source and destination registers or ports are driven by the same clock.  Paths of different clocks, including generated clocks, are ignored.  For paths between a clock and its inversion, FMAX is computed as if the rising and falling edges are scaled along with FMAX, such that the duty cycle (in terms of a percentage) is maintained. Altera recommends that you always use clock constraints and other slack reports for sign-off analysis.


----------------------------------
; Timing Closure Recommendations ;
----------------------------------
HTML report is unavailable in plain text report export.


+------------------------------------------------------------+
; Slow 1200mV 85C Model Setup Summary                        ;
+-----------------------------------+--------+---------------+
; Clock                             ; Slack  ; End Point TNS ;
+-----------------------------------+--------+---------------+
; CTR_INCDEC:inst|div_2048:inst5|26 ; -1.098 ; -5.838        ;
; clk                               ; -1.080 ; -6.032        ;
; CTR_INCDEC:inst|div_2048:inst6|26 ; -0.779 ; -3.263        ;
+-----------------------------------+--------+---------------+


+------------------------------------------------------------+
; Slow 1200mV 85C Model Hold Summary                         ;
+-----------------------------------+--------+---------------+
; Clock                             ; Slack  ; End Point TNS ;
+-----------------------------------+--------+---------------+
; CTR_INCDEC:inst|div_2048:inst5|26 ; -0.241 ; -0.241        ;
; clk                               ; -0.075 ; -0.075        ;
; CTR_INCDEC:inst|div_2048:inst6|26 ; 0.259  ; 0.000         ;
+-----------------------------------+--------+---------------+


------------------------------------------
; Slow 1200mV 85C Model Recovery Summary ;
------------------------------------------
No paths to report.


-----------------------------------------
; Slow 1200mV 85C Model Removal Summary ;
-----------------------------------------
No paths to report.


+------------------------------------------------------------+
; Slow 1200mV 85C Model Minimum Pulse Width Summary          ;
+-----------------------------------+--------+---------------+
; Clock                             ; Slack  ; End Point TNS ;
+-----------------------------------+--------+---------------+
; clk                               ; -3.000 ; -14.000       ;
; CTR_INCDEC:inst|div_2048:inst5|26 ; -1.000 ; -11.000       ;
; CTR_INCDEC:inst|div_2048:inst6|26 ; -1.000 ; -9.000        ;
+-----------------------------------+--------+---------------+


+-------------------------------------------------------------------------------------------------------------------------------------------------------------------------------------------------+
; Slow 1200mV 85C Model Setup: 'CTR_INCDEC:inst|div_2048:inst5|26'                                                                                                                                ;
+--------+-----------------------------------+-----------------------------------+-----------------------------------+-----------------------------------+--------------+------------+------------+
; Slack  ; From Node                         ; To Node                           ; Launch Clock                      ; Latch Clock                       ; Relationship ; Clock Skew ; Data Delay ;
+--------+-----------------------------------+-----------------------------------+-----------------------------------+-----------------------------------+--------------+------------+------------+
; -1.098 ; CTR_INCDEC:inst|div_2048:inst6|12 ; CTR_INCDEC:inst|div_2048:inst6|26 ; CTR_INCDEC:inst|div_2048:inst5|26 ; CTR_INCDEC:inst|div_2048:inst5|26 ; 1.000        ; -0.061     ; 2.032      ;
; -1.077 ; CTR_INCDEC:inst|div_2048:inst6|22 ; CTR_INCDEC:inst|div_2048:inst6|26 ; CTR_INCDEC:inst|div_2048:inst5|26 ; CTR_INCDEC:inst|div_2048:inst5|26 ; 1.000        ; -0.061     ; 2.011      ;
; -0.980 ; CTR_INCDEC:inst|div_2048:inst6|7  ; CTR_INCDEC:inst|div_2048:inst6|26 ; CTR_INCDEC:inst|div_2048:inst5|26 ; CTR_INCDEC:inst|div_2048:inst5|26 ; 1.000        ; -0.061     ; 1.914      ;
; -0.974 ; CTR_INCDEC:inst|div_2048:inst6|6  ; CTR_INCDEC:inst|div_2048:inst6|26 ; CTR_INCDEC:inst|div_2048:inst5|26 ; CTR_INCDEC:inst|div_2048:inst5|26 ; 1.000        ; -0.061     ; 1.908      ;
; -0.962 ; CTR_INCDEC:inst|div_2048:inst6|13 ; CTR_INCDEC:inst|div_2048:inst6|26 ; CTR_INCDEC:inst|div_2048:inst5|26 ; CTR_INCDEC:inst|div_2048:inst5|26 ; 1.000        ; -0.061     ; 1.896      ;
; -0.858 ; CTR_INCDEC:inst|div_2048:inst6|11 ; CTR_INCDEC:inst|div_2048:inst6|26 ; CTR_INCDEC:inst|div_2048:inst5|26 ; CTR_INCDEC:inst|div_2048:inst5|26 ; 1.000        ; -0.061     ; 1.792      ;
; -0.856 ; CTR_INCDEC:inst|div_2048:inst6|4  ; CTR_INCDEC:inst|div_2048:inst6|26 ; CTR_INCDEC:inst|div_2048:inst5|26 ; CTR_INCDEC:inst|div_2048:inst5|26 ; 1.000        ; -0.061     ; 1.790      ;
; -0.738 ; CTR_INCDEC:inst|div_2048:inst6|5  ; CTR_INCDEC:inst|div_2048:inst6|26 ; CTR_INCDEC:inst|div_2048:inst5|26 ; CTR_INCDEC:inst|div_2048:inst5|26 ; 1.000        ; -0.061     ; 1.672      ;
; -0.707 ; CTR_INCDEC:inst|div_2048:inst6|7  ; CTR_INCDEC:inst|div_2048:inst6|11 ; CTR_INCDEC:inst|div_2048:inst5|26 ; CTR_INCDEC:inst|div_2048:inst5|26 ; 1.000        ; -0.061     ; 1.641      ;
; -0.707 ; CTR_INCDEC:inst|div_2048:inst6|7  ; CTR_INCDEC:inst|div_2048:inst6|12 ; CTR_INCDEC:inst|div_2048:inst5|26 ; CTR_INCDEC:inst|div_2048:inst5|26 ; 1.000        ; -0.061     ; 1.641      ;
; -0.703 ; CTR_INCDEC:inst|div_2048:inst6|7  ; CTR_INCDEC:inst|div_2048:inst6|22 ; CTR_INCDEC:inst|div_2048:inst5|26 ; CTR_INCDEC:inst|div_2048:inst5|26 ; 1.000        ; -0.061     ; 1.637      ;
; -0.701 ; CTR_INCDEC:inst|div_2048:inst6|6  ; CTR_INCDEC:inst|div_2048:inst6|11 ; CTR_INCDEC:inst|div_2048:inst5|26 ; CTR_INCDEC:inst|div_2048:inst5|26 ; 1.000        ; -0.061     ; 1.635      ;
; -0.701 ; CTR_INCDEC:inst|div_2048:inst6|6  ; CTR_INCDEC:inst|div_2048:inst6|12 ; CTR_INCDEC:inst|div_2048:inst5|26 ; CTR_INCDEC:inst|div_2048:inst5|26 ; 1.000        ; -0.061     ; 1.635      ;
; -0.697 ; CTR_INCDEC:inst|div_2048:inst6|6  ; CTR_INCDEC:inst|div_2048:inst6|22 ; CTR_INCDEC:inst|div_2048:inst5|26 ; CTR_INCDEC:inst|div_2048:inst5|26 ; 1.000        ; -0.061     ; 1.631      ;
; -0.694 ; CTR_INCDEC:inst|div_2048:inst6|7  ; CTR_INCDEC:inst|div_2048:inst6|28 ; CTR_INCDEC:inst|div_2048:inst5|26 ; CTR_INCDEC:inst|div_2048:inst5|26 ; 1.000        ; -0.061     ; 1.628      ;
; -0.693 ; CTR_INCDEC:inst|div_2048:inst6|7  ; CTR_INCDEC:inst|div_2048:inst6|23 ; CTR_INCDEC:inst|div_2048:inst5|26 ; CTR_INCDEC:inst|div_2048:inst5|26 ; 1.000        ; -0.061     ; 1.627      ;
; -0.690 ; CTR_INCDEC:inst|div_2048:inst6|7  ; CTR_INCDEC:inst|div_2048:inst6|13 ; CTR_INCDEC:inst|div_2048:inst5|26 ; CTR_INCDEC:inst|div_2048:inst5|26 ; 1.000        ; -0.061     ; 1.624      ;
; -0.688 ; CTR_INCDEC:inst|div_2048:inst6|6  ; CTR_INCDEC:inst|div_2048:inst6|28 ; CTR_INCDEC:inst|div_2048:inst5|26 ; CTR_INCDEC:inst|div_2048:inst5|26 ; 1.000        ; -0.061     ; 1.622      ;
; -0.687 ; CTR_INCDEC:inst|div_2048:inst6|6  ; CTR_INCDEC:inst|div_2048:inst6|23 ; CTR_INCDEC:inst|div_2048:inst5|26 ; CTR_INCDEC:inst|div_2048:inst5|26 ; 1.000        ; -0.061     ; 1.621      ;
; -0.684 ; CTR_INCDEC:inst|div_2048:inst6|6  ; CTR_INCDEC:inst|div_2048:inst6|13 ; CTR_INCDEC:inst|div_2048:inst5|26 ; CTR_INCDEC:inst|div_2048:inst5|26 ; 1.000        ; -0.061     ; 1.618      ;
; -0.643 ; CTR_INCDEC:inst|div_2048:inst6|28 ; CTR_INCDEC:inst|div_2048:inst6|26 ; CTR_INCDEC:inst|div_2048:inst5|26 ; CTR_INCDEC:inst|div_2048:inst5|26 ; 1.000        ; -0.061     ; 1.577      ;
; -0.619 ; CTR_INCDEC:inst|div_2048:inst6|23 ; CTR_INCDEC:inst|div_2048:inst6|26 ; CTR_INCDEC:inst|div_2048:inst5|26 ; CTR_INCDEC:inst|div_2048:inst5|26 ; 1.000        ; -0.061     ; 1.553      ;
; -0.583 ; CTR_INCDEC:inst|div_2048:inst6|4  ; CTR_INCDEC:inst|div_2048:inst6|11 ; CTR_INCDEC:inst|div_2048:inst5|26 ; CTR_INCDEC:inst|div_2048:inst5|26 ; 1.000        ; -0.061     ; 1.517      ;
; -0.583 ; CTR_INCDEC:inst|div_2048:inst6|4  ; CTR_INCDEC:inst|div_2048:inst6|12 ; CTR_INCDEC:inst|div_2048:inst5|26 ; CTR_INCDEC:inst|div_2048:inst5|26 ; 1.000        ; -0.061     ; 1.517      ;
; -0.579 ; CTR_INCDEC:inst|div_2048:inst6|4  ; CTR_INCDEC:inst|div_2048:inst6|22 ; CTR_INCDEC:inst|div_2048:inst5|26 ; CTR_INCDEC:inst|div_2048:inst5|26 ; 1.000        ; -0.061     ; 1.513      ;
; -0.570 ; CTR_INCDEC:inst|div_2048:inst6|4  ; CTR_INCDEC:inst|div_2048:inst6|28 ; CTR_INCDEC:inst|div_2048:inst5|26 ; CTR_INCDEC:inst|div_2048:inst5|26 ; 1.000        ; -0.061     ; 1.504      ;
; -0.569 ; CTR_INCDEC:inst|div_2048:inst6|4  ; CTR_INCDEC:inst|div_2048:inst6|23 ; CTR_INCDEC:inst|div_2048:inst5|26 ; CTR_INCDEC:inst|div_2048:inst5|26 ; 1.000        ; -0.061     ; 1.503      ;
; -0.566 ; CTR_INCDEC:inst|div_2048:inst6|4  ; CTR_INCDEC:inst|div_2048:inst6|13 ; CTR_INCDEC:inst|div_2048:inst5|26 ; CTR_INCDEC:inst|div_2048:inst5|26 ; 1.000        ; -0.061     ; 1.500      ;
; -0.465 ; CTR_INCDEC:inst|div_2048:inst6|5  ; CTR_INCDEC:inst|div_2048:inst6|11 ; CTR_INCDEC:inst|div_2048:inst5|26 ; CTR_INCDEC:inst|div_2048:inst5|26 ; 1.000        ; -0.061     ; 1.399      ;
; -0.465 ; CTR_INCDEC:inst|div_2048:inst6|5  ; CTR_INCDEC:inst|div_2048:inst6|12 ; CTR_INCDEC:inst|div_2048:inst5|26 ; CTR_INCDEC:inst|div_2048:inst5|26 ; 1.000        ; -0.061     ; 1.399      ;
; -0.461 ; CTR_INCDEC:inst|div_2048:inst6|5  ; CTR_INCDEC:inst|div_2048:inst6|22 ; CTR_INCDEC:inst|div_2048:inst5|26 ; CTR_INCDEC:inst|div_2048:inst5|26 ; 1.000        ; -0.061     ; 1.395      ;
; -0.452 ; CTR_INCDEC:inst|div_2048:inst6|5  ; CTR_INCDEC:inst|div_2048:inst6|28 ; CTR_INCDEC:inst|div_2048:inst5|26 ; CTR_INCDEC:inst|div_2048:inst5|26 ; 1.000        ; -0.061     ; 1.386      ;
; -0.451 ; CTR_INCDEC:inst|div_2048:inst6|5  ; CTR_INCDEC:inst|div_2048:inst6|23 ; CTR_INCDEC:inst|div_2048:inst5|26 ; CTR_INCDEC:inst|div_2048:inst5|26 ; 1.000        ; -0.061     ; 1.385      ;
; -0.448 ; CTR_INCDEC:inst|div_2048:inst6|5  ; CTR_INCDEC:inst|div_2048:inst6|13 ; CTR_INCDEC:inst|div_2048:inst5|26 ; CTR_INCDEC:inst|div_2048:inst5|26 ; 1.000        ; -0.061     ; 1.382      ;
; -0.377 ; CTR_INCDEC:inst|div_2048:inst6|22 ; CTR_INCDEC:inst|div_2048:inst6|28 ; CTR_INCDEC:inst|div_2048:inst5|26 ; CTR_INCDEC:inst|div_2048:inst5|26 ; 1.000        ; -0.061     ; 1.311      ;
; -0.376 ; CTR_INCDEC:inst|div_2048:inst6|22 ; CTR_INCDEC:inst|div_2048:inst6|23 ; CTR_INCDEC:inst|div_2048:inst5|26 ; CTR_INCDEC:inst|div_2048:inst5|26 ; 1.000        ; -0.061     ; 1.310      ;
; -0.373 ; CTR_INCDEC:inst|div_2048:inst6|22 ; CTR_INCDEC:inst|div_2048:inst6|13 ; CTR_INCDEC:inst|div_2048:inst5|26 ; CTR_INCDEC:inst|div_2048:inst5|26 ; 1.000        ; -0.061     ; 1.307      ;
; -0.372 ; CTR_INCDEC:inst|div_2048:inst6|5  ; CTR_INCDEC:inst|div_2048:inst6|4  ; CTR_INCDEC:inst|div_2048:inst5|26 ; CTR_INCDEC:inst|div_2048:inst5|26 ; 1.000        ; -0.061     ; 1.306      ;
; -0.364 ; CTR_INCDEC:inst|div_2048:inst6|12 ; CTR_INCDEC:inst|div_2048:inst6|28 ; CTR_INCDEC:inst|div_2048:inst5|26 ; CTR_INCDEC:inst|div_2048:inst5|26 ; 1.000        ; -0.061     ; 1.298      ;
; -0.363 ; CTR_INCDEC:inst|div_2048:inst6|12 ; CTR_INCDEC:inst|div_2048:inst6|23 ; CTR_INCDEC:inst|div_2048:inst5|26 ; CTR_INCDEC:inst|div_2048:inst5|26 ; 1.000        ; -0.061     ; 1.297      ;
; -0.360 ; CTR_INCDEC:inst|div_2048:inst6|12 ; CTR_INCDEC:inst|div_2048:inst6|13 ; CTR_INCDEC:inst|div_2048:inst5|26 ; CTR_INCDEC:inst|div_2048:inst5|26 ; 1.000        ; -0.061     ; 1.294      ;
; -0.353 ; CTR_INCDEC:inst|div_2048:inst6|11 ; CTR_INCDEC:inst|div_2048:inst6|28 ; CTR_INCDEC:inst|div_2048:inst5|26 ; CTR_INCDEC:inst|div_2048:inst5|26 ; 1.000        ; -0.061     ; 1.287      ;
; -0.352 ; CTR_INCDEC:inst|div_2048:inst6|11 ; CTR_INCDEC:inst|div_2048:inst6|23 ; CTR_INCDEC:inst|div_2048:inst5|26 ; CTR_INCDEC:inst|div_2048:inst5|26 ; 1.000        ; -0.061     ; 1.286      ;
; -0.349 ; CTR_INCDEC:inst|div_2048:inst6|11 ; CTR_INCDEC:inst|div_2048:inst6|13 ; CTR_INCDEC:inst|div_2048:inst5|26 ; CTR_INCDEC:inst|div_2048:inst5|26 ; 1.000        ; -0.061     ; 1.283      ;
; -0.176 ; CTR_INCDEC:inst|div_2048:inst6|11 ; CTR_INCDEC:inst|div_2048:inst6|22 ; CTR_INCDEC:inst|div_2048:inst5|26 ; CTR_INCDEC:inst|div_2048:inst5|26 ; 1.000        ; -0.061     ; 1.110      ;
; -0.174 ; CTR_INCDEC:inst|div_2048:inst6|7  ; CTR_INCDEC:inst|div_2048:inst6|5  ; CTR_INCDEC:inst|div_2048:inst5|26 ; CTR_INCDEC:inst|div_2048:inst5|26 ; 1.000        ; -0.061     ; 1.108      ;
; -0.174 ; CTR_INCDEC:inst|div_2048:inst6|7  ; CTR_INCDEC:inst|div_2048:inst6|4  ; CTR_INCDEC:inst|div_2048:inst5|26 ; CTR_INCDEC:inst|div_2048:inst5|26 ; 1.000        ; -0.061     ; 1.108      ;
; -0.171 ; CTR_INCDEC:inst|div_2048:inst6|6  ; CTR_INCDEC:inst|div_2048:inst6|5  ; CTR_INCDEC:inst|div_2048:inst5|26 ; CTR_INCDEC:inst|div_2048:inst5|26 ; 1.000        ; -0.061     ; 1.105      ;
; -0.169 ; CTR_INCDEC:inst|div_2048:inst6|6  ; CTR_INCDEC:inst|div_2048:inst6|4  ; CTR_INCDEC:inst|div_2048:inst5|26 ; CTR_INCDEC:inst|div_2048:inst5|26 ; 1.000        ; -0.061     ; 1.103      ;
; -0.161 ; CTR_INCDEC:inst|div_2048:inst6|12 ; CTR_INCDEC:inst|div_2048:inst6|22 ; CTR_INCDEC:inst|div_2048:inst5|26 ; CTR_INCDEC:inst|div_2048:inst5|26 ; 1.000        ; -0.061     ; 1.095      ;
; -0.160 ; CTR_INCDEC:inst|div_2048:inst6|12 ; CTR_INCDEC:inst|div_2048:inst6|11 ; CTR_INCDEC:inst|div_2048:inst5|26 ; CTR_INCDEC:inst|div_2048:inst5|26 ; 1.000        ; -0.061     ; 1.094      ;
; -0.024 ; CTR_INCDEC:inst|div_2048:inst6|28 ; CTR_INCDEC:inst|div_2048:inst6|13 ; CTR_INCDEC:inst|div_2048:inst5|26 ; CTR_INCDEC:inst|div_2048:inst5|26 ; 1.000        ; -0.061     ; 0.958      ;
; -0.023 ; CTR_INCDEC:inst|div_2048:inst6|28 ; CTR_INCDEC:inst|div_2048:inst6|23 ; CTR_INCDEC:inst|div_2048:inst5|26 ; CTR_INCDEC:inst|div_2048:inst5|26 ; 1.000        ; -0.061     ; 0.957      ;
; -0.009 ; CTR_INCDEC:inst|div_2048:inst6|23 ; CTR_INCDEC:inst|div_2048:inst6|13 ; CTR_INCDEC:inst|div_2048:inst5|26 ; CTR_INCDEC:inst|div_2048:inst5|26 ; 1.000        ; -0.061     ; 0.943      ;
; 0.066  ; CTR_INCDEC:inst|div_2048:inst6|7  ; CTR_INCDEC:inst|div_2048:inst6|6  ; CTR_INCDEC:inst|div_2048:inst5|26 ; CTR_INCDEC:inst|div_2048:inst5|26 ; 1.000        ; -0.061     ; 0.868      ;
; 0.265  ; CTR_INCDEC:inst|div_2048:inst6|26 ; CTR_INCDEC:inst|div_2048:inst6|26 ; CTR_INCDEC:inst|div_2048:inst6|26 ; CTR_INCDEC:inst|div_2048:inst5|26 ; 0.500        ; 2.112      ; 2.541      ;
; 0.275  ; CTR_INCDEC:inst|div_2048:inst6|7  ; CTR_INCDEC:inst|div_2048:inst6|7  ; CTR_INCDEC:inst|div_2048:inst5|26 ; CTR_INCDEC:inst|div_2048:inst5|26 ; 1.000        ; -0.061     ; 0.659      ;
; 0.275  ; CTR_INCDEC:inst|div_2048:inst6|11 ; CTR_INCDEC:inst|div_2048:inst6|11 ; CTR_INCDEC:inst|div_2048:inst5|26 ; CTR_INCDEC:inst|div_2048:inst5|26 ; 1.000        ; -0.061     ; 0.659      ;
; 0.275  ; CTR_INCDEC:inst|div_2048:inst6|12 ; CTR_INCDEC:inst|div_2048:inst6|12 ; CTR_INCDEC:inst|div_2048:inst5|26 ; CTR_INCDEC:inst|div_2048:inst5|26 ; 1.000        ; -0.061     ; 0.659      ;
; 0.275  ; CTR_INCDEC:inst|div_2048:inst6|22 ; CTR_INCDEC:inst|div_2048:inst6|22 ; CTR_INCDEC:inst|div_2048:inst5|26 ; CTR_INCDEC:inst|div_2048:inst5|26 ; 1.000        ; -0.061     ; 0.659      ;
; 0.275  ; CTR_INCDEC:inst|div_2048:inst6|28 ; CTR_INCDEC:inst|div_2048:inst6|28 ; CTR_INCDEC:inst|div_2048:inst5|26 ; CTR_INCDEC:inst|div_2048:inst5|26 ; 1.000        ; -0.061     ; 0.659      ;
; 0.275  ; CTR_INCDEC:inst|div_2048:inst6|23 ; CTR_INCDEC:inst|div_2048:inst6|23 ; CTR_INCDEC:inst|div_2048:inst5|26 ; CTR_INCDEC:inst|div_2048:inst5|26 ; 1.000        ; -0.061     ; 0.659      ;
; 0.275  ; CTR_INCDEC:inst|div_2048:inst6|13 ; CTR_INCDEC:inst|div_2048:inst6|13 ; CTR_INCDEC:inst|div_2048:inst5|26 ; CTR_INCDEC:inst|div_2048:inst5|26 ; 1.000        ; -0.061     ; 0.659      ;
; 0.275  ; CTR_INCDEC:inst|div_2048:inst6|4  ; CTR_INCDEC:inst|div_2048:inst6|4  ; CTR_INCDEC:inst|div_2048:inst5|26 ; CTR_INCDEC:inst|div_2048:inst5|26 ; 1.000        ; -0.061     ; 0.659      ;
; 0.275  ; CTR_INCDEC:inst|div_2048:inst6|5  ; CTR_INCDEC:inst|div_2048:inst6|5  ; CTR_INCDEC:inst|div_2048:inst5|26 ; CTR_INCDEC:inst|div_2048:inst5|26 ; 1.000        ; -0.061     ; 0.659      ;
; 0.275  ; CTR_INCDEC:inst|div_2048:inst6|6  ; CTR_INCDEC:inst|div_2048:inst6|6  ; CTR_INCDEC:inst|div_2048:inst5|26 ; CTR_INCDEC:inst|div_2048:inst5|26 ; 1.000        ; -0.061     ; 0.659      ;
; 0.838  ; CTR_INCDEC:inst|div_2048:inst6|26 ; CTR_INCDEC:inst|div_2048:inst6|26 ; CTR_INCDEC:inst|div_2048:inst6|26 ; CTR_INCDEC:inst|div_2048:inst5|26 ; 1.000        ; 2.112      ; 2.468      ;
+--------+-----------------------------------+-----------------------------------+-----------------------------------+-----------------------------------+--------------+------------+------------+


+---------------------------------------------------------------------------------------------------------------------------------------------------------------------------+
; Slow 1200mV 85C Model Setup: 'clk'                                                                                                                                        ;
+--------+-----------------------------------+-----------------------------------+-----------------------------------+-------------+--------------+------------+------------+
; Slack  ; From Node                         ; To Node                           ; Launch Clock                      ; Latch Clock ; Relationship ; Clock Skew ; Data Delay ;
+--------+-----------------------------------+-----------------------------------+-----------------------------------+-------------+--------------+------------+------------+
; -1.080 ; CTR_INCDEC:inst|div_2048:inst5|22 ; CTR_INCDEC:inst|div_2048:inst5|26 ; clk                               ; clk         ; 1.000        ; -0.061     ; 2.014      ;
; -1.066 ; CTR_INCDEC:inst|div_2048:inst5|13 ; CTR_INCDEC:inst|div_2048:inst5|26 ; clk                               ; clk         ; 1.000        ; -0.061     ; 2.000      ;
; -0.991 ; CTR_INCDEC:inst|div_2048:inst5|12 ; CTR_INCDEC:inst|div_2048:inst5|26 ; clk                               ; clk         ; 1.000        ; -0.061     ; 1.925      ;
; -0.971 ; CTR_INCDEC:inst|div_2048:inst5|7  ; CTR_INCDEC:inst|div_2048:inst5|26 ; clk                               ; clk         ; 1.000        ; -0.061     ; 1.905      ;
; -0.959 ; CTR_INCDEC:inst|div_2048:inst5|4  ; CTR_INCDEC:inst|div_2048:inst5|26 ; clk                               ; clk         ; 1.000        ; -0.061     ; 1.893      ;
; -0.875 ; CTR_INCDEC:inst|div_2048:inst5|6  ; CTR_INCDEC:inst|div_2048:inst5|26 ; clk                               ; clk         ; 1.000        ; -0.061     ; 1.809      ;
; -0.851 ; CTR_INCDEC:inst|div_2048:inst5|11 ; CTR_INCDEC:inst|div_2048:inst5|26 ; clk                               ; clk         ; 1.000        ; -0.061     ; 1.785      ;
; -0.795 ; CTR_INCDEC:inst|div_2048:inst5|7  ; CTR_INCDEC:inst|div_2048:inst5|11 ; clk                               ; clk         ; 1.000        ; -0.061     ; 1.729      ;
; -0.794 ; CTR_INCDEC:inst|div_2048:inst5|7  ; CTR_INCDEC:inst|div_2048:inst5|12 ; clk                               ; clk         ; 1.000        ; -0.061     ; 1.728      ;
; -0.783 ; CTR_INCDEC:inst|div_2048:inst5|4  ; CTR_INCDEC:inst|div_2048:inst5|11 ; clk                               ; clk         ; 1.000        ; -0.061     ; 1.717      ;
; -0.782 ; CTR_INCDEC:inst|div_2048:inst5|4  ; CTR_INCDEC:inst|div_2048:inst5|12 ; clk                               ; clk         ; 1.000        ; -0.061     ; 1.716      ;
; -0.739 ; CTR_INCDEC:inst|div_2048:inst5|7  ; CTR_INCDEC:inst|div_2048:inst5|22 ; clk                               ; clk         ; 1.000        ; -0.061     ; 1.673      ;
; -0.736 ; CTR_INCDEC:inst|div_2048:inst5|5  ; CTR_INCDEC:inst|div_2048:inst5|26 ; clk                               ; clk         ; 1.000        ; -0.061     ; 1.670      ;
; -0.727 ; CTR_INCDEC:inst|div_2048:inst5|4  ; CTR_INCDEC:inst|div_2048:inst5|22 ; clk                               ; clk         ; 1.000        ; -0.061     ; 1.661      ;
; -0.699 ; CTR_INCDEC:inst|div_2048:inst5|6  ; CTR_INCDEC:inst|div_2048:inst5|11 ; clk                               ; clk         ; 1.000        ; -0.061     ; 1.633      ;
; -0.698 ; CTR_INCDEC:inst|div_2048:inst5|6  ; CTR_INCDEC:inst|div_2048:inst5|12 ; clk                               ; clk         ; 1.000        ; -0.061     ; 1.632      ;
; -0.686 ; CTR_INCDEC:inst|div_2048:inst5|7  ; CTR_INCDEC:inst|div_2048:inst5|13 ; clk                               ; clk         ; 1.000        ; -0.061     ; 1.620      ;
; -0.683 ; CTR_INCDEC:inst|div_2048:inst5|7  ; CTR_INCDEC:inst|div_2048:inst5|23 ; clk                               ; clk         ; 1.000        ; -0.061     ; 1.617      ;
; -0.683 ; CTR_INCDEC:inst|div_2048:inst5|7  ; CTR_INCDEC:inst|div_2048:inst5|28 ; clk                               ; clk         ; 1.000        ; -0.061     ; 1.617      ;
; -0.674 ; CTR_INCDEC:inst|div_2048:inst5|4  ; CTR_INCDEC:inst|div_2048:inst5|13 ; clk                               ; clk         ; 1.000        ; -0.061     ; 1.608      ;
; -0.671 ; CTR_INCDEC:inst|div_2048:inst5|4  ; CTR_INCDEC:inst|div_2048:inst5|23 ; clk                               ; clk         ; 1.000        ; -0.061     ; 1.605      ;
; -0.671 ; CTR_INCDEC:inst|div_2048:inst5|4  ; CTR_INCDEC:inst|div_2048:inst5|28 ; clk                               ; clk         ; 1.000        ; -0.061     ; 1.605      ;
; -0.643 ; CTR_INCDEC:inst|div_2048:inst5|6  ; CTR_INCDEC:inst|div_2048:inst5|22 ; clk                               ; clk         ; 1.000        ; -0.061     ; 1.577      ;
; -0.641 ; CTR_INCDEC:inst|div_2048:inst5|28 ; CTR_INCDEC:inst|div_2048:inst5|26 ; clk                               ; clk         ; 1.000        ; -0.061     ; 1.575      ;
; -0.621 ; CTR_INCDEC:inst|div_2048:inst5|23 ; CTR_INCDEC:inst|div_2048:inst5|26 ; clk                               ; clk         ; 1.000        ; -0.061     ; 1.555      ;
; -0.590 ; CTR_INCDEC:inst|div_2048:inst5|6  ; CTR_INCDEC:inst|div_2048:inst5|13 ; clk                               ; clk         ; 1.000        ; -0.061     ; 1.524      ;
; -0.587 ; CTR_INCDEC:inst|div_2048:inst5|6  ; CTR_INCDEC:inst|div_2048:inst5|23 ; clk                               ; clk         ; 1.000        ; -0.061     ; 1.521      ;
; -0.587 ; CTR_INCDEC:inst|div_2048:inst5|6  ; CTR_INCDEC:inst|div_2048:inst5|28 ; clk                               ; clk         ; 1.000        ; -0.061     ; 1.521      ;
; -0.560 ; CTR_INCDEC:inst|div_2048:inst5|5  ; CTR_INCDEC:inst|div_2048:inst5|11 ; clk                               ; clk         ; 1.000        ; -0.061     ; 1.494      ;
; -0.559 ; CTR_INCDEC:inst|div_2048:inst5|5  ; CTR_INCDEC:inst|div_2048:inst5|12 ; clk                               ; clk         ; 1.000        ; -0.061     ; 1.493      ;
; -0.504 ; CTR_INCDEC:inst|div_2048:inst5|5  ; CTR_INCDEC:inst|div_2048:inst5|22 ; clk                               ; clk         ; 1.000        ; -0.061     ; 1.438      ;
; -0.451 ; CTR_INCDEC:inst|div_2048:inst5|5  ; CTR_INCDEC:inst|div_2048:inst5|13 ; clk                               ; clk         ; 1.000        ; -0.061     ; 1.385      ;
; -0.448 ; CTR_INCDEC:inst|div_2048:inst5|5  ; CTR_INCDEC:inst|div_2048:inst5|23 ; clk                               ; clk         ; 1.000        ; -0.061     ; 1.382      ;
; -0.448 ; CTR_INCDEC:inst|div_2048:inst5|5  ; CTR_INCDEC:inst|div_2048:inst5|28 ; clk                               ; clk         ; 1.000        ; -0.061     ; 1.382      ;
; -0.408 ; CTR_INCDEC:inst|div_2048:inst5|5  ; CTR_INCDEC:inst|div_2048:inst5|4  ; clk                               ; clk         ; 1.000        ; -0.061     ; 1.342      ;
; -0.377 ; CTR_INCDEC:inst|div_2048:inst5|22 ; CTR_INCDEC:inst|div_2048:inst5|13 ; clk                               ; clk         ; 1.000        ; -0.061     ; 1.311      ;
; -0.374 ; CTR_INCDEC:inst|div_2048:inst5|22 ; CTR_INCDEC:inst|div_2048:inst5|23 ; clk                               ; clk         ; 1.000        ; -0.061     ; 1.308      ;
; -0.374 ; CTR_INCDEC:inst|div_2048:inst5|22 ; CTR_INCDEC:inst|div_2048:inst5|28 ; clk                               ; clk         ; 1.000        ; -0.061     ; 1.308      ;
; -0.363 ; CTR_INCDEC:inst|div_2048:inst5|12 ; CTR_INCDEC:inst|div_2048:inst5|13 ; clk                               ; clk         ; 1.000        ; -0.061     ; 1.297      ;
; -0.360 ; CTR_INCDEC:inst|div_2048:inst5|12 ; CTR_INCDEC:inst|div_2048:inst5|23 ; clk                               ; clk         ; 1.000        ; -0.061     ; 1.294      ;
; -0.360 ; CTR_INCDEC:inst|div_2048:inst5|12 ; CTR_INCDEC:inst|div_2048:inst5|28 ; clk                               ; clk         ; 1.000        ; -0.061     ; 1.294      ;
; -0.353 ; CTR_INCDEC:inst|div_2048:inst5|11 ; CTR_INCDEC:inst|div_2048:inst5|13 ; clk                               ; clk         ; 1.000        ; -0.061     ; 1.287      ;
; -0.350 ; CTR_INCDEC:inst|div_2048:inst5|11 ; CTR_INCDEC:inst|div_2048:inst5|23 ; clk                               ; clk         ; 1.000        ; -0.061     ; 1.284      ;
; -0.350 ; CTR_INCDEC:inst|div_2048:inst5|11 ; CTR_INCDEC:inst|div_2048:inst5|28 ; clk                               ; clk         ; 1.000        ; -0.061     ; 1.284      ;
; -0.212 ; CTR_INCDEC:inst|div_2048:inst5|12 ; CTR_INCDEC:inst|div_2048:inst5|11 ; clk                               ; clk         ; 1.000        ; -0.061     ; 1.146      ;
; -0.164 ; CTR_INCDEC:inst|div_2048:inst5|6  ; CTR_INCDEC:inst|div_2048:inst5|5  ; clk                               ; clk         ; 1.000        ; -0.061     ; 1.098      ;
; -0.164 ; CTR_INCDEC:inst|div_2048:inst5|7  ; CTR_INCDEC:inst|div_2048:inst5|4  ; clk                               ; clk         ; 1.000        ; -0.061     ; 1.098      ;
; -0.163 ; CTR_INCDEC:inst|div_2048:inst5|12 ; CTR_INCDEC:inst|div_2048:inst5|22 ; clk                               ; clk         ; 1.000        ; -0.061     ; 1.097      ;
; -0.060 ; CTR_INCDEC:inst|div_2048:inst5|26 ; CTR_INCDEC:inst|div_2048:inst5|26 ; CTR_INCDEC:inst|div_2048:inst5|26 ; clk         ; 0.500        ; 2.332      ; 3.076      ;
; -0.026 ; CTR_INCDEC:inst|div_2048:inst5|28 ; CTR_INCDEC:inst|div_2048:inst5|13 ; clk                               ; clk         ; 1.000        ; -0.061     ; 0.960      ;
; -0.023 ; CTR_INCDEC:inst|div_2048:inst5|28 ; CTR_INCDEC:inst|div_2048:inst5|23 ; clk                               ; clk         ; 1.000        ; -0.061     ; 0.957      ;
; -0.011 ; CTR_INCDEC:inst|div_2048:inst5|23 ; CTR_INCDEC:inst|div_2048:inst5|13 ; clk                               ; clk         ; 1.000        ; -0.061     ; 0.945      ;
; 0.074  ; CTR_INCDEC:inst|div_2048:inst5|7  ; CTR_INCDEC:inst|div_2048:inst5|5  ; clk                               ; clk         ; 1.000        ; -0.061     ; 0.860      ;
; 0.076  ; CTR_INCDEC:inst|div_2048:inst5|7  ; CTR_INCDEC:inst|div_2048:inst5|6  ; clk                               ; clk         ; 1.000        ; -0.061     ; 0.858      ;
; 0.080  ; CTR_INCDEC:inst|div_2048:inst5|6  ; CTR_INCDEC:inst|div_2048:inst5|4  ; clk                               ; clk         ; 1.000        ; -0.061     ; 0.854      ;
; 0.091  ; CTR_INCDEC:inst|div_2048:inst5|11 ; CTR_INCDEC:inst|div_2048:inst5|22 ; clk                               ; clk         ; 1.000        ; -0.061     ; 0.843      ;
; 0.275  ; CTR_INCDEC:inst|div_2048:inst5|7  ; CTR_INCDEC:inst|div_2048:inst5|7  ; clk                               ; clk         ; 1.000        ; -0.061     ; 0.659      ;
; 0.275  ; CTR_INCDEC:inst|div_2048:inst5|11 ; CTR_INCDEC:inst|div_2048:inst5|11 ; clk                               ; clk         ; 1.000        ; -0.061     ; 0.659      ;
; 0.275  ; CTR_INCDEC:inst|div_2048:inst5|12 ; CTR_INCDEC:inst|div_2048:inst5|12 ; clk                               ; clk         ; 1.000        ; -0.061     ; 0.659      ;
; 0.275  ; CTR_INCDEC:inst|div_2048:inst5|22 ; CTR_INCDEC:inst|div_2048:inst5|22 ; clk                               ; clk         ; 1.000        ; -0.061     ; 0.659      ;
; 0.275  ; CTR_INCDEC:inst|div_2048:inst5|13 ; CTR_INCDEC:inst|div_2048:inst5|13 ; clk                               ; clk         ; 1.000        ; -0.061     ; 0.659      ;
; 0.275  ; CTR_INCDEC:inst|div_2048:inst5|23 ; CTR_INCDEC:inst|div_2048:inst5|23 ; clk                               ; clk         ; 1.000        ; -0.061     ; 0.659      ;
; 0.275  ; CTR_INCDEC:inst|div_2048:inst5|28 ; CTR_INCDEC:inst|div_2048:inst5|28 ; clk                               ; clk         ; 1.000        ; -0.061     ; 0.659      ;
; 0.275  ; CTR_INCDEC:inst|div_2048:inst5|4  ; CTR_INCDEC:inst|div_2048:inst5|4  ; clk                               ; clk         ; 1.000        ; -0.061     ; 0.659      ;
; 0.275  ; CTR_INCDEC:inst|div_2048:inst5|5  ; CTR_INCDEC:inst|div_2048:inst5|5  ; clk                               ; clk         ; 1.000        ; -0.061     ; 0.659      ;
; 0.275  ; CTR_INCDEC:inst|div_2048:inst5|6  ; CTR_INCDEC:inst|div_2048:inst5|6  ; clk                               ; clk         ; 1.000        ; -0.061     ; 0.659      ;
; 0.631  ; CTR_INCDEC:inst|div_2048:inst5|26 ; CTR_INCDEC:inst|div_2048:inst5|26 ; CTR_INCDEC:inst|div_2048:inst5|26 ; clk         ; 1.000        ; 2.332      ; 2.885      ;
+--------+-----------------------------------+-----------------------------------+-----------------------------------+-------------+--------------+------------+------------+


+-------------------------------------------------------------------------------------------------------------------------------------------------------------------------------------------------------------+
; Slow 1200mV 85C Model Setup: 'CTR_INCDEC:inst|div_2048:inst6|26'                                                                                                                                            ;
+--------+-----------------------------------------+-----------------------------------------+-----------------------------------+-----------------------------------+--------------+------------+------------+
; Slack  ; From Node                               ; To Node                                 ; Launch Clock                      ; Latch Clock                       ; Relationship ; Clock Skew ; Data Delay ;
+--------+-----------------------------------------+-----------------------------------------+-----------------------------------+-----------------------------------+--------------+------------+------------+
; -0.779 ; CTR_INCDEC:inst|CONTADOR_6:inst4|inst22 ; CTR_INCDEC:inst|CONTADOR_6:inst4|inst21 ; CTR_INCDEC:inst|div_2048:inst6|26 ; CTR_INCDEC:inst|div_2048:inst6|26 ; 1.000        ; -0.425     ; 1.349      ;
; -0.695 ; CTR_INCDEC:inst|CTRL_Cont6:inst3|inst2  ; CTR_INCDEC:inst|CONTADOR_6:inst4|inst21 ; CTR_INCDEC:inst|div_2048:inst6|26 ; CTR_INCDEC:inst|div_2048:inst6|26 ; 1.000        ; -0.061     ; 1.629      ;
; -0.660 ; CTR_INCDEC:inst|CTRL_Cont6:inst3|inst2  ; CTR_INCDEC:inst|CONTADOR_6:inst4|inst23 ; CTR_INCDEC:inst|div_2048:inst6|26 ; CTR_INCDEC:inst|div_2048:inst6|26 ; 1.000        ; -0.061     ; 1.594      ;
; -0.660 ; CTR_INCDEC:inst|CTRL_Cont6:inst2|inst2  ; CTR_INCDEC:inst|CONTADOR_6:inst4|inst21 ; CTR_INCDEC:inst|div_2048:inst6|26 ; CTR_INCDEC:inst|div_2048:inst6|26 ; 1.000        ; -0.061     ; 1.594      ;
; -0.583 ; CTR_INCDEC:inst|CTRL_Cont6:inst3|inst2  ; CTR_INCDEC:inst|CONTADOR_6:inst4|inst22 ; CTR_INCDEC:inst|div_2048:inst6|26 ; CTR_INCDEC:inst|div_2048:inst6|26 ; 1.000        ; 0.288      ; 1.866      ;
; -0.571 ; CTR_INCDEC:inst|CTRL_Cont6:inst3|inst1  ; CTR_INCDEC:inst|CONTADOR_6:inst4|inst21 ; CTR_INCDEC:inst|div_2048:inst6|26 ; CTR_INCDEC:inst|div_2048:inst6|26 ; 1.000        ; -0.061     ; 1.505      ;
; -0.554 ; CTR_INCDEC:inst|CTRL_Cont6:inst3|inst1  ; CTR_INCDEC:inst|CONTADOR_6:inst4|inst23 ; CTR_INCDEC:inst|div_2048:inst6|26 ; CTR_INCDEC:inst|div_2048:inst6|26 ; 1.000        ; -0.061     ; 1.488      ;
; -0.518 ; CTR_INCDEC:inst|CTRL_Cont6:inst2|inst1  ; CTR_INCDEC:inst|CONTADOR_6:inst4|inst21 ; CTR_INCDEC:inst|div_2048:inst6|26 ; CTR_INCDEC:inst|div_2048:inst6|26 ; 1.000        ; -0.061     ; 1.452      ;
; -0.472 ; CTR_INCDEC:inst|CTRL_Cont6:inst3|inst1  ; CTR_INCDEC:inst|CONTADOR_6:inst4|inst22 ; CTR_INCDEC:inst|div_2048:inst6|26 ; CTR_INCDEC:inst|div_2048:inst6|26 ; 1.000        ; 0.288      ; 1.755      ;
; -0.460 ; CTR_INCDEC:inst|CTRL_Cont6:inst2|inst2  ; CTR_INCDEC:inst|CTRL_Cont6:inst2|inst1  ; CTR_INCDEC:inst|div_2048:inst6|26 ; CTR_INCDEC:inst|div_2048:inst6|26 ; 1.000        ; -0.061     ; 1.394      ;
; -0.442 ; CTR_INCDEC:inst|CTRL_Cont6:inst3|inst   ; CTR_INCDEC:inst|CONTADOR_6:inst4|inst21 ; CTR_INCDEC:inst|div_2048:inst6|26 ; CTR_INCDEC:inst|div_2048:inst6|26 ; 1.000        ; -0.061     ; 1.376      ;
; -0.439 ; CTR_INCDEC:inst|CONTADOR_6:inst4|inst23 ; CTR_INCDEC:inst|CONTADOR_6:inst4|inst21 ; CTR_INCDEC:inst|div_2048:inst6|26 ; CTR_INCDEC:inst|div_2048:inst6|26 ; 1.000        ; -0.061     ; 1.373      ;
; -0.425 ; CTR_INCDEC:inst|CTRL_Cont6:inst3|inst   ; CTR_INCDEC:inst|CONTADOR_6:inst4|inst23 ; CTR_INCDEC:inst|div_2048:inst6|26 ; CTR_INCDEC:inst|div_2048:inst6|26 ; 1.000        ; -0.061     ; 1.359      ;
; -0.421 ; CTR_INCDEC:inst|CTRL_Cont6:inst2|inst2  ; CTR_INCDEC:inst|CTRL_Cont6:inst2|inst   ; CTR_INCDEC:inst|div_2048:inst6|26 ; CTR_INCDEC:inst|div_2048:inst6|26 ; 1.000        ; -0.061     ; 1.355      ;
; -0.385 ; CTR_INCDEC:inst|CTRL_Cont6:inst2|inst2  ; CTR_INCDEC:inst|CONTADOR_6:inst4|inst23 ; CTR_INCDEC:inst|div_2048:inst6|26 ; CTR_INCDEC:inst|div_2048:inst6|26 ; 1.000        ; -0.061     ; 1.319      ;
; -0.380 ; CTR_INCDEC:inst|CTRL_Cont6:inst2|inst   ; CTR_INCDEC:inst|CONTADOR_6:inst4|inst21 ; CTR_INCDEC:inst|div_2048:inst6|26 ; CTR_INCDEC:inst|div_2048:inst6|26 ; 1.000        ; -0.061     ; 1.314      ;
; -0.374 ; CTR_INCDEC:inst|CONTADOR_6:inst4|inst21 ; CTR_INCDEC:inst|CONTADOR_6:inst4|inst21 ; CTR_INCDEC:inst|div_2048:inst6|26 ; CTR_INCDEC:inst|div_2048:inst6|26 ; 1.000        ; -0.061     ; 1.308      ;
; -0.343 ; CTR_INCDEC:inst|CTRL_Cont6:inst3|inst   ; CTR_INCDEC:inst|CONTADOR_6:inst4|inst22 ; CTR_INCDEC:inst|div_2048:inst6|26 ; CTR_INCDEC:inst|div_2048:inst6|26 ; 1.000        ; 0.288      ; 1.626      ;
; -0.340 ; CTR_INCDEC:inst|CTRL_Cont6:inst2|inst2  ; CTR_INCDEC:inst|CONTADOR_6:inst4|inst22 ; CTR_INCDEC:inst|div_2048:inst6|26 ; CTR_INCDEC:inst|div_2048:inst6|26 ; 1.000        ; 0.288      ; 1.623      ;
; -0.250 ; CTR_INCDEC:inst|CTRL_Cont6:inst2|inst1  ; CTR_INCDEC:inst|CONTADOR_6:inst4|inst23 ; CTR_INCDEC:inst|div_2048:inst6|26 ; CTR_INCDEC:inst|div_2048:inst6|26 ; 1.000        ; -0.061     ; 1.184      ;
; -0.220 ; CTR_INCDEC:inst|CTRL_Cont6:inst2|inst1  ; CTR_INCDEC:inst|CTRL_Cont6:inst2|inst   ; CTR_INCDEC:inst|div_2048:inst6|26 ; CTR_INCDEC:inst|div_2048:inst6|26 ; 1.000        ; -0.061     ; 1.154      ;
; -0.209 ; CTR_INCDEC:inst|CTRL_Cont6:inst2|inst   ; CTR_INCDEC:inst|CTRL_Cont6:inst2|inst2  ; CTR_INCDEC:inst|div_2048:inst6|26 ; CTR_INCDEC:inst|div_2048:inst6|26 ; 1.000        ; -0.061     ; 1.143      ;
; -0.209 ; CTR_INCDEC:inst|CTRL_Cont6:inst2|inst1  ; CTR_INCDEC:inst|CONTADOR_6:inst4|inst22 ; CTR_INCDEC:inst|div_2048:inst6|26 ; CTR_INCDEC:inst|div_2048:inst6|26 ; 1.000        ; 0.288      ; 1.492      ;
; -0.207 ; CTR_INCDEC:inst|CTRL_Cont6:inst2|inst1  ; CTR_INCDEC:inst|CTRL_Cont6:inst2|inst2  ; CTR_INCDEC:inst|div_2048:inst6|26 ; CTR_INCDEC:inst|div_2048:inst6|26 ; 1.000        ; -0.061     ; 1.141      ;
; -0.162 ; CTR_INCDEC:inst|CTRL_Cont6:inst2|inst   ; CTR_INCDEC:inst|CTRL_Cont6:inst2|inst1  ; CTR_INCDEC:inst|div_2048:inst6|26 ; CTR_INCDEC:inst|div_2048:inst6|26 ; 1.000        ; -0.061     ; 1.096      ;
; -0.151 ; CTR_INCDEC:inst|CTRL_Cont6:inst3|inst   ; CTR_INCDEC:inst|CTRL_Cont6:inst3|inst1  ; CTR_INCDEC:inst|div_2048:inst6|26 ; CTR_INCDEC:inst|div_2048:inst6|26 ; 1.000        ; -0.061     ; 1.085      ;
; -0.112 ; CTR_INCDEC:inst|CTRL_Cont6:inst2|inst   ; CTR_INCDEC:inst|CONTADOR_6:inst4|inst23 ; CTR_INCDEC:inst|div_2048:inst6|26 ; CTR_INCDEC:inst|div_2048:inst6|26 ; 1.000        ; -0.061     ; 1.046      ;
; -0.071 ; CTR_INCDEC:inst|CTRL_Cont6:inst2|inst   ; CTR_INCDEC:inst|CONTADOR_6:inst4|inst22 ; CTR_INCDEC:inst|div_2048:inst6|26 ; CTR_INCDEC:inst|div_2048:inst6|26 ; 1.000        ; 0.288      ; 1.354      ;
; -0.066 ; CTR_INCDEC:inst|CONTADOR_6:inst4|inst23 ; CTR_INCDEC:inst|CONTADOR_6:inst4|inst22 ; CTR_INCDEC:inst|div_2048:inst6|26 ; CTR_INCDEC:inst|div_2048:inst6|26 ; 1.000        ; 0.288      ; 1.349      ;
; 0.011  ; CTR_INCDEC:inst|CTRL_Cont6:inst3|inst1  ; CTR_INCDEC:inst|CTRL_Cont6:inst3|inst   ; CTR_INCDEC:inst|div_2048:inst6|26 ; CTR_INCDEC:inst|div_2048:inst6|26 ; 1.000        ; -0.061     ; 0.923      ;
; 0.011  ; CTR_INCDEC:inst|CTRL_Cont6:inst3|inst1  ; CTR_INCDEC:inst|CTRL_Cont6:inst3|inst2  ; CTR_INCDEC:inst|div_2048:inst6|26 ; CTR_INCDEC:inst|div_2048:inst6|26 ; 1.000        ; -0.061     ; 0.923      ;
; 0.085  ; CTR_INCDEC:inst|CTRL_Cont6:inst3|inst2  ; CTR_INCDEC:inst|CTRL_Cont6:inst3|inst1  ; CTR_INCDEC:inst|div_2048:inst6|26 ; CTR_INCDEC:inst|div_2048:inst6|26 ; 1.000        ; -0.061     ; 0.849      ;
; 0.087  ; CTR_INCDEC:inst|CTRL_Cont6:inst3|inst2  ; CTR_INCDEC:inst|CTRL_Cont6:inst3|inst   ; CTR_INCDEC:inst|div_2048:inst6|26 ; CTR_INCDEC:inst|div_2048:inst6|26 ; 1.000        ; -0.061     ; 0.847      ;
; 0.183  ; CTR_INCDEC:inst|CONTADOR_6:inst4|inst21 ; CTR_INCDEC:inst|CONTADOR_6:inst4|inst22 ; CTR_INCDEC:inst|div_2048:inst6|26 ; CTR_INCDEC:inst|div_2048:inst6|26 ; 1.000        ; 0.288      ; 1.100      ;
; 0.213  ; CTR_INCDEC:inst|CTRL_Cont6:inst3|inst   ; CTR_INCDEC:inst|CTRL_Cont6:inst3|inst2  ; CTR_INCDEC:inst|div_2048:inst6|26 ; CTR_INCDEC:inst|div_2048:inst6|26 ; 1.000        ; -0.061     ; 0.721      ;
; 0.260  ; CTR_INCDEC:inst|CONTADOR_6:inst4|inst22 ; CTR_INCDEC:inst|CONTADOR_6:inst4|inst22 ; CTR_INCDEC:inst|div_2048:inst6|26 ; CTR_INCDEC:inst|div_2048:inst6|26 ; 1.000        ; -0.076     ; 0.659      ;
; 0.275  ; CTR_INCDEC:inst|CONTADOR_6:inst4|inst23 ; CTR_INCDEC:inst|CONTADOR_6:inst4|inst23 ; CTR_INCDEC:inst|div_2048:inst6|26 ; CTR_INCDEC:inst|div_2048:inst6|26 ; 1.000        ; -0.061     ; 0.659      ;
; 0.275  ; CTR_INCDEC:inst|CTRL_Cont6:inst2|inst1  ; CTR_INCDEC:inst|CTRL_Cont6:inst2|inst1  ; CTR_INCDEC:inst|div_2048:inst6|26 ; CTR_INCDEC:inst|div_2048:inst6|26 ; 1.000        ; -0.061     ; 0.659      ;
; 0.275  ; CTR_INCDEC:inst|CTRL_Cont6:inst2|inst2  ; CTR_INCDEC:inst|CTRL_Cont6:inst2|inst2  ; CTR_INCDEC:inst|div_2048:inst6|26 ; CTR_INCDEC:inst|div_2048:inst6|26 ; 1.000        ; -0.061     ; 0.659      ;
; 0.275  ; CTR_INCDEC:inst|CTRL_Cont6:inst3|inst1  ; CTR_INCDEC:inst|CTRL_Cont6:inst3|inst1  ; CTR_INCDEC:inst|div_2048:inst6|26 ; CTR_INCDEC:inst|div_2048:inst6|26 ; 1.000        ; -0.061     ; 0.659      ;
; 0.275  ; CTR_INCDEC:inst|CTRL_Cont6:inst3|inst2  ; CTR_INCDEC:inst|CTRL_Cont6:inst3|inst2  ; CTR_INCDEC:inst|div_2048:inst6|26 ; CTR_INCDEC:inst|div_2048:inst6|26 ; 1.000        ; -0.061     ; 0.659      ;
; 0.297  ; CTR_INCDEC:inst|CTRL_Cont6:inst2|inst   ; CTR_INCDEC:inst|CTRL_Cont6:inst2|inst   ; CTR_INCDEC:inst|div_2048:inst6|26 ; CTR_INCDEC:inst|div_2048:inst6|26 ; 1.000        ; -0.061     ; 0.637      ;
; 0.297  ; CTR_INCDEC:inst|CTRL_Cont6:inst3|inst   ; CTR_INCDEC:inst|CTRL_Cont6:inst3|inst   ; CTR_INCDEC:inst|div_2048:inst6|26 ; CTR_INCDEC:inst|div_2048:inst6|26 ; 1.000        ; -0.061     ; 0.637      ;
+--------+-----------------------------------------+-----------------------------------------+-----------------------------------+-----------------------------------+--------------+------------+------------+


+-------------------------------------------------------------------------------------------------------------------------------------------------------------------------------------------------+
; Slow 1200mV 85C Model Hold: 'CTR_INCDEC:inst|div_2048:inst5|26'                                                                                                                                 ;
+--------+-----------------------------------+-----------------------------------+-----------------------------------+-----------------------------------+--------------+------------+------------+
; Slack  ; From Node                         ; To Node                           ; Launch Clock                      ; Latch Clock                       ; Relationship ; Clock Skew ; Data Delay ;
+--------+-----------------------------------+-----------------------------------+-----------------------------------+-----------------------------------+--------------+------------+------------+
; -0.241 ; CTR_INCDEC:inst|div_2048:inst6|26 ; CTR_INCDEC:inst|div_2048:inst6|26 ; CTR_INCDEC:inst|div_2048:inst6|26 ; CTR_INCDEC:inst|div_2048:inst5|26 ; 0.000        ; 2.219      ; 2.354      ;
; 0.298  ; CTR_INCDEC:inst|div_2048:inst6|26 ; CTR_INCDEC:inst|div_2048:inst6|26 ; CTR_INCDEC:inst|div_2048:inst6|26 ; CTR_INCDEC:inst|div_2048:inst5|26 ; -0.500       ; 2.219      ; 2.393      ;
; 0.359  ; CTR_INCDEC:inst|div_2048:inst6|13 ; CTR_INCDEC:inst|div_2048:inst6|13 ; CTR_INCDEC:inst|div_2048:inst5|26 ; CTR_INCDEC:inst|div_2048:inst5|26 ; 0.000        ; 0.061      ; 0.577      ;
; 0.359  ; CTR_INCDEC:inst|div_2048:inst6|23 ; CTR_INCDEC:inst|div_2048:inst6|23 ; CTR_INCDEC:inst|div_2048:inst5|26 ; CTR_INCDEC:inst|div_2048:inst5|26 ; 0.000        ; 0.061      ; 0.577      ;
; 0.359  ; CTR_INCDEC:inst|div_2048:inst6|28 ; CTR_INCDEC:inst|div_2048:inst6|28 ; CTR_INCDEC:inst|div_2048:inst5|26 ; CTR_INCDEC:inst|div_2048:inst5|26 ; 0.000        ; 0.061      ; 0.577      ;
; 0.359  ; CTR_INCDEC:inst|div_2048:inst6|22 ; CTR_INCDEC:inst|div_2048:inst6|22 ; CTR_INCDEC:inst|div_2048:inst5|26 ; CTR_INCDEC:inst|div_2048:inst5|26 ; 0.000        ; 0.061      ; 0.577      ;
; 0.359  ; CTR_INCDEC:inst|div_2048:inst6|11 ; CTR_INCDEC:inst|div_2048:inst6|11 ; CTR_INCDEC:inst|div_2048:inst5|26 ; CTR_INCDEC:inst|div_2048:inst5|26 ; 0.000        ; 0.061      ; 0.577      ;
; 0.359  ; CTR_INCDEC:inst|div_2048:inst6|12 ; CTR_INCDEC:inst|div_2048:inst6|12 ; CTR_INCDEC:inst|div_2048:inst5|26 ; CTR_INCDEC:inst|div_2048:inst5|26 ; 0.000        ; 0.061      ; 0.577      ;
; 0.359  ; CTR_INCDEC:inst|div_2048:inst6|4  ; CTR_INCDEC:inst|div_2048:inst6|4  ; CTR_INCDEC:inst|div_2048:inst5|26 ; CTR_INCDEC:inst|div_2048:inst5|26 ; 0.000        ; 0.061      ; 0.577      ;
; 0.359  ; CTR_INCDEC:inst|div_2048:inst6|5  ; CTR_INCDEC:inst|div_2048:inst6|5  ; CTR_INCDEC:inst|div_2048:inst5|26 ; CTR_INCDEC:inst|div_2048:inst5|26 ; 0.000        ; 0.061      ; 0.577      ;
; 0.359  ; CTR_INCDEC:inst|div_2048:inst6|6  ; CTR_INCDEC:inst|div_2048:inst6|6  ; CTR_INCDEC:inst|div_2048:inst5|26 ; CTR_INCDEC:inst|div_2048:inst5|26 ; 0.000        ; 0.061      ; 0.577      ;
; 0.362  ; CTR_INCDEC:inst|div_2048:inst6|7  ; CTR_INCDEC:inst|div_2048:inst6|7  ; CTR_INCDEC:inst|div_2048:inst5|26 ; CTR_INCDEC:inst|div_2048:inst5|26 ; 0.000        ; 0.061      ; 0.580      ;
; 0.548  ; CTR_INCDEC:inst|div_2048:inst6|7  ; CTR_INCDEC:inst|div_2048:inst6|6  ; CTR_INCDEC:inst|div_2048:inst5|26 ; CTR_INCDEC:inst|div_2048:inst5|26 ; 0.000        ; 0.061      ; 0.766      ;
; 0.562  ; CTR_INCDEC:inst|div_2048:inst6|23 ; CTR_INCDEC:inst|div_2048:inst6|13 ; CTR_INCDEC:inst|div_2048:inst5|26 ; CTR_INCDEC:inst|div_2048:inst5|26 ; 0.000        ; 0.061      ; 0.780      ;
; 0.568  ; CTR_INCDEC:inst|div_2048:inst6|28 ; CTR_INCDEC:inst|div_2048:inst6|13 ; CTR_INCDEC:inst|div_2048:inst5|26 ; CTR_INCDEC:inst|div_2048:inst5|26 ; 0.000        ; 0.061      ; 0.786      ;
; 0.569  ; CTR_INCDEC:inst|div_2048:inst6|28 ; CTR_INCDEC:inst|div_2048:inst6|23 ; CTR_INCDEC:inst|div_2048:inst5|26 ; CTR_INCDEC:inst|div_2048:inst5|26 ; 0.000        ; 0.061      ; 0.787      ;
; 0.718  ; CTR_INCDEC:inst|div_2048:inst6|12 ; CTR_INCDEC:inst|div_2048:inst6|22 ; CTR_INCDEC:inst|div_2048:inst5|26 ; CTR_INCDEC:inst|div_2048:inst5|26 ; 0.000        ; 0.061      ; 0.936      ;
; 0.718  ; CTR_INCDEC:inst|div_2048:inst6|12 ; CTR_INCDEC:inst|div_2048:inst6|11 ; CTR_INCDEC:inst|div_2048:inst5|26 ; CTR_INCDEC:inst|div_2048:inst5|26 ; 0.000        ; 0.061      ; 0.936      ;
; 0.730  ; CTR_INCDEC:inst|div_2048:inst6|7  ; CTR_INCDEC:inst|div_2048:inst6|5  ; CTR_INCDEC:inst|div_2048:inst5|26 ; CTR_INCDEC:inst|div_2048:inst5|26 ; 0.000        ; 0.061      ; 0.948      ;
; 0.732  ; CTR_INCDEC:inst|div_2048:inst6|7  ; CTR_INCDEC:inst|div_2048:inst6|4  ; CTR_INCDEC:inst|div_2048:inst5|26 ; CTR_INCDEC:inst|div_2048:inst5|26 ; 0.000        ; 0.061      ; 0.950      ;
; 0.747  ; CTR_INCDEC:inst|div_2048:inst6|11 ; CTR_INCDEC:inst|div_2048:inst6|22 ; CTR_INCDEC:inst|div_2048:inst5|26 ; CTR_INCDEC:inst|div_2048:inst5|26 ; 0.000        ; 0.061      ; 0.965      ;
; 0.778  ; CTR_INCDEC:inst|div_2048:inst6|6  ; CTR_INCDEC:inst|div_2048:inst6|4  ; CTR_INCDEC:inst|div_2048:inst5|26 ; CTR_INCDEC:inst|div_2048:inst5|26 ; 0.000        ; 0.061      ; 0.996      ;
; 0.779  ; CTR_INCDEC:inst|div_2048:inst6|6  ; CTR_INCDEC:inst|div_2048:inst6|5  ; CTR_INCDEC:inst|div_2048:inst5|26 ; CTR_INCDEC:inst|div_2048:inst5|26 ; 0.000        ; 0.061      ; 0.997      ;
; 0.883  ; CTR_INCDEC:inst|div_2048:inst6|12 ; CTR_INCDEC:inst|div_2048:inst6|13 ; CTR_INCDEC:inst|div_2048:inst5|26 ; CTR_INCDEC:inst|div_2048:inst5|26 ; 0.000        ; 0.061      ; 1.101      ;
; 0.885  ; CTR_INCDEC:inst|div_2048:inst6|12 ; CTR_INCDEC:inst|div_2048:inst6|23 ; CTR_INCDEC:inst|div_2048:inst5|26 ; CTR_INCDEC:inst|div_2048:inst5|26 ; 0.000        ; 0.061      ; 1.103      ;
; 0.885  ; CTR_INCDEC:inst|div_2048:inst6|12 ; CTR_INCDEC:inst|div_2048:inst6|28 ; CTR_INCDEC:inst|div_2048:inst5|26 ; CTR_INCDEC:inst|div_2048:inst5|26 ; 0.000        ; 0.061      ; 1.103      ;
; 0.885  ; CTR_INCDEC:inst|div_2048:inst6|11 ; CTR_INCDEC:inst|div_2048:inst6|13 ; CTR_INCDEC:inst|div_2048:inst5|26 ; CTR_INCDEC:inst|div_2048:inst5|26 ; 0.000        ; 0.061      ; 1.103      ;
; 0.887  ; CTR_INCDEC:inst|div_2048:inst6|11 ; CTR_INCDEC:inst|div_2048:inst6|23 ; CTR_INCDEC:inst|div_2048:inst5|26 ; CTR_INCDEC:inst|div_2048:inst5|26 ; 0.000        ; 0.061      ; 1.105      ;
; 0.887  ; CTR_INCDEC:inst|div_2048:inst6|11 ; CTR_INCDEC:inst|div_2048:inst6|28 ; CTR_INCDEC:inst|div_2048:inst5|26 ; CTR_INCDEC:inst|div_2048:inst5|26 ; 0.000        ; 0.061      ; 1.105      ;
; 0.933  ; CTR_INCDEC:inst|div_2048:inst6|5  ; CTR_INCDEC:inst|div_2048:inst6|4  ; CTR_INCDEC:inst|div_2048:inst5|26 ; CTR_INCDEC:inst|div_2048:inst5|26 ; 0.000        ; 0.061      ; 1.151      ;
; 0.940  ; CTR_INCDEC:inst|div_2048:inst6|22 ; CTR_INCDEC:inst|div_2048:inst6|13 ; CTR_INCDEC:inst|div_2048:inst5|26 ; CTR_INCDEC:inst|div_2048:inst5|26 ; 0.000        ; 0.061      ; 1.158      ;
; 0.942  ; CTR_INCDEC:inst|div_2048:inst6|22 ; CTR_INCDEC:inst|div_2048:inst6|23 ; CTR_INCDEC:inst|div_2048:inst5|26 ; CTR_INCDEC:inst|div_2048:inst5|26 ; 0.000        ; 0.061      ; 1.160      ;
; 0.942  ; CTR_INCDEC:inst|div_2048:inst6|22 ; CTR_INCDEC:inst|div_2048:inst6|28 ; CTR_INCDEC:inst|div_2048:inst5|26 ; CTR_INCDEC:inst|div_2048:inst5|26 ; 0.000        ; 0.061      ; 1.160      ;
; 1.018  ; CTR_INCDEC:inst|div_2048:inst6|5  ; CTR_INCDEC:inst|div_2048:inst6|13 ; CTR_INCDEC:inst|div_2048:inst5|26 ; CTR_INCDEC:inst|div_2048:inst5|26 ; 0.000        ; 0.061      ; 1.236      ;
; 1.020  ; CTR_INCDEC:inst|div_2048:inst6|5  ; CTR_INCDEC:inst|div_2048:inst6|23 ; CTR_INCDEC:inst|div_2048:inst5|26 ; CTR_INCDEC:inst|div_2048:inst5|26 ; 0.000        ; 0.061      ; 1.238      ;
; 1.020  ; CTR_INCDEC:inst|div_2048:inst6|5  ; CTR_INCDEC:inst|div_2048:inst6|28 ; CTR_INCDEC:inst|div_2048:inst5|26 ; CTR_INCDEC:inst|div_2048:inst5|26 ; 0.000        ; 0.061      ; 1.238      ;
; 1.055  ; CTR_INCDEC:inst|div_2048:inst6|5  ; CTR_INCDEC:inst|div_2048:inst6|12 ; CTR_INCDEC:inst|div_2048:inst5|26 ; CTR_INCDEC:inst|div_2048:inst5|26 ; 0.000        ; 0.061      ; 1.273      ;
; 1.056  ; CTR_INCDEC:inst|div_2048:inst6|5  ; CTR_INCDEC:inst|div_2048:inst6|22 ; CTR_INCDEC:inst|div_2048:inst5|26 ; CTR_INCDEC:inst|div_2048:inst5|26 ; 0.000        ; 0.061      ; 1.274      ;
; 1.058  ; CTR_INCDEC:inst|div_2048:inst6|5  ; CTR_INCDEC:inst|div_2048:inst6|11 ; CTR_INCDEC:inst|div_2048:inst5|26 ; CTR_INCDEC:inst|div_2048:inst5|26 ; 0.000        ; 0.061      ; 1.276      ;
; 1.104  ; CTR_INCDEC:inst|div_2048:inst6|4  ; CTR_INCDEC:inst|div_2048:inst6|13 ; CTR_INCDEC:inst|div_2048:inst5|26 ; CTR_INCDEC:inst|div_2048:inst5|26 ; 0.000        ; 0.061      ; 1.322      ;
; 1.106  ; CTR_INCDEC:inst|div_2048:inst6|4  ; CTR_INCDEC:inst|div_2048:inst6|23 ; CTR_INCDEC:inst|div_2048:inst5|26 ; CTR_INCDEC:inst|div_2048:inst5|26 ; 0.000        ; 0.061      ; 1.324      ;
; 1.106  ; CTR_INCDEC:inst|div_2048:inst6|4  ; CTR_INCDEC:inst|div_2048:inst6|28 ; CTR_INCDEC:inst|div_2048:inst5|26 ; CTR_INCDEC:inst|div_2048:inst5|26 ; 0.000        ; 0.061      ; 1.324      ;
; 1.141  ; CTR_INCDEC:inst|div_2048:inst6|4  ; CTR_INCDEC:inst|div_2048:inst6|12 ; CTR_INCDEC:inst|div_2048:inst5|26 ; CTR_INCDEC:inst|div_2048:inst5|26 ; 0.000        ; 0.061      ; 1.359      ;
; 1.142  ; CTR_INCDEC:inst|div_2048:inst6|4  ; CTR_INCDEC:inst|div_2048:inst6|22 ; CTR_INCDEC:inst|div_2048:inst5|26 ; CTR_INCDEC:inst|div_2048:inst5|26 ; 0.000        ; 0.061      ; 1.360      ;
; 1.144  ; CTR_INCDEC:inst|div_2048:inst6|4  ; CTR_INCDEC:inst|div_2048:inst6|11 ; CTR_INCDEC:inst|div_2048:inst5|26 ; CTR_INCDEC:inst|div_2048:inst5|26 ; 0.000        ; 0.061      ; 1.362      ;
; 1.149  ; CTR_INCDEC:inst|div_2048:inst6|23 ; CTR_INCDEC:inst|div_2048:inst6|26 ; CTR_INCDEC:inst|div_2048:inst5|26 ; CTR_INCDEC:inst|div_2048:inst5|26 ; 0.000        ; 0.061      ; 1.367      ;
; 1.154  ; CTR_INCDEC:inst|div_2048:inst6|28 ; CTR_INCDEC:inst|div_2048:inst6|26 ; CTR_INCDEC:inst|div_2048:inst5|26 ; CTR_INCDEC:inst|div_2048:inst5|26 ; 0.000        ; 0.061      ; 1.372      ;
; 1.196  ; CTR_INCDEC:inst|div_2048:inst6|7  ; CTR_INCDEC:inst|div_2048:inst6|13 ; CTR_INCDEC:inst|div_2048:inst5|26 ; CTR_INCDEC:inst|div_2048:inst5|26 ; 0.000        ; 0.061      ; 1.414      ;
; 1.198  ; CTR_INCDEC:inst|div_2048:inst6|7  ; CTR_INCDEC:inst|div_2048:inst6|23 ; CTR_INCDEC:inst|div_2048:inst5|26 ; CTR_INCDEC:inst|div_2048:inst5|26 ; 0.000        ; 0.061      ; 1.416      ;
; 1.198  ; CTR_INCDEC:inst|div_2048:inst6|7  ; CTR_INCDEC:inst|div_2048:inst6|28 ; CTR_INCDEC:inst|div_2048:inst5|26 ; CTR_INCDEC:inst|div_2048:inst5|26 ; 0.000        ; 0.061      ; 1.416      ;
; 1.201  ; CTR_INCDEC:inst|div_2048:inst6|6  ; CTR_INCDEC:inst|div_2048:inst6|13 ; CTR_INCDEC:inst|div_2048:inst5|26 ; CTR_INCDEC:inst|div_2048:inst5|26 ; 0.000        ; 0.061      ; 1.419      ;
; 1.203  ; CTR_INCDEC:inst|div_2048:inst6|6  ; CTR_INCDEC:inst|div_2048:inst6|23 ; CTR_INCDEC:inst|div_2048:inst5|26 ; CTR_INCDEC:inst|div_2048:inst5|26 ; 0.000        ; 0.061      ; 1.421      ;
; 1.203  ; CTR_INCDEC:inst|div_2048:inst6|6  ; CTR_INCDEC:inst|div_2048:inst6|28 ; CTR_INCDEC:inst|div_2048:inst5|26 ; CTR_INCDEC:inst|div_2048:inst5|26 ; 0.000        ; 0.061      ; 1.421      ;
; 1.233  ; CTR_INCDEC:inst|div_2048:inst6|7  ; CTR_INCDEC:inst|div_2048:inst6|12 ; CTR_INCDEC:inst|div_2048:inst5|26 ; CTR_INCDEC:inst|div_2048:inst5|26 ; 0.000        ; 0.061      ; 1.451      ;
; 1.234  ; CTR_INCDEC:inst|div_2048:inst6|7  ; CTR_INCDEC:inst|div_2048:inst6|22 ; CTR_INCDEC:inst|div_2048:inst5|26 ; CTR_INCDEC:inst|div_2048:inst5|26 ; 0.000        ; 0.061      ; 1.452      ;
; 1.236  ; CTR_INCDEC:inst|div_2048:inst6|7  ; CTR_INCDEC:inst|div_2048:inst6|11 ; CTR_INCDEC:inst|div_2048:inst5|26 ; CTR_INCDEC:inst|div_2048:inst5|26 ; 0.000        ; 0.061      ; 1.454      ;
; 1.238  ; CTR_INCDEC:inst|div_2048:inst6|6  ; CTR_INCDEC:inst|div_2048:inst6|12 ; CTR_INCDEC:inst|div_2048:inst5|26 ; CTR_INCDEC:inst|div_2048:inst5|26 ; 0.000        ; 0.061      ; 1.456      ;
; 1.239  ; CTR_INCDEC:inst|div_2048:inst6|6  ; CTR_INCDEC:inst|div_2048:inst6|22 ; CTR_INCDEC:inst|div_2048:inst5|26 ; CTR_INCDEC:inst|div_2048:inst5|26 ; 0.000        ; 0.061      ; 1.457      ;
; 1.241  ; CTR_INCDEC:inst|div_2048:inst6|6  ; CTR_INCDEC:inst|div_2048:inst6|11 ; CTR_INCDEC:inst|div_2048:inst5|26 ; CTR_INCDEC:inst|div_2048:inst5|26 ; 0.000        ; 0.061      ; 1.459      ;
; 1.300  ; CTR_INCDEC:inst|div_2048:inst6|5  ; CTR_INCDEC:inst|div_2048:inst6|26 ; CTR_INCDEC:inst|div_2048:inst5|26 ; CTR_INCDEC:inst|div_2048:inst5|26 ; 0.000        ; 0.061      ; 1.518      ;
; 1.385  ; CTR_INCDEC:inst|div_2048:inst6|11 ; CTR_INCDEC:inst|div_2048:inst6|26 ; CTR_INCDEC:inst|div_2048:inst5|26 ; CTR_INCDEC:inst|div_2048:inst5|26 ; 0.000        ; 0.061      ; 1.603      ;
; 1.386  ; CTR_INCDEC:inst|div_2048:inst6|4  ; CTR_INCDEC:inst|div_2048:inst6|26 ; CTR_INCDEC:inst|div_2048:inst5|26 ; CTR_INCDEC:inst|div_2048:inst5|26 ; 0.000        ; 0.061      ; 1.604      ;
; 1.461  ; CTR_INCDEC:inst|div_2048:inst6|13 ; CTR_INCDEC:inst|div_2048:inst6|26 ; CTR_INCDEC:inst|div_2048:inst5|26 ; CTR_INCDEC:inst|div_2048:inst5|26 ; 0.000        ; 0.061      ; 1.679      ;
; 1.478  ; CTR_INCDEC:inst|div_2048:inst6|7  ; CTR_INCDEC:inst|div_2048:inst6|26 ; CTR_INCDEC:inst|div_2048:inst5|26 ; CTR_INCDEC:inst|div_2048:inst5|26 ; 0.000        ; 0.061      ; 1.696      ;
; 1.483  ; CTR_INCDEC:inst|div_2048:inst6|6  ; CTR_INCDEC:inst|div_2048:inst6|26 ; CTR_INCDEC:inst|div_2048:inst5|26 ; CTR_INCDEC:inst|div_2048:inst5|26 ; 0.000        ; 0.061      ; 1.701      ;
; 1.557  ; CTR_INCDEC:inst|div_2048:inst6|22 ; CTR_INCDEC:inst|div_2048:inst6|26 ; CTR_INCDEC:inst|div_2048:inst5|26 ; CTR_INCDEC:inst|div_2048:inst5|26 ; 0.000        ; 0.061      ; 1.775      ;
; 1.562  ; CTR_INCDEC:inst|div_2048:inst6|12 ; CTR_INCDEC:inst|div_2048:inst6|26 ; CTR_INCDEC:inst|div_2048:inst5|26 ; CTR_INCDEC:inst|div_2048:inst5|26 ; 0.000        ; 0.061      ; 1.780      ;
+--------+-----------------------------------+-----------------------------------+-----------------------------------+-----------------------------------+--------------+------------+------------+


+---------------------------------------------------------------------------------------------------------------------------------------------------------------------------+
; Slow 1200mV 85C Model Hold: 'clk'                                                                                                                                         ;
+--------+-----------------------------------+-----------------------------------+-----------------------------------+-------------+--------------+------------+------------+
; Slack  ; From Node                         ; To Node                           ; Launch Clock                      ; Latch Clock ; Relationship ; Clock Skew ; Data Delay ;
+--------+-----------------------------------+-----------------------------------+-----------------------------------+-------------+--------------+------------+------------+
; -0.075 ; CTR_INCDEC:inst|div_2048:inst5|26 ; CTR_INCDEC:inst|div_2048:inst5|26 ; CTR_INCDEC:inst|div_2048:inst5|26 ; clk         ; 0.000        ; 2.415      ; 2.726      ;
; 0.359  ; CTR_INCDEC:inst|div_2048:inst5|13 ; CTR_INCDEC:inst|div_2048:inst5|13 ; clk                               ; clk         ; 0.000        ; 0.061      ; 0.577      ;
; 0.359  ; CTR_INCDEC:inst|div_2048:inst5|23 ; CTR_INCDEC:inst|div_2048:inst5|23 ; clk                               ; clk         ; 0.000        ; 0.061      ; 0.577      ;
; 0.359  ; CTR_INCDEC:inst|div_2048:inst5|28 ; CTR_INCDEC:inst|div_2048:inst5|28 ; clk                               ; clk         ; 0.000        ; 0.061      ; 0.577      ;
; 0.359  ; CTR_INCDEC:inst|div_2048:inst5|22 ; CTR_INCDEC:inst|div_2048:inst5|22 ; clk                               ; clk         ; 0.000        ; 0.061      ; 0.577      ;
; 0.359  ; CTR_INCDEC:inst|div_2048:inst5|11 ; CTR_INCDEC:inst|div_2048:inst5|11 ; clk                               ; clk         ; 0.000        ; 0.061      ; 0.577      ;
; 0.359  ; CTR_INCDEC:inst|div_2048:inst5|12 ; CTR_INCDEC:inst|div_2048:inst5|12 ; clk                               ; clk         ; 0.000        ; 0.061      ; 0.577      ;
; 0.359  ; CTR_INCDEC:inst|div_2048:inst5|4  ; CTR_INCDEC:inst|div_2048:inst5|4  ; clk                               ; clk         ; 0.000        ; 0.061      ; 0.577      ;
; 0.359  ; CTR_INCDEC:inst|div_2048:inst5|5  ; CTR_INCDEC:inst|div_2048:inst5|5  ; clk                               ; clk         ; 0.000        ; 0.061      ; 0.577      ;
; 0.359  ; CTR_INCDEC:inst|div_2048:inst5|6  ; CTR_INCDEC:inst|div_2048:inst5|6  ; clk                               ; clk         ; 0.000        ; 0.061      ; 0.577      ;
; 0.362  ; CTR_INCDEC:inst|div_2048:inst5|7  ; CTR_INCDEC:inst|div_2048:inst5|7  ; clk                               ; clk         ; 0.000        ; 0.061      ; 0.580      ;
; 0.528  ; CTR_INCDEC:inst|div_2048:inst5|11 ; CTR_INCDEC:inst|div_2048:inst5|22 ; clk                               ; clk         ; 0.000        ; 0.061      ; 0.746      ;
; 0.537  ; CTR_INCDEC:inst|div_2048:inst5|6  ; CTR_INCDEC:inst|div_2048:inst5|4  ; clk                               ; clk         ; 0.000        ; 0.061      ; 0.755      ;
; 0.545  ; CTR_INCDEC:inst|div_2048:inst5|7  ; CTR_INCDEC:inst|div_2048:inst5|5  ; clk                               ; clk         ; 0.000        ; 0.061      ; 0.763      ;
; 0.546  ; CTR_INCDEC:inst|div_2048:inst5|7  ; CTR_INCDEC:inst|div_2048:inst5|6  ; clk                               ; clk         ; 0.000        ; 0.061      ; 0.764      ;
; 0.563  ; CTR_INCDEC:inst|div_2048:inst5|26 ; CTR_INCDEC:inst|div_2048:inst5|26 ; CTR_INCDEC:inst|div_2048:inst5|26 ; clk         ; -0.500       ; 2.415      ; 2.864      ;
; 0.563  ; CTR_INCDEC:inst|div_2048:inst5|23 ; CTR_INCDEC:inst|div_2048:inst5|13 ; clk                               ; clk         ; 0.000        ; 0.061      ; 0.781      ;
; 0.568  ; CTR_INCDEC:inst|div_2048:inst5|28 ; CTR_INCDEC:inst|div_2048:inst5|23 ; clk                               ; clk         ; 0.000        ; 0.061      ; 0.786      ;
; 0.570  ; CTR_INCDEC:inst|div_2048:inst5|28 ; CTR_INCDEC:inst|div_2048:inst5|13 ; clk                               ; clk         ; 0.000        ; 0.061      ; 0.788      ;
; 0.717  ; CTR_INCDEC:inst|div_2048:inst5|12 ; CTR_INCDEC:inst|div_2048:inst5|11 ; clk                               ; clk         ; 0.000        ; 0.061      ; 0.935      ;
; 0.720  ; CTR_INCDEC:inst|div_2048:inst5|6  ; CTR_INCDEC:inst|div_2048:inst5|5  ; clk                               ; clk         ; 0.000        ; 0.061      ; 0.938      ;
; 0.721  ; CTR_INCDEC:inst|div_2048:inst5|12 ; CTR_INCDEC:inst|div_2048:inst5|22 ; clk                               ; clk         ; 0.000        ; 0.061      ; 0.939      ;
; 0.728  ; CTR_INCDEC:inst|div_2048:inst5|7  ; CTR_INCDEC:inst|div_2048:inst5|4  ; clk                               ; clk         ; 0.000        ; 0.061      ; 0.946      ;
; 0.883  ; CTR_INCDEC:inst|div_2048:inst5|12 ; CTR_INCDEC:inst|div_2048:inst5|23 ; clk                               ; clk         ; 0.000        ; 0.061      ; 1.101      ;
; 0.884  ; CTR_INCDEC:inst|div_2048:inst5|12 ; CTR_INCDEC:inst|div_2048:inst5|28 ; clk                               ; clk         ; 0.000        ; 0.061      ; 1.102      ;
; 0.885  ; CTR_INCDEC:inst|div_2048:inst5|12 ; CTR_INCDEC:inst|div_2048:inst5|13 ; clk                               ; clk         ; 0.000        ; 0.061      ; 1.103      ;
; 0.886  ; CTR_INCDEC:inst|div_2048:inst5|11 ; CTR_INCDEC:inst|div_2048:inst5|23 ; clk                               ; clk         ; 0.000        ; 0.061      ; 1.104      ;
; 0.887  ; CTR_INCDEC:inst|div_2048:inst5|11 ; CTR_INCDEC:inst|div_2048:inst5|28 ; clk                               ; clk         ; 0.000        ; 0.061      ; 1.105      ;
; 0.888  ; CTR_INCDEC:inst|div_2048:inst5|11 ; CTR_INCDEC:inst|div_2048:inst5|13 ; clk                               ; clk         ; 0.000        ; 0.061      ; 1.106      ;
; 0.943  ; CTR_INCDEC:inst|div_2048:inst5|22 ; CTR_INCDEC:inst|div_2048:inst5|23 ; clk                               ; clk         ; 0.000        ; 0.061      ; 1.161      ;
; 0.944  ; CTR_INCDEC:inst|div_2048:inst5|22 ; CTR_INCDEC:inst|div_2048:inst5|28 ; clk                               ; clk         ; 0.000        ; 0.061      ; 1.162      ;
; 0.945  ; CTR_INCDEC:inst|div_2048:inst5|22 ; CTR_INCDEC:inst|div_2048:inst5|13 ; clk                               ; clk         ; 0.000        ; 0.061      ; 1.163      ;
; 0.973  ; CTR_INCDEC:inst|div_2048:inst5|5  ; CTR_INCDEC:inst|div_2048:inst5|4  ; clk                               ; clk         ; 0.000        ; 0.061      ; 1.191      ;
; 1.017  ; CTR_INCDEC:inst|div_2048:inst5|5  ; CTR_INCDEC:inst|div_2048:inst5|23 ; clk                               ; clk         ; 0.000        ; 0.061      ; 1.235      ;
; 1.018  ; CTR_INCDEC:inst|div_2048:inst5|5  ; CTR_INCDEC:inst|div_2048:inst5|28 ; clk                               ; clk         ; 0.000        ; 0.061      ; 1.236      ;
; 1.019  ; CTR_INCDEC:inst|div_2048:inst5|5  ; CTR_INCDEC:inst|div_2048:inst5|13 ; clk                               ; clk         ; 0.000        ; 0.061      ; 1.237      ;
; 1.038  ; CTR_INCDEC:inst|div_2048:inst5|5  ; CTR_INCDEC:inst|div_2048:inst5|12 ; clk                               ; clk         ; 0.000        ; 0.061      ; 1.256      ;
; 1.039  ; CTR_INCDEC:inst|div_2048:inst5|5  ; CTR_INCDEC:inst|div_2048:inst5|11 ; clk                               ; clk         ; 0.000        ; 0.061      ; 1.257      ;
; 1.041  ; CTR_INCDEC:inst|div_2048:inst5|5  ; CTR_INCDEC:inst|div_2048:inst5|22 ; clk                               ; clk         ; 0.000        ; 0.061      ; 1.259      ;
; 1.122  ; CTR_INCDEC:inst|div_2048:inst5|6  ; CTR_INCDEC:inst|div_2048:inst5|23 ; clk                               ; clk         ; 0.000        ; 0.061      ; 1.340      ;
; 1.123  ; CTR_INCDEC:inst|div_2048:inst5|6  ; CTR_INCDEC:inst|div_2048:inst5|28 ; clk                               ; clk         ; 0.000        ; 0.061      ; 1.341      ;
; 1.124  ; CTR_INCDEC:inst|div_2048:inst5|6  ; CTR_INCDEC:inst|div_2048:inst5|13 ; clk                               ; clk         ; 0.000        ; 0.061      ; 1.342      ;
; 1.143  ; CTR_INCDEC:inst|div_2048:inst5|6  ; CTR_INCDEC:inst|div_2048:inst5|12 ; clk                               ; clk         ; 0.000        ; 0.061      ; 1.361      ;
; 1.144  ; CTR_INCDEC:inst|div_2048:inst5|6  ; CTR_INCDEC:inst|div_2048:inst5|11 ; clk                               ; clk         ; 0.000        ; 0.061      ; 1.362      ;
; 1.146  ; CTR_INCDEC:inst|div_2048:inst5|6  ; CTR_INCDEC:inst|div_2048:inst5|22 ; clk                               ; clk         ; 0.000        ; 0.061      ; 1.364      ;
; 1.150  ; CTR_INCDEC:inst|div_2048:inst5|23 ; CTR_INCDEC:inst|div_2048:inst5|26 ; clk                               ; clk         ; 0.000        ; 0.061      ; 1.368      ;
; 1.152  ; CTR_INCDEC:inst|div_2048:inst5|28 ; CTR_INCDEC:inst|div_2048:inst5|26 ; clk                               ; clk         ; 0.000        ; 0.061      ; 1.370      ;
; 1.177  ; CTR_INCDEC:inst|div_2048:inst5|4  ; CTR_INCDEC:inst|div_2048:inst5|23 ; clk                               ; clk         ; 0.000        ; 0.061      ; 1.395      ;
; 1.178  ; CTR_INCDEC:inst|div_2048:inst5|4  ; CTR_INCDEC:inst|div_2048:inst5|28 ; clk                               ; clk         ; 0.000        ; 0.061      ; 1.396      ;
; 1.179  ; CTR_INCDEC:inst|div_2048:inst5|4  ; CTR_INCDEC:inst|div_2048:inst5|13 ; clk                               ; clk         ; 0.000        ; 0.061      ; 1.397      ;
; 1.198  ; CTR_INCDEC:inst|div_2048:inst5|4  ; CTR_INCDEC:inst|div_2048:inst5|12 ; clk                               ; clk         ; 0.000        ; 0.061      ; 1.416      ;
; 1.199  ; CTR_INCDEC:inst|div_2048:inst5|7  ; CTR_INCDEC:inst|div_2048:inst5|23 ; clk                               ; clk         ; 0.000        ; 0.061      ; 1.417      ;
; 1.199  ; CTR_INCDEC:inst|div_2048:inst5|4  ; CTR_INCDEC:inst|div_2048:inst5|11 ; clk                               ; clk         ; 0.000        ; 0.061      ; 1.417      ;
; 1.200  ; CTR_INCDEC:inst|div_2048:inst5|7  ; CTR_INCDEC:inst|div_2048:inst5|28 ; clk                               ; clk         ; 0.000        ; 0.061      ; 1.418      ;
; 1.201  ; CTR_INCDEC:inst|div_2048:inst5|7  ; CTR_INCDEC:inst|div_2048:inst5|13 ; clk                               ; clk         ; 0.000        ; 0.061      ; 1.419      ;
; 1.201  ; CTR_INCDEC:inst|div_2048:inst5|4  ; CTR_INCDEC:inst|div_2048:inst5|22 ; clk                               ; clk         ; 0.000        ; 0.061      ; 1.419      ;
; 1.220  ; CTR_INCDEC:inst|div_2048:inst5|7  ; CTR_INCDEC:inst|div_2048:inst5|12 ; clk                               ; clk         ; 0.000        ; 0.061      ; 1.438      ;
; 1.221  ; CTR_INCDEC:inst|div_2048:inst5|7  ; CTR_INCDEC:inst|div_2048:inst5|11 ; clk                               ; clk         ; 0.000        ; 0.061      ; 1.439      ;
; 1.223  ; CTR_INCDEC:inst|div_2048:inst5|7  ; CTR_INCDEC:inst|div_2048:inst5|22 ; clk                               ; clk         ; 0.000        ; 0.061      ; 1.441      ;
; 1.300  ; CTR_INCDEC:inst|div_2048:inst5|5  ; CTR_INCDEC:inst|div_2048:inst5|26 ; clk                               ; clk         ; 0.000        ; 0.061      ; 1.518      ;
; 1.382  ; CTR_INCDEC:inst|div_2048:inst5|11 ; CTR_INCDEC:inst|div_2048:inst5|26 ; clk                               ; clk         ; 0.000        ; 0.061      ; 1.600      ;
; 1.405  ; CTR_INCDEC:inst|div_2048:inst5|6  ; CTR_INCDEC:inst|div_2048:inst5|26 ; clk                               ; clk         ; 0.000        ; 0.061      ; 1.623      ;
; 1.460  ; CTR_INCDEC:inst|div_2048:inst5|4  ; CTR_INCDEC:inst|div_2048:inst5|26 ; clk                               ; clk         ; 0.000        ; 0.061      ; 1.678      ;
; 1.482  ; CTR_INCDEC:inst|div_2048:inst5|7  ; CTR_INCDEC:inst|div_2048:inst5|26 ; clk                               ; clk         ; 0.000        ; 0.061      ; 1.700      ;
; 1.487  ; CTR_INCDEC:inst|div_2048:inst5|12 ; CTR_INCDEC:inst|div_2048:inst5|26 ; clk                               ; clk         ; 0.000        ; 0.061      ; 1.705      ;
; 1.536  ; CTR_INCDEC:inst|div_2048:inst5|13 ; CTR_INCDEC:inst|div_2048:inst5|26 ; clk                               ; clk         ; 0.000        ; 0.061      ; 1.754      ;
; 1.560  ; CTR_INCDEC:inst|div_2048:inst5|22 ; CTR_INCDEC:inst|div_2048:inst5|26 ; clk                               ; clk         ; 0.000        ; 0.061      ; 1.778      ;
+--------+-----------------------------------+-----------------------------------+-----------------------------------+-------------+--------------+------------+------------+


+------------------------------------------------------------------------------------------------------------------------------------------------------------------------------------------------------------+
; Slow 1200mV 85C Model Hold: 'CTR_INCDEC:inst|div_2048:inst6|26'                                                                                                                                            ;
+-------+-----------------------------------------+-----------------------------------------+-----------------------------------+-----------------------------------+--------------+------------+------------+
; Slack ; From Node                               ; To Node                                 ; Launch Clock                      ; Latch Clock                       ; Relationship ; Clock Skew ; Data Delay ;
+-------+-----------------------------------------+-----------------------------------------+-----------------------------------+-----------------------------------+--------------+------------+------------+
; 0.259 ; CTR_INCDEC:inst|CONTADOR_6:inst4|inst23 ; CTR_INCDEC:inst|CONTADOR_6:inst4|inst22 ; CTR_INCDEC:inst|div_2048:inst6|26 ; CTR_INCDEC:inst|div_2048:inst6|26 ; 0.000        ; 0.425      ; 0.841      ;
; 0.344 ; CTR_INCDEC:inst|CONTADOR_6:inst4|inst22 ; CTR_INCDEC:inst|CONTADOR_6:inst4|inst22 ; CTR_INCDEC:inst|div_2048:inst6|26 ; CTR_INCDEC:inst|div_2048:inst6|26 ; 0.000        ; 0.076      ; 0.577      ;
; 0.359 ; CTR_INCDEC:inst|CONTADOR_6:inst4|inst21 ; CTR_INCDEC:inst|CONTADOR_6:inst4|inst21 ; CTR_INCDEC:inst|div_2048:inst6|26 ; CTR_INCDEC:inst|div_2048:inst6|26 ; 0.000        ; 0.061      ; 0.577      ;
; 0.359 ; CTR_INCDEC:inst|CONTADOR_6:inst4|inst23 ; CTR_INCDEC:inst|CONTADOR_6:inst4|inst23 ; CTR_INCDEC:inst|div_2048:inst6|26 ; CTR_INCDEC:inst|div_2048:inst6|26 ; 0.000        ; 0.061      ; 0.577      ;
; 0.359 ; CTR_INCDEC:inst|CTRL_Cont6:inst3|inst   ; CTR_INCDEC:inst|CTRL_Cont6:inst3|inst   ; CTR_INCDEC:inst|div_2048:inst6|26 ; CTR_INCDEC:inst|div_2048:inst6|26 ; 0.000        ; 0.061      ; 0.577      ;
; 0.359 ; CTR_INCDEC:inst|CTRL_Cont6:inst3|inst1  ; CTR_INCDEC:inst|CTRL_Cont6:inst3|inst1  ; CTR_INCDEC:inst|div_2048:inst6|26 ; CTR_INCDEC:inst|div_2048:inst6|26 ; 0.000        ; 0.061      ; 0.577      ;
; 0.359 ; CTR_INCDEC:inst|CTRL_Cont6:inst2|inst1  ; CTR_INCDEC:inst|CTRL_Cont6:inst2|inst1  ; CTR_INCDEC:inst|div_2048:inst6|26 ; CTR_INCDEC:inst|div_2048:inst6|26 ; 0.000        ; 0.061      ; 0.577      ;
; 0.359 ; CTR_INCDEC:inst|CTRL_Cont6:inst2|inst   ; CTR_INCDEC:inst|CTRL_Cont6:inst2|inst   ; CTR_INCDEC:inst|div_2048:inst6|26 ; CTR_INCDEC:inst|div_2048:inst6|26 ; 0.000        ; 0.061      ; 0.577      ;
; 0.362 ; CTR_INCDEC:inst|CTRL_Cont6:inst3|inst2  ; CTR_INCDEC:inst|CTRL_Cont6:inst3|inst2  ; CTR_INCDEC:inst|div_2048:inst6|26 ; CTR_INCDEC:inst|div_2048:inst6|26 ; 0.000        ; 0.061      ; 0.580      ;
; 0.362 ; CTR_INCDEC:inst|CTRL_Cont6:inst2|inst2  ; CTR_INCDEC:inst|CTRL_Cont6:inst2|inst2  ; CTR_INCDEC:inst|div_2048:inst6|26 ; CTR_INCDEC:inst|div_2048:inst6|26 ; 0.000        ; 0.061      ; 0.580      ;
; 0.373 ; CTR_INCDEC:inst|CONTADOR_6:inst4|inst21 ; CTR_INCDEC:inst|CONTADOR_6:inst4|inst22 ; CTR_INCDEC:inst|div_2048:inst6|26 ; CTR_INCDEC:inst|div_2048:inst6|26 ; 0.000        ; 0.425      ; 0.955      ;
; 0.399 ; CTR_INCDEC:inst|CTRL_Cont6:inst3|inst   ; CTR_INCDEC:inst|CTRL_Cont6:inst3|inst2  ; CTR_INCDEC:inst|div_2048:inst6|26 ; CTR_INCDEC:inst|div_2048:inst6|26 ; 0.000        ; 0.061      ; 0.617      ;
; 0.535 ; CTR_INCDEC:inst|CTRL_Cont6:inst3|inst2  ; CTR_INCDEC:inst|CTRL_Cont6:inst3|inst1  ; CTR_INCDEC:inst|div_2048:inst6|26 ; CTR_INCDEC:inst|div_2048:inst6|26 ; 0.000        ; 0.061      ; 0.753      ;
; 0.538 ; CTR_INCDEC:inst|CTRL_Cont6:inst3|inst2  ; CTR_INCDEC:inst|CTRL_Cont6:inst3|inst   ; CTR_INCDEC:inst|div_2048:inst6|26 ; CTR_INCDEC:inst|div_2048:inst6|26 ; 0.000        ; 0.061      ; 0.756      ;
; 0.581 ; CTR_INCDEC:inst|CTRL_Cont6:inst3|inst1  ; CTR_INCDEC:inst|CTRL_Cont6:inst3|inst   ; CTR_INCDEC:inst|div_2048:inst6|26 ; CTR_INCDEC:inst|div_2048:inst6|26 ; 0.000        ; 0.061      ; 0.799      ;
; 0.596 ; CTR_INCDEC:inst|CTRL_Cont6:inst3|inst1  ; CTR_INCDEC:inst|CTRL_Cont6:inst3|inst2  ; CTR_INCDEC:inst|div_2048:inst6|26 ; CTR_INCDEC:inst|div_2048:inst6|26 ; 0.000        ; 0.061      ; 0.814      ;
; 0.627 ; CTR_INCDEC:inst|CTRL_Cont6:inst2|inst   ; CTR_INCDEC:inst|CONTADOR_6:inst4|inst22 ; CTR_INCDEC:inst|div_2048:inst6|26 ; CTR_INCDEC:inst|div_2048:inst6|26 ; 0.000        ; 0.425      ; 1.209      ;
; 0.638 ; CTR_INCDEC:inst|CONTADOR_6:inst4|inst23 ; CTR_INCDEC:inst|CONTADOR_6:inst4|inst21 ; CTR_INCDEC:inst|div_2048:inst6|26 ; CTR_INCDEC:inst|div_2048:inst6|26 ; 0.000        ; 0.061      ; 0.856      ;
; 0.699 ; CTR_INCDEC:inst|CTRL_Cont6:inst2|inst   ; CTR_INCDEC:inst|CONTADOR_6:inst4|inst23 ; CTR_INCDEC:inst|div_2048:inst6|26 ; CTR_INCDEC:inst|div_2048:inst6|26 ; 0.000        ; 0.061      ; 0.917      ;
; 0.731 ; CTR_INCDEC:inst|CTRL_Cont6:inst2|inst1  ; CTR_INCDEC:inst|CONTADOR_6:inst4|inst22 ; CTR_INCDEC:inst|div_2048:inst6|26 ; CTR_INCDEC:inst|div_2048:inst6|26 ; 0.000        ; 0.425      ; 1.313      ;
; 0.765 ; CTR_INCDEC:inst|CTRL_Cont6:inst2|inst1  ; CTR_INCDEC:inst|CTRL_Cont6:inst2|inst   ; CTR_INCDEC:inst|div_2048:inst6|26 ; CTR_INCDEC:inst|div_2048:inst6|26 ; 0.000        ; 0.061      ; 0.983      ;
; 0.776 ; CTR_INCDEC:inst|CTRL_Cont6:inst3|inst   ; CTR_INCDEC:inst|CTRL_Cont6:inst3|inst1  ; CTR_INCDEC:inst|div_2048:inst6|26 ; CTR_INCDEC:inst|div_2048:inst6|26 ; 0.000        ; 0.061      ; 0.994      ;
; 0.785 ; CTR_INCDEC:inst|CTRL_Cont6:inst2|inst   ; CTR_INCDEC:inst|CTRL_Cont6:inst2|inst1  ; CTR_INCDEC:inst|div_2048:inst6|26 ; CTR_INCDEC:inst|div_2048:inst6|26 ; 0.000        ; 0.061      ; 1.003      ;
; 0.803 ; CTR_INCDEC:inst|CTRL_Cont6:inst2|inst1  ; CTR_INCDEC:inst|CONTADOR_6:inst4|inst23 ; CTR_INCDEC:inst|div_2048:inst6|26 ; CTR_INCDEC:inst|div_2048:inst6|26 ; 0.000        ; 0.061      ; 1.021      ;
; 0.808 ; CTR_INCDEC:inst|CTRL_Cont6:inst2|inst1  ; CTR_INCDEC:inst|CTRL_Cont6:inst2|inst2  ; CTR_INCDEC:inst|div_2048:inst6|26 ; CTR_INCDEC:inst|div_2048:inst6|26 ; 0.000        ; 0.061      ; 1.026      ;
; 0.815 ; CTR_INCDEC:inst|CTRL_Cont6:inst2|inst   ; CTR_INCDEC:inst|CTRL_Cont6:inst2|inst2  ; CTR_INCDEC:inst|div_2048:inst6|26 ; CTR_INCDEC:inst|div_2048:inst6|26 ; 0.000        ; 0.061      ; 1.033      ;
; 0.879 ; CTR_INCDEC:inst|CTRL_Cont6:inst2|inst   ; CTR_INCDEC:inst|CONTADOR_6:inst4|inst21 ; CTR_INCDEC:inst|div_2048:inst6|26 ; CTR_INCDEC:inst|div_2048:inst6|26 ; 0.000        ; 0.061      ; 1.097      ;
; 0.881 ; CTR_INCDEC:inst|CTRL_Cont6:inst3|inst   ; CTR_INCDEC:inst|CONTADOR_6:inst4|inst22 ; CTR_INCDEC:inst|div_2048:inst6|26 ; CTR_INCDEC:inst|div_2048:inst6|26 ; 0.000        ; 0.425      ; 1.463      ;
; 0.927 ; CTR_INCDEC:inst|CTRL_Cont6:inst2|inst2  ; CTR_INCDEC:inst|CONTADOR_6:inst4|inst22 ; CTR_INCDEC:inst|div_2048:inst6|26 ; CTR_INCDEC:inst|div_2048:inst6|26 ; 0.000        ; 0.425      ; 1.509      ;
; 0.952 ; CTR_INCDEC:inst|CTRL_Cont6:inst3|inst   ; CTR_INCDEC:inst|CONTADOR_6:inst4|inst23 ; CTR_INCDEC:inst|div_2048:inst6|26 ; CTR_INCDEC:inst|div_2048:inst6|26 ; 0.000        ; 0.061      ; 1.170      ;
; 0.973 ; CTR_INCDEC:inst|CTRL_Cont6:inst3|inst1  ; CTR_INCDEC:inst|CONTADOR_6:inst4|inst22 ; CTR_INCDEC:inst|div_2048:inst6|26 ; CTR_INCDEC:inst|div_2048:inst6|26 ; 0.000        ; 0.425      ; 1.555      ;
; 0.983 ; CTR_INCDEC:inst|CTRL_Cont6:inst2|inst2  ; CTR_INCDEC:inst|CTRL_Cont6:inst2|inst   ; CTR_INCDEC:inst|div_2048:inst6|26 ; CTR_INCDEC:inst|div_2048:inst6|26 ; 0.000        ; 0.061      ; 1.201      ;
; 0.983 ; CTR_INCDEC:inst|CTRL_Cont6:inst2|inst1  ; CTR_INCDEC:inst|CONTADOR_6:inst4|inst21 ; CTR_INCDEC:inst|div_2048:inst6|26 ; CTR_INCDEC:inst|div_2048:inst6|26 ; 0.000        ; 0.061      ; 1.201      ;
; 0.996 ; CTR_INCDEC:inst|CTRL_Cont6:inst2|inst2  ; CTR_INCDEC:inst|CONTADOR_6:inst4|inst23 ; CTR_INCDEC:inst|div_2048:inst6|26 ; CTR_INCDEC:inst|div_2048:inst6|26 ; 0.000        ; 0.061      ; 1.214      ;
; 1.018 ; CTR_INCDEC:inst|CTRL_Cont6:inst3|inst   ; CTR_INCDEC:inst|CONTADOR_6:inst4|inst21 ; CTR_INCDEC:inst|div_2048:inst6|26 ; CTR_INCDEC:inst|div_2048:inst6|26 ; 0.000        ; 0.061      ; 1.236      ;
; 1.023 ; CTR_INCDEC:inst|CTRL_Cont6:inst2|inst2  ; CTR_INCDEC:inst|CTRL_Cont6:inst2|inst1  ; CTR_INCDEC:inst|div_2048:inst6|26 ; CTR_INCDEC:inst|div_2048:inst6|26 ; 0.000        ; 0.061      ; 1.241      ;
; 1.044 ; CTR_INCDEC:inst|CTRL_Cont6:inst3|inst1  ; CTR_INCDEC:inst|CONTADOR_6:inst4|inst23 ; CTR_INCDEC:inst|div_2048:inst6|26 ; CTR_INCDEC:inst|div_2048:inst6|26 ; 0.000        ; 0.061      ; 1.262      ;
; 1.110 ; CTR_INCDEC:inst|CTRL_Cont6:inst3|inst1  ; CTR_INCDEC:inst|CONTADOR_6:inst4|inst21 ; CTR_INCDEC:inst|div_2048:inst6|26 ; CTR_INCDEC:inst|div_2048:inst6|26 ; 0.000        ; 0.061      ; 1.328      ;
; 1.157 ; CTR_INCDEC:inst|CTRL_Cont6:inst3|inst2  ; CTR_INCDEC:inst|CONTADOR_6:inst4|inst22 ; CTR_INCDEC:inst|div_2048:inst6|26 ; CTR_INCDEC:inst|div_2048:inst6|26 ; 0.000        ; 0.425      ; 1.739      ;
; 1.214 ; CTR_INCDEC:inst|CTRL_Cont6:inst2|inst2  ; CTR_INCDEC:inst|CONTADOR_6:inst4|inst21 ; CTR_INCDEC:inst|div_2048:inst6|26 ; CTR_INCDEC:inst|div_2048:inst6|26 ; 0.000        ; 0.061      ; 1.432      ;
; 1.230 ; CTR_INCDEC:inst|CTRL_Cont6:inst3|inst2  ; CTR_INCDEC:inst|CONTADOR_6:inst4|inst23 ; CTR_INCDEC:inst|div_2048:inst6|26 ; CTR_INCDEC:inst|div_2048:inst6|26 ; 0.000        ; 0.061      ; 1.448      ;
; 1.232 ; CTR_INCDEC:inst|CONTADOR_6:inst4|inst22 ; CTR_INCDEC:inst|CONTADOR_6:inst4|inst21 ; CTR_INCDEC:inst|div_2048:inst6|26 ; CTR_INCDEC:inst|div_2048:inst6|26 ; 0.000        ; -0.288     ; 1.101      ;
; 1.284 ; CTR_INCDEC:inst|CTRL_Cont6:inst3|inst2  ; CTR_INCDEC:inst|CONTADOR_6:inst4|inst21 ; CTR_INCDEC:inst|div_2048:inst6|26 ; CTR_INCDEC:inst|div_2048:inst6|26 ; 0.000        ; 0.061      ; 1.502      ;
+-------+-----------------------------------------+-----------------------------------------+-----------------------------------+-----------------------------------+--------------+------------+------------+


+--------------------------------------------------------------------------------------------------------------------+
; Slow 1200mV 85C Model Minimum Pulse Width: 'clk'                                                                   ;
+--------+--------------+----------------+------------------+-------+------------+-----------------------------------+
; Slack  ; Actual Width ; Required Width ; Type             ; Clock ; Clock Edge ; Target                            ;
+--------+--------------+----------------+------------------+-------+------------+-----------------------------------+
; -3.000 ; 1.000        ; 4.000          ; Port Rate        ; clk   ; Rise       ; clk                               ;
; -1.000 ; 1.000        ; 2.000          ; Min Period       ; clk   ; Rise       ; CTR_INCDEC:inst|div_2048:inst5|11 ;
; -1.000 ; 1.000        ; 2.000          ; Min Period       ; clk   ; Rise       ; CTR_INCDEC:inst|div_2048:inst5|12 ;
; -1.000 ; 1.000        ; 2.000          ; Min Period       ; clk   ; Rise       ; CTR_INCDEC:inst|div_2048:inst5|13 ;
; -1.000 ; 1.000        ; 2.000          ; Min Period       ; clk   ; Rise       ; CTR_INCDEC:inst|div_2048:inst5|22 ;
; -1.000 ; 1.000        ; 2.000          ; Min Period       ; clk   ; Rise       ; CTR_INCDEC:inst|div_2048:inst5|23 ;
; -1.000 ; 1.000        ; 2.000          ; Min Period       ; clk   ; Rise       ; CTR_INCDEC:inst|div_2048:inst5|26 ;
; -1.000 ; 1.000        ; 2.000          ; Min Period       ; clk   ; Rise       ; CTR_INCDEC:inst|div_2048:inst5|28 ;
; -1.000 ; 1.000        ; 2.000          ; Min Period       ; clk   ; Rise       ; CTR_INCDEC:inst|div_2048:inst5|4  ;
; -1.000 ; 1.000        ; 2.000          ; Min Period       ; clk   ; Rise       ; CTR_INCDEC:inst|div_2048:inst5|5  ;
; -1.000 ; 1.000        ; 2.000          ; Min Period       ; clk   ; Rise       ; CTR_INCDEC:inst|div_2048:inst5|6  ;
; -1.000 ; 1.000        ; 2.000          ; Min Period       ; clk   ; Rise       ; CTR_INCDEC:inst|div_2048:inst5|7  ;
; 0.189  ; 0.373        ; 0.184          ; Low Pulse Width  ; clk   ; Rise       ; CTR_INCDEC:inst|div_2048:inst5|11 ;
; 0.189  ; 0.373        ; 0.184          ; Low Pulse Width  ; clk   ; Rise       ; CTR_INCDEC:inst|div_2048:inst5|12 ;
; 0.189  ; 0.373        ; 0.184          ; Low Pulse Width  ; clk   ; Rise       ; CTR_INCDEC:inst|div_2048:inst5|13 ;
; 0.189  ; 0.373        ; 0.184          ; Low Pulse Width  ; clk   ; Rise       ; CTR_INCDEC:inst|div_2048:inst5|22 ;
; 0.189  ; 0.373        ; 0.184          ; Low Pulse Width  ; clk   ; Rise       ; CTR_INCDEC:inst|div_2048:inst5|23 ;
; 0.189  ; 0.373        ; 0.184          ; Low Pulse Width  ; clk   ; Rise       ; CTR_INCDEC:inst|div_2048:inst5|26 ;
; 0.189  ; 0.373        ; 0.184          ; Low Pulse Width  ; clk   ; Rise       ; CTR_INCDEC:inst|div_2048:inst5|28 ;
; 0.189  ; 0.373        ; 0.184          ; Low Pulse Width  ; clk   ; Rise       ; CTR_INCDEC:inst|div_2048:inst5|4  ;
; 0.189  ; 0.373        ; 0.184          ; Low Pulse Width  ; clk   ; Rise       ; CTR_INCDEC:inst|div_2048:inst5|5  ;
; 0.189  ; 0.373        ; 0.184          ; Low Pulse Width  ; clk   ; Rise       ; CTR_INCDEC:inst|div_2048:inst5|6  ;
; 0.189  ; 0.373        ; 0.184          ; Low Pulse Width  ; clk   ; Rise       ; CTR_INCDEC:inst|div_2048:inst5|7  ;
; 0.339  ; 0.339        ; 0.000          ; Low Pulse Width  ; clk   ; Rise       ; clk~input|o                       ;
; 0.350  ; 0.350        ; 0.000          ; Low Pulse Width  ; clk   ; Rise       ; inst|inst5|11|clk                 ;
; 0.350  ; 0.350        ; 0.000          ; Low Pulse Width  ; clk   ; Rise       ; inst|inst5|12|clk                 ;
; 0.350  ; 0.350        ; 0.000          ; Low Pulse Width  ; clk   ; Rise       ; inst|inst5|13|clk                 ;
; 0.350  ; 0.350        ; 0.000          ; Low Pulse Width  ; clk   ; Rise       ; inst|inst5|22|clk                 ;
; 0.350  ; 0.350        ; 0.000          ; Low Pulse Width  ; clk   ; Rise       ; inst|inst5|23|clk                 ;
; 0.350  ; 0.350        ; 0.000          ; Low Pulse Width  ; clk   ; Rise       ; inst|inst5|26|clk                 ;
; 0.350  ; 0.350        ; 0.000          ; Low Pulse Width  ; clk   ; Rise       ; inst|inst5|28|clk                 ;
; 0.350  ; 0.350        ; 0.000          ; Low Pulse Width  ; clk   ; Rise       ; inst|inst5|4|clk                  ;
; 0.350  ; 0.350        ; 0.000          ; Low Pulse Width  ; clk   ; Rise       ; inst|inst5|5|clk                  ;
; 0.350  ; 0.350        ; 0.000          ; Low Pulse Width  ; clk   ; Rise       ; inst|inst5|6|clk                  ;
; 0.350  ; 0.350        ; 0.000          ; Low Pulse Width  ; clk   ; Rise       ; inst|inst5|7|clk                  ;
; 0.356  ; 0.356        ; 0.000          ; Low Pulse Width  ; clk   ; Rise       ; clk~inputclkctrl|inclk[0]         ;
; 0.356  ; 0.356        ; 0.000          ; Low Pulse Width  ; clk   ; Rise       ; clk~inputclkctrl|outclk           ;
; 0.410  ; 0.626        ; 0.216          ; High Pulse Width ; clk   ; Rise       ; CTR_INCDEC:inst|div_2048:inst5|11 ;
; 0.410  ; 0.626        ; 0.216          ; High Pulse Width ; clk   ; Rise       ; CTR_INCDEC:inst|div_2048:inst5|12 ;
; 0.410  ; 0.626        ; 0.216          ; High Pulse Width ; clk   ; Rise       ; CTR_INCDEC:inst|div_2048:inst5|13 ;
; 0.410  ; 0.626        ; 0.216          ; High Pulse Width ; clk   ; Rise       ; CTR_INCDEC:inst|div_2048:inst5|22 ;
; 0.410  ; 0.626        ; 0.216          ; High Pulse Width ; clk   ; Rise       ; CTR_INCDEC:inst|div_2048:inst5|23 ;
; 0.410  ; 0.626        ; 0.216          ; High Pulse Width ; clk   ; Rise       ; CTR_INCDEC:inst|div_2048:inst5|26 ;
; 0.410  ; 0.626        ; 0.216          ; High Pulse Width ; clk   ; Rise       ; CTR_INCDEC:inst|div_2048:inst5|28 ;
; 0.410  ; 0.626        ; 0.216          ; High Pulse Width ; clk   ; Rise       ; CTR_INCDEC:inst|div_2048:inst5|4  ;
; 0.410  ; 0.626        ; 0.216          ; High Pulse Width ; clk   ; Rise       ; CTR_INCDEC:inst|div_2048:inst5|5  ;
; 0.410  ; 0.626        ; 0.216          ; High Pulse Width ; clk   ; Rise       ; CTR_INCDEC:inst|div_2048:inst5|6  ;
; 0.410  ; 0.626        ; 0.216          ; High Pulse Width ; clk   ; Rise       ; CTR_INCDEC:inst|div_2048:inst5|7  ;
; 0.500  ; 0.500        ; 0.000          ; High Pulse Width ; clk   ; Rise       ; clk~input|i                       ;
; 0.500  ; 0.500        ; 0.000          ; Low Pulse Width  ; clk   ; Rise       ; clk~input|i                       ;
; 0.643  ; 0.643        ; 0.000          ; High Pulse Width ; clk   ; Rise       ; clk~inputclkctrl|inclk[0]         ;
; 0.643  ; 0.643        ; 0.000          ; High Pulse Width ; clk   ; Rise       ; clk~inputclkctrl|outclk           ;
; 0.649  ; 0.649        ; 0.000          ; High Pulse Width ; clk   ; Rise       ; inst|inst5|11|clk                 ;
; 0.649  ; 0.649        ; 0.000          ; High Pulse Width ; clk   ; Rise       ; inst|inst5|12|clk                 ;
; 0.649  ; 0.649        ; 0.000          ; High Pulse Width ; clk   ; Rise       ; inst|inst5|13|clk                 ;
; 0.649  ; 0.649        ; 0.000          ; High Pulse Width ; clk   ; Rise       ; inst|inst5|22|clk                 ;
; 0.649  ; 0.649        ; 0.000          ; High Pulse Width ; clk   ; Rise       ; inst|inst5|23|clk                 ;
; 0.649  ; 0.649        ; 0.000          ; High Pulse Width ; clk   ; Rise       ; inst|inst5|26|clk                 ;
; 0.649  ; 0.649        ; 0.000          ; High Pulse Width ; clk   ; Rise       ; inst|inst5|28|clk                 ;
; 0.649  ; 0.649        ; 0.000          ; High Pulse Width ; clk   ; Rise       ; inst|inst5|4|clk                  ;
; 0.649  ; 0.649        ; 0.000          ; High Pulse Width ; clk   ; Rise       ; inst|inst5|5|clk                  ;
; 0.649  ; 0.649        ; 0.000          ; High Pulse Width ; clk   ; Rise       ; inst|inst5|6|clk                  ;
; 0.649  ; 0.649        ; 0.000          ; High Pulse Width ; clk   ; Rise       ; inst|inst5|7|clk                  ;
; 0.661  ; 0.661        ; 0.000          ; High Pulse Width ; clk   ; Rise       ; clk~input|o                       ;
+--------+--------------+----------------+------------------+-------+------------+-----------------------------------+


+------------------------------------------------------------------------------------------------------------------------------------------------+
; Slow 1200mV 85C Model Minimum Pulse Width: 'CTR_INCDEC:inst|div_2048:inst5|26'                                                                 ;
+--------+--------------+----------------+------------------+-----------------------------------+------------+-----------------------------------+
; Slack  ; Actual Width ; Required Width ; Type             ; Clock                             ; Clock Edge ; Target                            ;
+--------+--------------+----------------+------------------+-----------------------------------+------------+-----------------------------------+
; -1.000 ; 1.000        ; 2.000          ; Min Period       ; CTR_INCDEC:inst|div_2048:inst5|26 ; Rise       ; CTR_INCDEC:inst|div_2048:inst6|11 ;
; -1.000 ; 1.000        ; 2.000          ; Min Period       ; CTR_INCDEC:inst|div_2048:inst5|26 ; Rise       ; CTR_INCDEC:inst|div_2048:inst6|12 ;
; -1.000 ; 1.000        ; 2.000          ; Min Period       ; CTR_INCDEC:inst|div_2048:inst5|26 ; Rise       ; CTR_INCDEC:inst|div_2048:inst6|13 ;
; -1.000 ; 1.000        ; 2.000          ; Min Period       ; CTR_INCDEC:inst|div_2048:inst5|26 ; Rise       ; CTR_INCDEC:inst|div_2048:inst6|22 ;
; -1.000 ; 1.000        ; 2.000          ; Min Period       ; CTR_INCDEC:inst|div_2048:inst5|26 ; Rise       ; CTR_INCDEC:inst|div_2048:inst6|23 ;
; -1.000 ; 1.000        ; 2.000          ; Min Period       ; CTR_INCDEC:inst|div_2048:inst5|26 ; Rise       ; CTR_INCDEC:inst|div_2048:inst6|26 ;
; -1.000 ; 1.000        ; 2.000          ; Min Period       ; CTR_INCDEC:inst|div_2048:inst5|26 ; Rise       ; CTR_INCDEC:inst|div_2048:inst6|28 ;
; -1.000 ; 1.000        ; 2.000          ; Min Period       ; CTR_INCDEC:inst|div_2048:inst5|26 ; Rise       ; CTR_INCDEC:inst|div_2048:inst6|4  ;
; -1.000 ; 1.000        ; 2.000          ; Min Period       ; CTR_INCDEC:inst|div_2048:inst5|26 ; Rise       ; CTR_INCDEC:inst|div_2048:inst6|5  ;
; -1.000 ; 1.000        ; 2.000          ; Min Period       ; CTR_INCDEC:inst|div_2048:inst5|26 ; Rise       ; CTR_INCDEC:inst|div_2048:inst6|6  ;
; -1.000 ; 1.000        ; 2.000          ; Min Period       ; CTR_INCDEC:inst|div_2048:inst5|26 ; Rise       ; CTR_INCDEC:inst|div_2048:inst6|7  ;
; 0.297  ; 0.481        ; 0.184          ; Low Pulse Width  ; CTR_INCDEC:inst|div_2048:inst5|26 ; Rise       ; CTR_INCDEC:inst|div_2048:inst6|11 ;
; 0.297  ; 0.481        ; 0.184          ; Low Pulse Width  ; CTR_INCDEC:inst|div_2048:inst5|26 ; Rise       ; CTR_INCDEC:inst|div_2048:inst6|12 ;
; 0.297  ; 0.481        ; 0.184          ; Low Pulse Width  ; CTR_INCDEC:inst|div_2048:inst5|26 ; Rise       ; CTR_INCDEC:inst|div_2048:inst6|13 ;
; 0.297  ; 0.481        ; 0.184          ; Low Pulse Width  ; CTR_INCDEC:inst|div_2048:inst5|26 ; Rise       ; CTR_INCDEC:inst|div_2048:inst6|22 ;
; 0.297  ; 0.481        ; 0.184          ; Low Pulse Width  ; CTR_INCDEC:inst|div_2048:inst5|26 ; Rise       ; CTR_INCDEC:inst|div_2048:inst6|23 ;
; 0.297  ; 0.481        ; 0.184          ; Low Pulse Width  ; CTR_INCDEC:inst|div_2048:inst5|26 ; Rise       ; CTR_INCDEC:inst|div_2048:inst6|26 ;
; 0.297  ; 0.481        ; 0.184          ; Low Pulse Width  ; CTR_INCDEC:inst|div_2048:inst5|26 ; Rise       ; CTR_INCDEC:inst|div_2048:inst6|28 ;
; 0.297  ; 0.481        ; 0.184          ; Low Pulse Width  ; CTR_INCDEC:inst|div_2048:inst5|26 ; Rise       ; CTR_INCDEC:inst|div_2048:inst6|4  ;
; 0.297  ; 0.481        ; 0.184          ; Low Pulse Width  ; CTR_INCDEC:inst|div_2048:inst5|26 ; Rise       ; CTR_INCDEC:inst|div_2048:inst6|5  ;
; 0.297  ; 0.481        ; 0.184          ; Low Pulse Width  ; CTR_INCDEC:inst|div_2048:inst5|26 ; Rise       ; CTR_INCDEC:inst|div_2048:inst6|6  ;
; 0.297  ; 0.481        ; 0.184          ; Low Pulse Width  ; CTR_INCDEC:inst|div_2048:inst5|26 ; Rise       ; CTR_INCDEC:inst|div_2048:inst6|7  ;
; 0.300  ; 0.516        ; 0.216          ; High Pulse Width ; CTR_INCDEC:inst|div_2048:inst5|26 ; Rise       ; CTR_INCDEC:inst|div_2048:inst6|11 ;
; 0.300  ; 0.516        ; 0.216          ; High Pulse Width ; CTR_INCDEC:inst|div_2048:inst5|26 ; Rise       ; CTR_INCDEC:inst|div_2048:inst6|12 ;
; 0.300  ; 0.516        ; 0.216          ; High Pulse Width ; CTR_INCDEC:inst|div_2048:inst5|26 ; Rise       ; CTR_INCDEC:inst|div_2048:inst6|13 ;
; 0.300  ; 0.516        ; 0.216          ; High Pulse Width ; CTR_INCDEC:inst|div_2048:inst5|26 ; Rise       ; CTR_INCDEC:inst|div_2048:inst6|22 ;
; 0.300  ; 0.516        ; 0.216          ; High Pulse Width ; CTR_INCDEC:inst|div_2048:inst5|26 ; Rise       ; CTR_INCDEC:inst|div_2048:inst6|23 ;
; 0.300  ; 0.516        ; 0.216          ; High Pulse Width ; CTR_INCDEC:inst|div_2048:inst5|26 ; Rise       ; CTR_INCDEC:inst|div_2048:inst6|26 ;
; 0.300  ; 0.516        ; 0.216          ; High Pulse Width ; CTR_INCDEC:inst|div_2048:inst5|26 ; Rise       ; CTR_INCDEC:inst|div_2048:inst6|28 ;
; 0.300  ; 0.516        ; 0.216          ; High Pulse Width ; CTR_INCDEC:inst|div_2048:inst5|26 ; Rise       ; CTR_INCDEC:inst|div_2048:inst6|4  ;
; 0.300  ; 0.516        ; 0.216          ; High Pulse Width ; CTR_INCDEC:inst|div_2048:inst5|26 ; Rise       ; CTR_INCDEC:inst|div_2048:inst6|5  ;
; 0.300  ; 0.516        ; 0.216          ; High Pulse Width ; CTR_INCDEC:inst|div_2048:inst5|26 ; Rise       ; CTR_INCDEC:inst|div_2048:inst6|6  ;
; 0.300  ; 0.516        ; 0.216          ; High Pulse Width ; CTR_INCDEC:inst|div_2048:inst5|26 ; Rise       ; CTR_INCDEC:inst|div_2048:inst6|7  ;
; 0.459  ; 0.459        ; 0.000          ; Low Pulse Width  ; CTR_INCDEC:inst|div_2048:inst5|26 ; Rise       ; inst|inst6|11|clk                 ;
; 0.459  ; 0.459        ; 0.000          ; Low Pulse Width  ; CTR_INCDEC:inst|div_2048:inst5|26 ; Rise       ; inst|inst6|12|clk                 ;
; 0.459  ; 0.459        ; 0.000          ; Low Pulse Width  ; CTR_INCDEC:inst|div_2048:inst5|26 ; Rise       ; inst|inst6|13|clk                 ;
; 0.459  ; 0.459        ; 0.000          ; Low Pulse Width  ; CTR_INCDEC:inst|div_2048:inst5|26 ; Rise       ; inst|inst6|22|clk                 ;
; 0.459  ; 0.459        ; 0.000          ; Low Pulse Width  ; CTR_INCDEC:inst|div_2048:inst5|26 ; Rise       ; inst|inst6|23|clk                 ;
; 0.459  ; 0.459        ; 0.000          ; Low Pulse Width  ; CTR_INCDEC:inst|div_2048:inst5|26 ; Rise       ; inst|inst6|26|clk                 ;
; 0.459  ; 0.459        ; 0.000          ; Low Pulse Width  ; CTR_INCDEC:inst|div_2048:inst5|26 ; Rise       ; inst|inst6|28|clk                 ;
; 0.459  ; 0.459        ; 0.000          ; Low Pulse Width  ; CTR_INCDEC:inst|div_2048:inst5|26 ; Rise       ; inst|inst6|4|clk                  ;
; 0.459  ; 0.459        ; 0.000          ; Low Pulse Width  ; CTR_INCDEC:inst|div_2048:inst5|26 ; Rise       ; inst|inst6|5|clk                  ;
; 0.459  ; 0.459        ; 0.000          ; Low Pulse Width  ; CTR_INCDEC:inst|div_2048:inst5|26 ; Rise       ; inst|inst6|6|clk                  ;
; 0.459  ; 0.459        ; 0.000          ; Low Pulse Width  ; CTR_INCDEC:inst|div_2048:inst5|26 ; Rise       ; inst|inst6|7|clk                  ;
; 0.466  ; 0.466        ; 0.000          ; Low Pulse Width  ; CTR_INCDEC:inst|div_2048:inst5|26 ; Rise       ; inst|inst5|26~clkctrl|inclk[0]    ;
; 0.466  ; 0.466        ; 0.000          ; Low Pulse Width  ; CTR_INCDEC:inst|div_2048:inst5|26 ; Rise       ; inst|inst5|26~clkctrl|outclk      ;
; 0.500  ; 0.500        ; 0.000          ; High Pulse Width ; CTR_INCDEC:inst|div_2048:inst5|26 ; Rise       ; inst|inst5|26|q                   ;
; 0.500  ; 0.500        ; 0.000          ; Low Pulse Width  ; CTR_INCDEC:inst|div_2048:inst5|26 ; Rise       ; inst|inst5|26|q                   ;
; 0.533  ; 0.533        ; 0.000          ; High Pulse Width ; CTR_INCDEC:inst|div_2048:inst5|26 ; Rise       ; inst|inst5|26~clkctrl|inclk[0]    ;
; 0.533  ; 0.533        ; 0.000          ; High Pulse Width ; CTR_INCDEC:inst|div_2048:inst5|26 ; Rise       ; inst|inst5|26~clkctrl|outclk      ;
; 0.540  ; 0.540        ; 0.000          ; High Pulse Width ; CTR_INCDEC:inst|div_2048:inst5|26 ; Rise       ; inst|inst6|11|clk                 ;
; 0.540  ; 0.540        ; 0.000          ; High Pulse Width ; CTR_INCDEC:inst|div_2048:inst5|26 ; Rise       ; inst|inst6|12|clk                 ;
; 0.540  ; 0.540        ; 0.000          ; High Pulse Width ; CTR_INCDEC:inst|div_2048:inst5|26 ; Rise       ; inst|inst6|13|clk                 ;
; 0.540  ; 0.540        ; 0.000          ; High Pulse Width ; CTR_INCDEC:inst|div_2048:inst5|26 ; Rise       ; inst|inst6|22|clk                 ;
; 0.540  ; 0.540        ; 0.000          ; High Pulse Width ; CTR_INCDEC:inst|div_2048:inst5|26 ; Rise       ; inst|inst6|23|clk                 ;
; 0.540  ; 0.540        ; 0.000          ; High Pulse Width ; CTR_INCDEC:inst|div_2048:inst5|26 ; Rise       ; inst|inst6|26|clk                 ;
; 0.540  ; 0.540        ; 0.000          ; High Pulse Width ; CTR_INCDEC:inst|div_2048:inst5|26 ; Rise       ; inst|inst6|28|clk                 ;
; 0.540  ; 0.540        ; 0.000          ; High Pulse Width ; CTR_INCDEC:inst|div_2048:inst5|26 ; Rise       ; inst|inst6|4|clk                  ;
; 0.540  ; 0.540        ; 0.000          ; High Pulse Width ; CTR_INCDEC:inst|div_2048:inst5|26 ; Rise       ; inst|inst6|5|clk                  ;
; 0.540  ; 0.540        ; 0.000          ; High Pulse Width ; CTR_INCDEC:inst|div_2048:inst5|26 ; Rise       ; inst|inst6|6|clk                  ;
; 0.540  ; 0.540        ; 0.000          ; High Pulse Width ; CTR_INCDEC:inst|div_2048:inst5|26 ; Rise       ; inst|inst6|7|clk                  ;
+--------+--------------+----------------+------------------+-----------------------------------+------------+-----------------------------------+


+------------------------------------------------------------------------------------------------------------------------------------------------------+
; Slow 1200mV 85C Model Minimum Pulse Width: 'CTR_INCDEC:inst|div_2048:inst6|26'                                                                       ;
+--------+--------------+----------------+------------------+-----------------------------------+------------+-----------------------------------------+
; Slack  ; Actual Width ; Required Width ; Type             ; Clock                             ; Clock Edge ; Target                                  ;
+--------+--------------+----------------+------------------+-----------------------------------+------------+-----------------------------------------+
; -1.000 ; 1.000        ; 2.000          ; Min Period       ; CTR_INCDEC:inst|div_2048:inst6|26 ; Rise       ; CTR_INCDEC:inst|CONTADOR_6:inst4|inst21 ;
; -1.000 ; 1.000        ; 2.000          ; Min Period       ; CTR_INCDEC:inst|div_2048:inst6|26 ; Rise       ; CTR_INCDEC:inst|CONTADOR_6:inst4|inst22 ;
; -1.000 ; 1.000        ; 2.000          ; Min Period       ; CTR_INCDEC:inst|div_2048:inst6|26 ; Rise       ; CTR_INCDEC:inst|CONTADOR_6:inst4|inst23 ;
; -1.000 ; 1.000        ; 2.000          ; Min Period       ; CTR_INCDEC:inst|div_2048:inst6|26 ; Rise       ; CTR_INCDEC:inst|CTRL_Cont6:inst2|inst   ;
; -1.000 ; 1.000        ; 2.000          ; Min Period       ; CTR_INCDEC:inst|div_2048:inst6|26 ; Rise       ; CTR_INCDEC:inst|CTRL_Cont6:inst2|inst1  ;
; -1.000 ; 1.000        ; 2.000          ; Min Period       ; CTR_INCDEC:inst|div_2048:inst6|26 ; Rise       ; CTR_INCDEC:inst|CTRL_Cont6:inst2|inst2  ;
; -1.000 ; 1.000        ; 2.000          ; Min Period       ; CTR_INCDEC:inst|div_2048:inst6|26 ; Rise       ; CTR_INCDEC:inst|CTRL_Cont6:inst3|inst   ;
; -1.000 ; 1.000        ; 2.000          ; Min Period       ; CTR_INCDEC:inst|div_2048:inst6|26 ; Rise       ; CTR_INCDEC:inst|CTRL_Cont6:inst3|inst1  ;
; -1.000 ; 1.000        ; 2.000          ; Min Period       ; CTR_INCDEC:inst|div_2048:inst6|26 ; Rise       ; CTR_INCDEC:inst|CTRL_Cont6:inst3|inst2  ;
; 0.281  ; 0.465        ; 0.184          ; Low Pulse Width  ; CTR_INCDEC:inst|div_2048:inst6|26 ; Rise       ; CTR_INCDEC:inst|CONTADOR_6:inst4|inst22 ;
; 0.296  ; 0.512        ; 0.216          ; High Pulse Width ; CTR_INCDEC:inst|div_2048:inst6|26 ; Rise       ; CTR_INCDEC:inst|CONTADOR_6:inst4|inst21 ;
; 0.296  ; 0.512        ; 0.216          ; High Pulse Width ; CTR_INCDEC:inst|div_2048:inst6|26 ; Rise       ; CTR_INCDEC:inst|CONTADOR_6:inst4|inst23 ;
; 0.296  ; 0.512        ; 0.216          ; High Pulse Width ; CTR_INCDEC:inst|div_2048:inst6|26 ; Rise       ; CTR_INCDEC:inst|CTRL_Cont6:inst2|inst   ;
; 0.296  ; 0.512        ; 0.216          ; High Pulse Width ; CTR_INCDEC:inst|div_2048:inst6|26 ; Rise       ; CTR_INCDEC:inst|CTRL_Cont6:inst2|inst1  ;
; 0.296  ; 0.512        ; 0.216          ; High Pulse Width ; CTR_INCDEC:inst|div_2048:inst6|26 ; Rise       ; CTR_INCDEC:inst|CTRL_Cont6:inst2|inst2  ;
; 0.296  ; 0.512        ; 0.216          ; High Pulse Width ; CTR_INCDEC:inst|div_2048:inst6|26 ; Rise       ; CTR_INCDEC:inst|CTRL_Cont6:inst3|inst   ;
; 0.296  ; 0.512        ; 0.216          ; High Pulse Width ; CTR_INCDEC:inst|div_2048:inst6|26 ; Rise       ; CTR_INCDEC:inst|CTRL_Cont6:inst3|inst1  ;
; 0.296  ; 0.512        ; 0.216          ; High Pulse Width ; CTR_INCDEC:inst|div_2048:inst6|26 ; Rise       ; CTR_INCDEC:inst|CTRL_Cont6:inst3|inst2  ;
; 0.299  ; 0.483        ; 0.184          ; Low Pulse Width  ; CTR_INCDEC:inst|div_2048:inst6|26 ; Rise       ; CTR_INCDEC:inst|CONTADOR_6:inst4|inst21 ;
; 0.299  ; 0.483        ; 0.184          ; Low Pulse Width  ; CTR_INCDEC:inst|div_2048:inst6|26 ; Rise       ; CTR_INCDEC:inst|CONTADOR_6:inst4|inst23 ;
; 0.299  ; 0.483        ; 0.184          ; Low Pulse Width  ; CTR_INCDEC:inst|div_2048:inst6|26 ; Rise       ; CTR_INCDEC:inst|CTRL_Cont6:inst2|inst   ;
; 0.299  ; 0.483        ; 0.184          ; Low Pulse Width  ; CTR_INCDEC:inst|div_2048:inst6|26 ; Rise       ; CTR_INCDEC:inst|CTRL_Cont6:inst2|inst1  ;
; 0.299  ; 0.483        ; 0.184          ; Low Pulse Width  ; CTR_INCDEC:inst|div_2048:inst6|26 ; Rise       ; CTR_INCDEC:inst|CTRL_Cont6:inst2|inst2  ;
; 0.299  ; 0.483        ; 0.184          ; Low Pulse Width  ; CTR_INCDEC:inst|div_2048:inst6|26 ; Rise       ; CTR_INCDEC:inst|CTRL_Cont6:inst3|inst   ;
; 0.299  ; 0.483        ; 0.184          ; Low Pulse Width  ; CTR_INCDEC:inst|div_2048:inst6|26 ; Rise       ; CTR_INCDEC:inst|CTRL_Cont6:inst3|inst1  ;
; 0.299  ; 0.483        ; 0.184          ; Low Pulse Width  ; CTR_INCDEC:inst|div_2048:inst6|26 ; Rise       ; CTR_INCDEC:inst|CTRL_Cont6:inst3|inst2  ;
; 0.315  ; 0.531        ; 0.216          ; High Pulse Width ; CTR_INCDEC:inst|div_2048:inst6|26 ; Rise       ; CTR_INCDEC:inst|CONTADOR_6:inst4|inst22 ;
; 0.443  ; 0.443        ; 0.000          ; Low Pulse Width  ; CTR_INCDEC:inst|div_2048:inst6|26 ; Rise       ; inst|inst4|inst22|clk                   ;
; 0.461  ; 0.461        ; 0.000          ; Low Pulse Width  ; CTR_INCDEC:inst|div_2048:inst6|26 ; Rise       ; inst|inst2|inst1|clk                    ;
; 0.461  ; 0.461        ; 0.000          ; Low Pulse Width  ; CTR_INCDEC:inst|div_2048:inst6|26 ; Rise       ; inst|inst2|inst2|clk                    ;
; 0.461  ; 0.461        ; 0.000          ; Low Pulse Width  ; CTR_INCDEC:inst|div_2048:inst6|26 ; Rise       ; inst|inst2|inst|clk                     ;
; 0.461  ; 0.461        ; 0.000          ; Low Pulse Width  ; CTR_INCDEC:inst|div_2048:inst6|26 ; Rise       ; inst|inst3|inst1|clk                    ;
; 0.461  ; 0.461        ; 0.000          ; Low Pulse Width  ; CTR_INCDEC:inst|div_2048:inst6|26 ; Rise       ; inst|inst3|inst2|clk                    ;
; 0.461  ; 0.461        ; 0.000          ; Low Pulse Width  ; CTR_INCDEC:inst|div_2048:inst6|26 ; Rise       ; inst|inst3|inst|clk                     ;
; 0.461  ; 0.461        ; 0.000          ; Low Pulse Width  ; CTR_INCDEC:inst|div_2048:inst6|26 ; Rise       ; inst|inst4|inst21|clk                   ;
; 0.461  ; 0.461        ; 0.000          ; Low Pulse Width  ; CTR_INCDEC:inst|div_2048:inst6|26 ; Rise       ; inst|inst4|inst23|clk                   ;
; 0.468  ; 0.468        ; 0.000          ; Low Pulse Width  ; CTR_INCDEC:inst|div_2048:inst6|26 ; Rise       ; inst|inst6|26~clkctrl|inclk[0]          ;
; 0.468  ; 0.468        ; 0.000          ; Low Pulse Width  ; CTR_INCDEC:inst|div_2048:inst6|26 ; Rise       ; inst|inst6|26~clkctrl|outclk            ;
; 0.500  ; 0.500        ; 0.000          ; High Pulse Width ; CTR_INCDEC:inst|div_2048:inst6|26 ; Rise       ; inst|inst6|26|q                         ;
; 0.500  ; 0.500        ; 0.000          ; Low Pulse Width  ; CTR_INCDEC:inst|div_2048:inst6|26 ; Rise       ; inst|inst6|26|q                         ;
; 0.530  ; 0.530        ; 0.000          ; High Pulse Width ; CTR_INCDEC:inst|div_2048:inst6|26 ; Rise       ; inst|inst6|26~clkctrl|inclk[0]          ;
; 0.530  ; 0.530        ; 0.000          ; High Pulse Width ; CTR_INCDEC:inst|div_2048:inst6|26 ; Rise       ; inst|inst6|26~clkctrl|outclk            ;
; 0.536  ; 0.536        ; 0.000          ; High Pulse Width ; CTR_INCDEC:inst|div_2048:inst6|26 ; Rise       ; inst|inst2|inst1|clk                    ;
; 0.536  ; 0.536        ; 0.000          ; High Pulse Width ; CTR_INCDEC:inst|div_2048:inst6|26 ; Rise       ; inst|inst2|inst2|clk                    ;
; 0.536  ; 0.536        ; 0.000          ; High Pulse Width ; CTR_INCDEC:inst|div_2048:inst6|26 ; Rise       ; inst|inst2|inst|clk                     ;
; 0.536  ; 0.536        ; 0.000          ; High Pulse Width ; CTR_INCDEC:inst|div_2048:inst6|26 ; Rise       ; inst|inst3|inst1|clk                    ;
; 0.536  ; 0.536        ; 0.000          ; High Pulse Width ; CTR_INCDEC:inst|div_2048:inst6|26 ; Rise       ; inst|inst3|inst2|clk                    ;
; 0.536  ; 0.536        ; 0.000          ; High Pulse Width ; CTR_INCDEC:inst|div_2048:inst6|26 ; Rise       ; inst|inst3|inst|clk                     ;
; 0.536  ; 0.536        ; 0.000          ; High Pulse Width ; CTR_INCDEC:inst|div_2048:inst6|26 ; Rise       ; inst|inst4|inst21|clk                   ;
; 0.536  ; 0.536        ; 0.000          ; High Pulse Width ; CTR_INCDEC:inst|div_2048:inst6|26 ; Rise       ; inst|inst4|inst23|clk                   ;
; 0.555  ; 0.555        ; 0.000          ; High Pulse Width ; CTR_INCDEC:inst|div_2048:inst6|26 ; Rise       ; inst|inst4|inst22|clk                   ;
+--------+--------------+----------------+------------------+-----------------------------------+------------+-----------------------------------------+


+----------------------------------------------------------------------------------------------------------------+
; Setup Times                                                                                                    ;
+-----------+-----------------------------------+-------+-------+------------+-----------------------------------+
; Data Port ; Clock Port                        ; Rise  ; Fall  ; Clock Edge ; Clock Reference                   ;
+-----------+-----------------------------------+-------+-------+------------+-----------------------------------+
; boton1    ; CTR_INCDEC:inst|div_2048:inst6|26 ; 3.280 ; 3.747 ; Rise       ; CTR_INCDEC:inst|div_2048:inst6|26 ;
; boton2    ; CTR_INCDEC:inst|div_2048:inst6|26 ; 3.390 ; 3.844 ; Rise       ; CTR_INCDEC:inst|div_2048:inst6|26 ;
+-----------+-----------------------------------+-------+-------+------------+-----------------------------------+


+------------------------------------------------------------------------------------------------------------------+
; Hold Times                                                                                                       ;
+-----------+-----------------------------------+--------+--------+------------+-----------------------------------+
; Data Port ; Clock Port                        ; Rise   ; Fall   ; Clock Edge ; Clock Reference                   ;
+-----------+-----------------------------------+--------+--------+------------+-----------------------------------+
; boton1    ; CTR_INCDEC:inst|div_2048:inst6|26 ; -1.971 ; -2.443 ; Rise       ; CTR_INCDEC:inst|div_2048:inst6|26 ;
; boton2    ; CTR_INCDEC:inst|div_2048:inst6|26 ; -2.259 ; -2.722 ; Rise       ; CTR_INCDEC:inst|div_2048:inst6|26 ;
+-----------+-----------------------------------+--------+--------+------------+-----------------------------------+


+----------------------------------------------------------------------------------------------------------------+
; Clock to Output Times                                                                                          ;
+-----------+-----------------------------------+-------+-------+------------+-----------------------------------+
; Data Port ; Clock Port                        ; Rise  ; Fall  ; Clock Edge ; Clock Reference                   ;
+-----------+-----------------------------------+-------+-------+------------+-----------------------------------+
; Disp[*]   ; CTR_INCDEC:inst|div_2048:inst6|26 ; 6.576 ; 6.530 ; Rise       ; CTR_INCDEC:inst|div_2048:inst6|26 ;
;  Disp[0]  ; CTR_INCDEC:inst|div_2048:inst6|26 ; 6.576 ; 6.399 ; Rise       ; CTR_INCDEC:inst|div_2048:inst6|26 ;
;  Disp[1]  ; CTR_INCDEC:inst|div_2048:inst6|26 ; 6.411 ; 6.530 ; Rise       ; CTR_INCDEC:inst|div_2048:inst6|26 ;
;  Disp[2]  ; CTR_INCDEC:inst|div_2048:inst6|26 ; 6.006 ; 6.001 ; Rise       ; CTR_INCDEC:inst|div_2048:inst6|26 ;
;  Disp[3]  ; CTR_INCDEC:inst|div_2048:inst6|26 ; 6.050 ; 6.005 ; Rise       ; CTR_INCDEC:inst|div_2048:inst6|26 ;
;  Disp[4]  ; CTR_INCDEC:inst|div_2048:inst6|26 ; 6.059 ; 5.969 ; Rise       ; CTR_INCDEC:inst|div_2048:inst6|26 ;
;  Disp[5]  ; CTR_INCDEC:inst|div_2048:inst6|26 ; 5.971 ; 5.972 ; Rise       ; CTR_INCDEC:inst|div_2048:inst6|26 ;
;  Disp[6]  ; CTR_INCDEC:inst|div_2048:inst6|26 ; 6.041 ; 5.992 ; Rise       ; CTR_INCDEC:inst|div_2048:inst6|26 ;
+-----------+-----------------------------------+-------+-------+------------+-----------------------------------+


+----------------------------------------------------------------------------------------------------------------+
; Minimum Clock to Output Times                                                                                  ;
+-----------+-----------------------------------+-------+-------+------------+-----------------------------------+
; Data Port ; Clock Port                        ; Rise  ; Fall  ; Clock Edge ; Clock Reference                   ;
+-----------+-----------------------------------+-------+-------+------------+-----------------------------------+
; Disp[*]   ; CTR_INCDEC:inst|div_2048:inst6|26 ; 5.540 ; 5.443 ; Rise       ; CTR_INCDEC:inst|div_2048:inst6|26 ;
;  Disp[0]  ; CTR_INCDEC:inst|div_2048:inst6|26 ; 5.757 ; 5.667 ; Rise       ; CTR_INCDEC:inst|div_2048:inst6|26 ;
;  Disp[1]  ; CTR_INCDEC:inst|div_2048:inst6|26 ; 5.605 ; 5.685 ; Rise       ; CTR_INCDEC:inst|div_2048:inst6|26 ;
;  Disp[2]  ; CTR_INCDEC:inst|div_2048:inst6|26 ; 5.595 ; 5.470 ; Rise       ; CTR_INCDEC:inst|div_2048:inst6|26 ;
;  Disp[3]  ; CTR_INCDEC:inst|div_2048:inst6|26 ; 5.548 ; 5.473 ; Rise       ; CTR_INCDEC:inst|div_2048:inst6|26 ;
;  Disp[4]  ; CTR_INCDEC:inst|div_2048:inst6|26 ; 5.561 ; 5.529 ; Rise       ; CTR_INCDEC:inst|div_2048:inst6|26 ;
;  Disp[5]  ; CTR_INCDEC:inst|div_2048:inst6|26 ; 5.571 ; 5.443 ; Rise       ; CTR_INCDEC:inst|div_2048:inst6|26 ;
;  Disp[6]  ; CTR_INCDEC:inst|div_2048:inst6|26 ; 5.540 ; 5.462 ; Rise       ; CTR_INCDEC:inst|div_2048:inst6|26 ;
+-----------+-----------------------------------+-------+-------+------------+-----------------------------------+


----------------------------------------------
; Slow 1200mV 85C Model Metastability Report ;
----------------------------------------------
No synchronizer chains to report.


+----------------------------------------------------------------------------------------------------------------------------------+
; Slow 1200mV 0C Model Fmax Summary                                                                                                ;
+------------+-----------------+-----------------------------------+---------------------------------------------------------------+
; Fmax       ; Restricted Fmax ; Clock Name                        ; Note                                                          ;
+------------+-----------------+-----------------------------------+---------------------------------------------------------------+
; 531.35 MHz ; 500.0 MHz       ; CTR_INCDEC:inst|div_2048:inst5|26 ; limit due to minimum period restriction (tmin)                ;
; 535.62 MHz ; 250.0 MHz       ; clk                               ; limit due to minimum period restriction (max I/O toggle rate) ;
; 630.52 MHz ; 500.0 MHz       ; CTR_INCDEC:inst|div_2048:inst6|26 ; limit due to minimum period restriction (tmin)                ;
+------------+-----------------+-----------------------------------+---------------------------------------------------------------+
This panel reports FMAX for every clock in the design, regardless of the user-specified clock periods.  FMAX is only computed for paths where the source and destination registers or ports are driven by the same clock.  Paths of different clocks, including generated clocks, are ignored.  For paths between a clock and its inversion, FMAX is computed as if the rising and falling edges are scaled along with FMAX, such that the duty cycle (in terms of a percentage) is maintained. Altera recommends that you always use clock constraints and other slack reports for sign-off analysis.


+------------------------------------------------------------+
; Slow 1200mV 0C Model Setup Summary                         ;
+-----------------------------------+--------+---------------+
; Clock                             ; Slack  ; End Point TNS ;
+-----------------------------------+--------+---------------+
; CTR_INCDEC:inst|div_2048:inst5|26 ; -0.882 ; -4.228        ;
; clk                               ; -0.867 ; -4.402        ;
; CTR_INCDEC:inst|div_2048:inst6|26 ; -0.586 ; -2.156        ;
+-----------------------------------+--------+---------------+


+------------------------------------------------------------+
; Slow 1200mV 0C Model Hold Summary                          ;
+-----------------------------------+--------+---------------+
; Clock                             ; Slack  ; End Point TNS ;
+-----------------------------------+--------+---------------+
; CTR_INCDEC:inst|div_2048:inst5|26 ; -0.176 ; -0.176        ;
; clk                               ; -0.090 ; -0.090        ;
; CTR_INCDEC:inst|div_2048:inst6|26 ; 0.232  ; 0.000         ;
+-----------------------------------+--------+---------------+


-----------------------------------------
; Slow 1200mV 0C Model Recovery Summary ;
-----------------------------------------
No paths to report.


----------------------------------------
; Slow 1200mV 0C Model Removal Summary ;
----------------------------------------
No paths to report.


+------------------------------------------------------------+
; Slow 1200mV 0C Model Minimum Pulse Width Summary           ;
+-----------------------------------+--------+---------------+
; Clock                             ; Slack  ; End Point TNS ;
+-----------------------------------+--------+---------------+
; clk                               ; -3.000 ; -14.000       ;
; CTR_INCDEC:inst|div_2048:inst5|26 ; -1.000 ; -11.000       ;
; CTR_INCDEC:inst|div_2048:inst6|26 ; -1.000 ; -9.000        ;
+-----------------------------------+--------+---------------+


+-------------------------------------------------------------------------------------------------------------------------------------------------------------------------------------------------+
; Slow 1200mV 0C Model Setup: 'CTR_INCDEC:inst|div_2048:inst5|26'                                                                                                                                 ;
+--------+-----------------------------------+-----------------------------------+-----------------------------------+-----------------------------------+--------------+------------+------------+
; Slack  ; From Node                         ; To Node                           ; Launch Clock                      ; Latch Clock                       ; Relationship ; Clock Skew ; Data Delay ;
+--------+-----------------------------------+-----------------------------------+-----------------------------------+-----------------------------------+--------------+------------+------------+
; -0.882 ; CTR_INCDEC:inst|div_2048:inst6|12 ; CTR_INCDEC:inst|div_2048:inst6|26 ; CTR_INCDEC:inst|div_2048:inst5|26 ; CTR_INCDEC:inst|div_2048:inst5|26 ; 1.000        ; -0.054     ; 1.823      ;
; -0.863 ; CTR_INCDEC:inst|div_2048:inst6|22 ; CTR_INCDEC:inst|div_2048:inst6|26 ; CTR_INCDEC:inst|div_2048:inst5|26 ; CTR_INCDEC:inst|div_2048:inst5|26 ; 1.000        ; -0.054     ; 1.804      ;
; -0.772 ; CTR_INCDEC:inst|div_2048:inst6|7  ; CTR_INCDEC:inst|div_2048:inst6|26 ; CTR_INCDEC:inst|div_2048:inst5|26 ; CTR_INCDEC:inst|div_2048:inst5|26 ; 1.000        ; -0.054     ; 1.713      ;
; -0.767 ; CTR_INCDEC:inst|div_2048:inst6|6  ; CTR_INCDEC:inst|div_2048:inst6|26 ; CTR_INCDEC:inst|div_2048:inst5|26 ; CTR_INCDEC:inst|div_2048:inst5|26 ; 1.000        ; -0.054     ; 1.708      ;
; -0.766 ; CTR_INCDEC:inst|div_2048:inst6|13 ; CTR_INCDEC:inst|div_2048:inst6|26 ; CTR_INCDEC:inst|div_2048:inst5|26 ; CTR_INCDEC:inst|div_2048:inst5|26 ; 1.000        ; -0.054     ; 1.707      ;
; -0.669 ; CTR_INCDEC:inst|div_2048:inst6|11 ; CTR_INCDEC:inst|div_2048:inst6|26 ; CTR_INCDEC:inst|div_2048:inst5|26 ; CTR_INCDEC:inst|div_2048:inst5|26 ; 1.000        ; -0.054     ; 1.610      ;
; -0.668 ; CTR_INCDEC:inst|div_2048:inst6|4  ; CTR_INCDEC:inst|div_2048:inst6|26 ; CTR_INCDEC:inst|div_2048:inst5|26 ; CTR_INCDEC:inst|div_2048:inst5|26 ; 1.000        ; -0.054     ; 1.609      ;
; -0.558 ; CTR_INCDEC:inst|div_2048:inst6|5  ; CTR_INCDEC:inst|div_2048:inst6|26 ; CTR_INCDEC:inst|div_2048:inst5|26 ; CTR_INCDEC:inst|div_2048:inst5|26 ; 1.000        ; -0.054     ; 1.499      ;
; -0.517 ; CTR_INCDEC:inst|div_2048:inst6|7  ; CTR_INCDEC:inst|div_2048:inst6|11 ; CTR_INCDEC:inst|div_2048:inst5|26 ; CTR_INCDEC:inst|div_2048:inst5|26 ; 1.000        ; -0.054     ; 1.458      ;
; -0.516 ; CTR_INCDEC:inst|div_2048:inst6|7  ; CTR_INCDEC:inst|div_2048:inst6|12 ; CTR_INCDEC:inst|div_2048:inst5|26 ; CTR_INCDEC:inst|div_2048:inst5|26 ; 1.000        ; -0.054     ; 1.457      ;
; -0.514 ; CTR_INCDEC:inst|div_2048:inst6|7  ; CTR_INCDEC:inst|div_2048:inst6|28 ; CTR_INCDEC:inst|div_2048:inst5|26 ; CTR_INCDEC:inst|div_2048:inst5|26 ; 1.000        ; -0.054     ; 1.455      ;
; -0.513 ; CTR_INCDEC:inst|div_2048:inst6|7  ; CTR_INCDEC:inst|div_2048:inst6|23 ; CTR_INCDEC:inst|div_2048:inst5|26 ; CTR_INCDEC:inst|div_2048:inst5|26 ; 1.000        ; -0.054     ; 1.454      ;
; -0.513 ; CTR_INCDEC:inst|div_2048:inst6|7  ; CTR_INCDEC:inst|div_2048:inst6|22 ; CTR_INCDEC:inst|div_2048:inst5|26 ; CTR_INCDEC:inst|div_2048:inst5|26 ; 1.000        ; -0.054     ; 1.454      ;
; -0.512 ; CTR_INCDEC:inst|div_2048:inst6|6  ; CTR_INCDEC:inst|div_2048:inst6|11 ; CTR_INCDEC:inst|div_2048:inst5|26 ; CTR_INCDEC:inst|div_2048:inst5|26 ; 1.000        ; -0.054     ; 1.453      ;
; -0.511 ; CTR_INCDEC:inst|div_2048:inst6|6  ; CTR_INCDEC:inst|div_2048:inst6|12 ; CTR_INCDEC:inst|div_2048:inst5|26 ; CTR_INCDEC:inst|div_2048:inst5|26 ; 1.000        ; -0.054     ; 1.452      ;
; -0.510 ; CTR_INCDEC:inst|div_2048:inst6|7  ; CTR_INCDEC:inst|div_2048:inst6|13 ; CTR_INCDEC:inst|div_2048:inst5|26 ; CTR_INCDEC:inst|div_2048:inst5|26 ; 1.000        ; -0.054     ; 1.451      ;
; -0.509 ; CTR_INCDEC:inst|div_2048:inst6|6  ; CTR_INCDEC:inst|div_2048:inst6|28 ; CTR_INCDEC:inst|div_2048:inst5|26 ; CTR_INCDEC:inst|div_2048:inst5|26 ; 1.000        ; -0.054     ; 1.450      ;
; -0.508 ; CTR_INCDEC:inst|div_2048:inst6|6  ; CTR_INCDEC:inst|div_2048:inst6|23 ; CTR_INCDEC:inst|div_2048:inst5|26 ; CTR_INCDEC:inst|div_2048:inst5|26 ; 1.000        ; -0.054     ; 1.449      ;
; -0.508 ; CTR_INCDEC:inst|div_2048:inst6|6  ; CTR_INCDEC:inst|div_2048:inst6|22 ; CTR_INCDEC:inst|div_2048:inst5|26 ; CTR_INCDEC:inst|div_2048:inst5|26 ; 1.000        ; -0.054     ; 1.449      ;
; -0.505 ; CTR_INCDEC:inst|div_2048:inst6|6  ; CTR_INCDEC:inst|div_2048:inst6|13 ; CTR_INCDEC:inst|div_2048:inst5|26 ; CTR_INCDEC:inst|div_2048:inst5|26 ; 1.000        ; -0.054     ; 1.446      ;
; -0.473 ; CTR_INCDEC:inst|div_2048:inst6|28 ; CTR_INCDEC:inst|div_2048:inst6|26 ; CTR_INCDEC:inst|div_2048:inst5|26 ; CTR_INCDEC:inst|div_2048:inst5|26 ; 1.000        ; -0.054     ; 1.414      ;
; -0.450 ; CTR_INCDEC:inst|div_2048:inst6|23 ; CTR_INCDEC:inst|div_2048:inst6|26 ; CTR_INCDEC:inst|div_2048:inst5|26 ; CTR_INCDEC:inst|div_2048:inst5|26 ; 1.000        ; -0.054     ; 1.391      ;
; -0.413 ; CTR_INCDEC:inst|div_2048:inst6|4  ; CTR_INCDEC:inst|div_2048:inst6|11 ; CTR_INCDEC:inst|div_2048:inst5|26 ; CTR_INCDEC:inst|div_2048:inst5|26 ; 1.000        ; -0.054     ; 1.354      ;
; -0.412 ; CTR_INCDEC:inst|div_2048:inst6|4  ; CTR_INCDEC:inst|div_2048:inst6|12 ; CTR_INCDEC:inst|div_2048:inst5|26 ; CTR_INCDEC:inst|div_2048:inst5|26 ; 1.000        ; -0.054     ; 1.353      ;
; -0.410 ; CTR_INCDEC:inst|div_2048:inst6|4  ; CTR_INCDEC:inst|div_2048:inst6|28 ; CTR_INCDEC:inst|div_2048:inst5|26 ; CTR_INCDEC:inst|div_2048:inst5|26 ; 1.000        ; -0.054     ; 1.351      ;
; -0.409 ; CTR_INCDEC:inst|div_2048:inst6|4  ; CTR_INCDEC:inst|div_2048:inst6|23 ; CTR_INCDEC:inst|div_2048:inst5|26 ; CTR_INCDEC:inst|div_2048:inst5|26 ; 1.000        ; -0.054     ; 1.350      ;
; -0.409 ; CTR_INCDEC:inst|div_2048:inst6|4  ; CTR_INCDEC:inst|div_2048:inst6|22 ; CTR_INCDEC:inst|div_2048:inst5|26 ; CTR_INCDEC:inst|div_2048:inst5|26 ; 1.000        ; -0.054     ; 1.350      ;
; -0.406 ; CTR_INCDEC:inst|div_2048:inst6|4  ; CTR_INCDEC:inst|div_2048:inst6|13 ; CTR_INCDEC:inst|div_2048:inst5|26 ; CTR_INCDEC:inst|div_2048:inst5|26 ; 1.000        ; -0.054     ; 1.347      ;
; -0.303 ; CTR_INCDEC:inst|div_2048:inst6|5  ; CTR_INCDEC:inst|div_2048:inst6|11 ; CTR_INCDEC:inst|div_2048:inst5|26 ; CTR_INCDEC:inst|div_2048:inst5|26 ; 1.000        ; -0.054     ; 1.244      ;
; -0.302 ; CTR_INCDEC:inst|div_2048:inst6|5  ; CTR_INCDEC:inst|div_2048:inst6|12 ; CTR_INCDEC:inst|div_2048:inst5|26 ; CTR_INCDEC:inst|div_2048:inst5|26 ; 1.000        ; -0.054     ; 1.243      ;
; -0.300 ; CTR_INCDEC:inst|div_2048:inst6|5  ; CTR_INCDEC:inst|div_2048:inst6|28 ; CTR_INCDEC:inst|div_2048:inst5|26 ; CTR_INCDEC:inst|div_2048:inst5|26 ; 1.000        ; -0.054     ; 1.241      ;
; -0.299 ; CTR_INCDEC:inst|div_2048:inst6|5  ; CTR_INCDEC:inst|div_2048:inst6|23 ; CTR_INCDEC:inst|div_2048:inst5|26 ; CTR_INCDEC:inst|div_2048:inst5|26 ; 1.000        ; -0.054     ; 1.240      ;
; -0.299 ; CTR_INCDEC:inst|div_2048:inst6|5  ; CTR_INCDEC:inst|div_2048:inst6|22 ; CTR_INCDEC:inst|div_2048:inst5|26 ; CTR_INCDEC:inst|div_2048:inst5|26 ; 1.000        ; -0.054     ; 1.240      ;
; -0.296 ; CTR_INCDEC:inst|div_2048:inst6|5  ; CTR_INCDEC:inst|div_2048:inst6|13 ; CTR_INCDEC:inst|div_2048:inst5|26 ; CTR_INCDEC:inst|div_2048:inst5|26 ; 1.000        ; -0.054     ; 1.237      ;
; -0.233 ; CTR_INCDEC:inst|div_2048:inst6|22 ; CTR_INCDEC:inst|div_2048:inst6|28 ; CTR_INCDEC:inst|div_2048:inst5|26 ; CTR_INCDEC:inst|div_2048:inst5|26 ; 1.000        ; -0.054     ; 1.174      ;
; -0.232 ; CTR_INCDEC:inst|div_2048:inst6|22 ; CTR_INCDEC:inst|div_2048:inst6|23 ; CTR_INCDEC:inst|div_2048:inst5|26 ; CTR_INCDEC:inst|div_2048:inst5|26 ; 1.000        ; -0.054     ; 1.173      ;
; -0.229 ; CTR_INCDEC:inst|div_2048:inst6|22 ; CTR_INCDEC:inst|div_2048:inst6|13 ; CTR_INCDEC:inst|div_2048:inst5|26 ; CTR_INCDEC:inst|div_2048:inst5|26 ; 1.000        ; -0.054     ; 1.170      ;
; -0.221 ; CTR_INCDEC:inst|div_2048:inst6|12 ; CTR_INCDEC:inst|div_2048:inst6|28 ; CTR_INCDEC:inst|div_2048:inst5|26 ; CTR_INCDEC:inst|div_2048:inst5|26 ; 1.000        ; -0.054     ; 1.162      ;
; -0.220 ; CTR_INCDEC:inst|div_2048:inst6|12 ; CTR_INCDEC:inst|div_2048:inst6|23 ; CTR_INCDEC:inst|div_2048:inst5|26 ; CTR_INCDEC:inst|div_2048:inst5|26 ; 1.000        ; -0.054     ; 1.161      ;
; -0.218 ; CTR_INCDEC:inst|div_2048:inst6|5  ; CTR_INCDEC:inst|div_2048:inst6|4  ; CTR_INCDEC:inst|div_2048:inst5|26 ; CTR_INCDEC:inst|div_2048:inst5|26 ; 1.000        ; -0.054     ; 1.159      ;
; -0.217 ; CTR_INCDEC:inst|div_2048:inst6|12 ; CTR_INCDEC:inst|div_2048:inst6|13 ; CTR_INCDEC:inst|div_2048:inst5|26 ; CTR_INCDEC:inst|div_2048:inst5|26 ; 1.000        ; -0.054     ; 1.158      ;
; -0.210 ; CTR_INCDEC:inst|div_2048:inst6|11 ; CTR_INCDEC:inst|div_2048:inst6|28 ; CTR_INCDEC:inst|div_2048:inst5|26 ; CTR_INCDEC:inst|div_2048:inst5|26 ; 1.000        ; -0.054     ; 1.151      ;
; -0.209 ; CTR_INCDEC:inst|div_2048:inst6|11 ; CTR_INCDEC:inst|div_2048:inst6|23 ; CTR_INCDEC:inst|div_2048:inst5|26 ; CTR_INCDEC:inst|div_2048:inst5|26 ; 1.000        ; -0.054     ; 1.150      ;
; -0.206 ; CTR_INCDEC:inst|div_2048:inst6|11 ; CTR_INCDEC:inst|div_2048:inst6|13 ; CTR_INCDEC:inst|div_2048:inst5|26 ; CTR_INCDEC:inst|div_2048:inst5|26 ; 1.000        ; -0.054     ; 1.147      ;
; -0.046 ; CTR_INCDEC:inst|div_2048:inst6|11 ; CTR_INCDEC:inst|div_2048:inst6|22 ; CTR_INCDEC:inst|div_2048:inst5|26 ; CTR_INCDEC:inst|div_2048:inst5|26 ; 1.000        ; -0.054     ; 0.987      ;
; -0.045 ; CTR_INCDEC:inst|div_2048:inst6|7  ; CTR_INCDEC:inst|div_2048:inst6|5  ; CTR_INCDEC:inst|div_2048:inst5|26 ; CTR_INCDEC:inst|div_2048:inst5|26 ; 1.000        ; -0.054     ; 0.986      ;
; -0.045 ; CTR_INCDEC:inst|div_2048:inst6|7  ; CTR_INCDEC:inst|div_2048:inst6|4  ; CTR_INCDEC:inst|div_2048:inst5|26 ; CTR_INCDEC:inst|div_2048:inst5|26 ; 1.000        ; -0.054     ; 0.986      ;
; -0.045 ; CTR_INCDEC:inst|div_2048:inst6|6  ; CTR_INCDEC:inst|div_2048:inst6|5  ; CTR_INCDEC:inst|div_2048:inst5|26 ; CTR_INCDEC:inst|div_2048:inst5|26 ; 1.000        ; -0.054     ; 0.986      ;
; -0.043 ; CTR_INCDEC:inst|div_2048:inst6|6  ; CTR_INCDEC:inst|div_2048:inst6|4  ; CTR_INCDEC:inst|div_2048:inst5|26 ; CTR_INCDEC:inst|div_2048:inst5|26 ; 1.000        ; -0.054     ; 0.984      ;
; -0.036 ; CTR_INCDEC:inst|div_2048:inst6|12 ; CTR_INCDEC:inst|div_2048:inst6|22 ; CTR_INCDEC:inst|div_2048:inst5|26 ; CTR_INCDEC:inst|div_2048:inst5|26 ; 1.000        ; -0.054     ; 0.977      ;
; -0.035 ; CTR_INCDEC:inst|div_2048:inst6|12 ; CTR_INCDEC:inst|div_2048:inst6|11 ; CTR_INCDEC:inst|div_2048:inst5|26 ; CTR_INCDEC:inst|div_2048:inst5|26 ; 1.000        ; -0.054     ; 0.976      ;
; 0.084  ; CTR_INCDEC:inst|div_2048:inst6|28 ; CTR_INCDEC:inst|div_2048:inst6|13 ; CTR_INCDEC:inst|div_2048:inst5|26 ; CTR_INCDEC:inst|div_2048:inst5|26 ; 1.000        ; -0.054     ; 0.857      ;
; 0.085  ; CTR_INCDEC:inst|div_2048:inst6|28 ; CTR_INCDEC:inst|div_2048:inst6|23 ; CTR_INCDEC:inst|div_2048:inst5|26 ; CTR_INCDEC:inst|div_2048:inst5|26 ; 1.000        ; -0.054     ; 0.856      ;
; 0.099  ; CTR_INCDEC:inst|div_2048:inst6|23 ; CTR_INCDEC:inst|div_2048:inst6|13 ; CTR_INCDEC:inst|div_2048:inst5|26 ; CTR_INCDEC:inst|div_2048:inst5|26 ; 1.000        ; -0.054     ; 0.842      ;
; 0.165  ; CTR_INCDEC:inst|div_2048:inst6|7  ; CTR_INCDEC:inst|div_2048:inst6|6  ; CTR_INCDEC:inst|div_2048:inst5|26 ; CTR_INCDEC:inst|div_2048:inst5|26 ; 1.000        ; -0.054     ; 0.776      ;
; 0.296  ; CTR_INCDEC:inst|div_2048:inst6|26 ; CTR_INCDEC:inst|div_2048:inst6|26 ; CTR_INCDEC:inst|div_2048:inst6|26 ; CTR_INCDEC:inst|div_2048:inst5|26 ; 0.500        ; 1.890      ; 2.269      ;
; 0.358  ; CTR_INCDEC:inst|div_2048:inst6|7  ; CTR_INCDEC:inst|div_2048:inst6|7  ; CTR_INCDEC:inst|div_2048:inst5|26 ; CTR_INCDEC:inst|div_2048:inst5|26 ; 1.000        ; -0.054     ; 0.583      ;
; 0.358  ; CTR_INCDEC:inst|div_2048:inst6|11 ; CTR_INCDEC:inst|div_2048:inst6|11 ; CTR_INCDEC:inst|div_2048:inst5|26 ; CTR_INCDEC:inst|div_2048:inst5|26 ; 1.000        ; -0.054     ; 0.583      ;
; 0.358  ; CTR_INCDEC:inst|div_2048:inst6|12 ; CTR_INCDEC:inst|div_2048:inst6|12 ; CTR_INCDEC:inst|div_2048:inst5|26 ; CTR_INCDEC:inst|div_2048:inst5|26 ; 1.000        ; -0.054     ; 0.583      ;
; 0.358  ; CTR_INCDEC:inst|div_2048:inst6|28 ; CTR_INCDEC:inst|div_2048:inst6|28 ; CTR_INCDEC:inst|div_2048:inst5|26 ; CTR_INCDEC:inst|div_2048:inst5|26 ; 1.000        ; -0.054     ; 0.583      ;
; 0.358  ; CTR_INCDEC:inst|div_2048:inst6|23 ; CTR_INCDEC:inst|div_2048:inst6|23 ; CTR_INCDEC:inst|div_2048:inst5|26 ; CTR_INCDEC:inst|div_2048:inst5|26 ; 1.000        ; -0.054     ; 0.583      ;
; 0.358  ; CTR_INCDEC:inst|div_2048:inst6|22 ; CTR_INCDEC:inst|div_2048:inst6|22 ; CTR_INCDEC:inst|div_2048:inst5|26 ; CTR_INCDEC:inst|div_2048:inst5|26 ; 1.000        ; -0.054     ; 0.583      ;
; 0.358  ; CTR_INCDEC:inst|div_2048:inst6|13 ; CTR_INCDEC:inst|div_2048:inst6|13 ; CTR_INCDEC:inst|div_2048:inst5|26 ; CTR_INCDEC:inst|div_2048:inst5|26 ; 1.000        ; -0.054     ; 0.583      ;
; 0.358  ; CTR_INCDEC:inst|div_2048:inst6|4  ; CTR_INCDEC:inst|div_2048:inst6|4  ; CTR_INCDEC:inst|div_2048:inst5|26 ; CTR_INCDEC:inst|div_2048:inst5|26 ; 1.000        ; -0.054     ; 0.583      ;
; 0.358  ; CTR_INCDEC:inst|div_2048:inst6|5  ; CTR_INCDEC:inst|div_2048:inst6|5  ; CTR_INCDEC:inst|div_2048:inst5|26 ; CTR_INCDEC:inst|div_2048:inst5|26 ; 1.000        ; -0.054     ; 0.583      ;
; 0.358  ; CTR_INCDEC:inst|div_2048:inst6|6  ; CTR_INCDEC:inst|div_2048:inst6|6  ; CTR_INCDEC:inst|div_2048:inst5|26 ; CTR_INCDEC:inst|div_2048:inst5|26 ; 1.000        ; -0.054     ; 0.583      ;
; 0.804  ; CTR_INCDEC:inst|div_2048:inst6|26 ; CTR_INCDEC:inst|div_2048:inst6|26 ; CTR_INCDEC:inst|div_2048:inst6|26 ; CTR_INCDEC:inst|div_2048:inst5|26 ; 1.000        ; 1.890      ; 2.261      ;
+--------+-----------------------------------+-----------------------------------+-----------------------------------+-----------------------------------+--------------+------------+------------+


+---------------------------------------------------------------------------------------------------------------------------------------------------------------------------+
; Slow 1200mV 0C Model Setup: 'clk'                                                                                                                                         ;
+--------+-----------------------------------+-----------------------------------+-----------------------------------+-------------+--------------+------------+------------+
; Slack  ; From Node                         ; To Node                           ; Launch Clock                      ; Latch Clock ; Relationship ; Clock Skew ; Data Delay ;
+--------+-----------------------------------+-----------------------------------+-----------------------------------+-------------+--------------+------------+------------+
; -0.867 ; CTR_INCDEC:inst|div_2048:inst5|22 ; CTR_INCDEC:inst|div_2048:inst5|26 ; clk                               ; clk         ; 1.000        ; -0.055     ; 1.807      ;
; -0.854 ; CTR_INCDEC:inst|div_2048:inst5|13 ; CTR_INCDEC:inst|div_2048:inst5|26 ; clk                               ; clk         ; 1.000        ; -0.055     ; 1.794      ;
; -0.795 ; CTR_INCDEC:inst|div_2048:inst5|12 ; CTR_INCDEC:inst|div_2048:inst5|26 ; clk                               ; clk         ; 1.000        ; -0.055     ; 1.735      ;
; -0.765 ; CTR_INCDEC:inst|div_2048:inst5|7  ; CTR_INCDEC:inst|div_2048:inst5|26 ; clk                               ; clk         ; 1.000        ; -0.055     ; 1.705      ;
; -0.754 ; CTR_INCDEC:inst|div_2048:inst5|4  ; CTR_INCDEC:inst|div_2048:inst5|26 ; clk                               ; clk         ; 1.000        ; -0.055     ; 1.694      ;
; -0.686 ; CTR_INCDEC:inst|div_2048:inst5|6  ; CTR_INCDEC:inst|div_2048:inst5|26 ; clk                               ; clk         ; 1.000        ; -0.055     ; 1.626      ;
; -0.664 ; CTR_INCDEC:inst|div_2048:inst5|11 ; CTR_INCDEC:inst|div_2048:inst5|26 ; clk                               ; clk         ; 1.000        ; -0.055     ; 1.604      ;
; -0.591 ; CTR_INCDEC:inst|div_2048:inst5|7  ; CTR_INCDEC:inst|div_2048:inst5|11 ; clk                               ; clk         ; 1.000        ; -0.055     ; 1.531      ;
; -0.591 ; CTR_INCDEC:inst|div_2048:inst5|7  ; CTR_INCDEC:inst|div_2048:inst5|12 ; clk                               ; clk         ; 1.000        ; -0.055     ; 1.531      ;
; -0.580 ; CTR_INCDEC:inst|div_2048:inst5|4  ; CTR_INCDEC:inst|div_2048:inst5|11 ; clk                               ; clk         ; 1.000        ; -0.055     ; 1.520      ;
; -0.580 ; CTR_INCDEC:inst|div_2048:inst5|4  ; CTR_INCDEC:inst|div_2048:inst5|12 ; clk                               ; clk         ; 1.000        ; -0.055     ; 1.520      ;
; -0.557 ; CTR_INCDEC:inst|div_2048:inst5|5  ; CTR_INCDEC:inst|div_2048:inst5|26 ; clk                               ; clk         ; 1.000        ; -0.055     ; 1.497      ;
; -0.548 ; CTR_INCDEC:inst|div_2048:inst5|7  ; CTR_INCDEC:inst|div_2048:inst5|22 ; clk                               ; clk         ; 1.000        ; -0.055     ; 1.488      ;
; -0.537 ; CTR_INCDEC:inst|div_2048:inst5|4  ; CTR_INCDEC:inst|div_2048:inst5|22 ; clk                               ; clk         ; 1.000        ; -0.055     ; 1.477      ;
; -0.512 ; CTR_INCDEC:inst|div_2048:inst5|6  ; CTR_INCDEC:inst|div_2048:inst5|11 ; clk                               ; clk         ; 1.000        ; -0.055     ; 1.452      ;
; -0.512 ; CTR_INCDEC:inst|div_2048:inst5|6  ; CTR_INCDEC:inst|div_2048:inst5|12 ; clk                               ; clk         ; 1.000        ; -0.055     ; 1.452      ;
; -0.508 ; CTR_INCDEC:inst|div_2048:inst5|7  ; CTR_INCDEC:inst|div_2048:inst5|13 ; clk                               ; clk         ; 1.000        ; -0.055     ; 1.448      ;
; -0.505 ; CTR_INCDEC:inst|div_2048:inst5|7  ; CTR_INCDEC:inst|div_2048:inst5|23 ; clk                               ; clk         ; 1.000        ; -0.055     ; 1.445      ;
; -0.504 ; CTR_INCDEC:inst|div_2048:inst5|7  ; CTR_INCDEC:inst|div_2048:inst5|28 ; clk                               ; clk         ; 1.000        ; -0.055     ; 1.444      ;
; -0.497 ; CTR_INCDEC:inst|div_2048:inst5|4  ; CTR_INCDEC:inst|div_2048:inst5|13 ; clk                               ; clk         ; 1.000        ; -0.055     ; 1.437      ;
; -0.494 ; CTR_INCDEC:inst|div_2048:inst5|4  ; CTR_INCDEC:inst|div_2048:inst5|23 ; clk                               ; clk         ; 1.000        ; -0.055     ; 1.434      ;
; -0.493 ; CTR_INCDEC:inst|div_2048:inst5|4  ; CTR_INCDEC:inst|div_2048:inst5|28 ; clk                               ; clk         ; 1.000        ; -0.055     ; 1.433      ;
; -0.472 ; CTR_INCDEC:inst|div_2048:inst5|28 ; CTR_INCDEC:inst|div_2048:inst5|26 ; clk                               ; clk         ; 1.000        ; -0.055     ; 1.412      ;
; -0.469 ; CTR_INCDEC:inst|div_2048:inst5|6  ; CTR_INCDEC:inst|div_2048:inst5|22 ; clk                               ; clk         ; 1.000        ; -0.055     ; 1.409      ;
; -0.453 ; CTR_INCDEC:inst|div_2048:inst5|23 ; CTR_INCDEC:inst|div_2048:inst5|26 ; clk                               ; clk         ; 1.000        ; -0.055     ; 1.393      ;
; -0.429 ; CTR_INCDEC:inst|div_2048:inst5|6  ; CTR_INCDEC:inst|div_2048:inst5|13 ; clk                               ; clk         ; 1.000        ; -0.055     ; 1.369      ;
; -0.426 ; CTR_INCDEC:inst|div_2048:inst5|6  ; CTR_INCDEC:inst|div_2048:inst5|23 ; clk                               ; clk         ; 1.000        ; -0.055     ; 1.366      ;
; -0.425 ; CTR_INCDEC:inst|div_2048:inst5|6  ; CTR_INCDEC:inst|div_2048:inst5|28 ; clk                               ; clk         ; 1.000        ; -0.055     ; 1.365      ;
; -0.383 ; CTR_INCDEC:inst|div_2048:inst5|5  ; CTR_INCDEC:inst|div_2048:inst5|11 ; clk                               ; clk         ; 1.000        ; -0.055     ; 1.323      ;
; -0.383 ; CTR_INCDEC:inst|div_2048:inst5|5  ; CTR_INCDEC:inst|div_2048:inst5|12 ; clk                               ; clk         ; 1.000        ; -0.055     ; 1.323      ;
; -0.340 ; CTR_INCDEC:inst|div_2048:inst5|5  ; CTR_INCDEC:inst|div_2048:inst5|22 ; clk                               ; clk         ; 1.000        ; -0.055     ; 1.280      ;
; -0.300 ; CTR_INCDEC:inst|div_2048:inst5|5  ; CTR_INCDEC:inst|div_2048:inst5|13 ; clk                               ; clk         ; 1.000        ; -0.055     ; 1.240      ;
; -0.297 ; CTR_INCDEC:inst|div_2048:inst5|5  ; CTR_INCDEC:inst|div_2048:inst5|23 ; clk                               ; clk         ; 1.000        ; -0.055     ; 1.237      ;
; -0.296 ; CTR_INCDEC:inst|div_2048:inst5|5  ; CTR_INCDEC:inst|div_2048:inst5|28 ; clk                               ; clk         ; 1.000        ; -0.055     ; 1.236      ;
; -0.252 ; CTR_INCDEC:inst|div_2048:inst5|5  ; CTR_INCDEC:inst|div_2048:inst5|4  ; clk                               ; clk         ; 1.000        ; -0.055     ; 1.192      ;
; -0.234 ; CTR_INCDEC:inst|div_2048:inst5|22 ; CTR_INCDEC:inst|div_2048:inst5|13 ; clk                               ; clk         ; 1.000        ; -0.055     ; 1.174      ;
; -0.231 ; CTR_INCDEC:inst|div_2048:inst5|22 ; CTR_INCDEC:inst|div_2048:inst5|23 ; clk                               ; clk         ; 1.000        ; -0.055     ; 1.171      ;
; -0.230 ; CTR_INCDEC:inst|div_2048:inst5|22 ; CTR_INCDEC:inst|div_2048:inst5|28 ; clk                               ; clk         ; 1.000        ; -0.055     ; 1.170      ;
; -0.218 ; CTR_INCDEC:inst|div_2048:inst5|12 ; CTR_INCDEC:inst|div_2048:inst5|13 ; clk                               ; clk         ; 1.000        ; -0.055     ; 1.158      ;
; -0.215 ; CTR_INCDEC:inst|div_2048:inst5|12 ; CTR_INCDEC:inst|div_2048:inst5|23 ; clk                               ; clk         ; 1.000        ; -0.055     ; 1.155      ;
; -0.214 ; CTR_INCDEC:inst|div_2048:inst5|12 ; CTR_INCDEC:inst|div_2048:inst5|28 ; clk                               ; clk         ; 1.000        ; -0.055     ; 1.154      ;
; -0.211 ; CTR_INCDEC:inst|div_2048:inst5|11 ; CTR_INCDEC:inst|div_2048:inst5|13 ; clk                               ; clk         ; 1.000        ; -0.055     ; 1.151      ;
; -0.208 ; CTR_INCDEC:inst|div_2048:inst5|11 ; CTR_INCDEC:inst|div_2048:inst5|23 ; clk                               ; clk         ; 1.000        ; -0.055     ; 1.148      ;
; -0.207 ; CTR_INCDEC:inst|div_2048:inst5|11 ; CTR_INCDEC:inst|div_2048:inst5|28 ; clk                               ; clk         ; 1.000        ; -0.055     ; 1.147      ;
; -0.074 ; CTR_INCDEC:inst|div_2048:inst5|12 ; CTR_INCDEC:inst|div_2048:inst5|11 ; clk                               ; clk         ; 1.000        ; -0.055     ; 1.014      ;
; -0.037 ; CTR_INCDEC:inst|div_2048:inst5|12 ; CTR_INCDEC:inst|div_2048:inst5|22 ; clk                               ; clk         ; 1.000        ; -0.055     ; 0.977      ;
; -0.036 ; CTR_INCDEC:inst|div_2048:inst5|6  ; CTR_INCDEC:inst|div_2048:inst5|5  ; clk                               ; clk         ; 1.000        ; -0.055     ; 0.976      ;
; -0.034 ; CTR_INCDEC:inst|div_2048:inst5|7  ; CTR_INCDEC:inst|div_2048:inst5|4  ; clk                               ; clk         ; 1.000        ; -0.055     ; 0.974      ;
; 0.068  ; CTR_INCDEC:inst|div_2048:inst5|26 ; CTR_INCDEC:inst|div_2048:inst5|26 ; CTR_INCDEC:inst|div_2048:inst5|26 ; clk         ; 0.500        ; 2.153      ; 2.750      ;
; 0.081  ; CTR_INCDEC:inst|div_2048:inst5|28 ; CTR_INCDEC:inst|div_2048:inst5|13 ; clk                               ; clk         ; 1.000        ; -0.055     ; 0.859      ;
; 0.084  ; CTR_INCDEC:inst|div_2048:inst5|28 ; CTR_INCDEC:inst|div_2048:inst5|23 ; clk                               ; clk         ; 1.000        ; -0.055     ; 0.856      ;
; 0.095  ; CTR_INCDEC:inst|div_2048:inst5|23 ; CTR_INCDEC:inst|div_2048:inst5|13 ; clk                               ; clk         ; 1.000        ; -0.055     ; 0.845      ;
; 0.172  ; CTR_INCDEC:inst|div_2048:inst5|7  ; CTR_INCDEC:inst|div_2048:inst5|5  ; clk                               ; clk         ; 1.000        ; -0.055     ; 0.768      ;
; 0.174  ; CTR_INCDEC:inst|div_2048:inst5|7  ; CTR_INCDEC:inst|div_2048:inst5|6  ; clk                               ; clk         ; 1.000        ; -0.055     ; 0.766      ;
; 0.176  ; CTR_INCDEC:inst|div_2048:inst5|6  ; CTR_INCDEC:inst|div_2048:inst5|4  ; clk                               ; clk         ; 1.000        ; -0.055     ; 0.764      ;
; 0.187  ; CTR_INCDEC:inst|div_2048:inst5|11 ; CTR_INCDEC:inst|div_2048:inst5|22 ; clk                               ; clk         ; 1.000        ; -0.055     ; 0.753      ;
; 0.357  ; CTR_INCDEC:inst|div_2048:inst5|7  ; CTR_INCDEC:inst|div_2048:inst5|7  ; clk                               ; clk         ; 1.000        ; -0.055     ; 0.583      ;
; 0.357  ; CTR_INCDEC:inst|div_2048:inst5|11 ; CTR_INCDEC:inst|div_2048:inst5|11 ; clk                               ; clk         ; 1.000        ; -0.055     ; 0.583      ;
; 0.357  ; CTR_INCDEC:inst|div_2048:inst5|12 ; CTR_INCDEC:inst|div_2048:inst5|12 ; clk                               ; clk         ; 1.000        ; -0.055     ; 0.583      ;
; 0.357  ; CTR_INCDEC:inst|div_2048:inst5|22 ; CTR_INCDEC:inst|div_2048:inst5|22 ; clk                               ; clk         ; 1.000        ; -0.055     ; 0.583      ;
; 0.357  ; CTR_INCDEC:inst|div_2048:inst5|13 ; CTR_INCDEC:inst|div_2048:inst5|13 ; clk                               ; clk         ; 1.000        ; -0.055     ; 0.583      ;
; 0.357  ; CTR_INCDEC:inst|div_2048:inst5|23 ; CTR_INCDEC:inst|div_2048:inst5|23 ; clk                               ; clk         ; 1.000        ; -0.055     ; 0.583      ;
; 0.357  ; CTR_INCDEC:inst|div_2048:inst5|28 ; CTR_INCDEC:inst|div_2048:inst5|28 ; clk                               ; clk         ; 1.000        ; -0.055     ; 0.583      ;
; 0.357  ; CTR_INCDEC:inst|div_2048:inst5|4  ; CTR_INCDEC:inst|div_2048:inst5|4  ; clk                               ; clk         ; 1.000        ; -0.055     ; 0.583      ;
; 0.357  ; CTR_INCDEC:inst|div_2048:inst5|5  ; CTR_INCDEC:inst|div_2048:inst5|5  ; clk                               ; clk         ; 1.000        ; -0.055     ; 0.583      ;
; 0.357  ; CTR_INCDEC:inst|div_2048:inst5|6  ; CTR_INCDEC:inst|div_2048:inst5|6  ; clk                               ; clk         ; 1.000        ; -0.055     ; 0.583      ;
; 0.672  ; CTR_INCDEC:inst|div_2048:inst5|26 ; CTR_INCDEC:inst|div_2048:inst5|26 ; CTR_INCDEC:inst|div_2048:inst5|26 ; clk         ; 1.000        ; 2.153      ; 2.646      ;
+--------+-----------------------------------+-----------------------------------+-----------------------------------+-------------+--------------+------------+------------+


+-------------------------------------------------------------------------------------------------------------------------------------------------------------------------------------------------------------+
; Slow 1200mV 0C Model Setup: 'CTR_INCDEC:inst|div_2048:inst6|26'                                                                                                                                             ;
+--------+-----------------------------------------+-----------------------------------------+-----------------------------------+-----------------------------------+--------------+------------+------------+
; Slack  ; From Node                               ; To Node                                 ; Launch Clock                      ; Latch Clock                       ; Relationship ; Clock Skew ; Data Delay ;
+--------+-----------------------------------------+-----------------------------------------+-----------------------------------+-----------------------------------+--------------+------------+------------+
; -0.586 ; CTR_INCDEC:inst|CONTADOR_6:inst4|inst22 ; CTR_INCDEC:inst|CONTADOR_6:inst4|inst21 ; CTR_INCDEC:inst|div_2048:inst6|26 ; CTR_INCDEC:inst|div_2048:inst6|26 ; 1.000        ; -0.380     ; 1.201      ;
; -0.515 ; CTR_INCDEC:inst|CTRL_Cont6:inst3|inst2  ; CTR_INCDEC:inst|CONTADOR_6:inst4|inst21 ; CTR_INCDEC:inst|div_2048:inst6|26 ; CTR_INCDEC:inst|div_2048:inst6|26 ; 1.000        ; -0.055     ; 1.455      ;
; -0.482 ; CTR_INCDEC:inst|CTRL_Cont6:inst3|inst2  ; CTR_INCDEC:inst|CONTADOR_6:inst4|inst23 ; CTR_INCDEC:inst|div_2048:inst6|26 ; CTR_INCDEC:inst|div_2048:inst6|26 ; 1.000        ; -0.055     ; 1.422      ;
; -0.482 ; CTR_INCDEC:inst|CTRL_Cont6:inst2|inst2  ; CTR_INCDEC:inst|CONTADOR_6:inst4|inst21 ; CTR_INCDEC:inst|div_2048:inst6|26 ; CTR_INCDEC:inst|div_2048:inst6|26 ; 1.000        ; -0.055     ; 1.422      ;
; -0.429 ; CTR_INCDEC:inst|CTRL_Cont6:inst3|inst2  ; CTR_INCDEC:inst|CONTADOR_6:inst4|inst22 ; CTR_INCDEC:inst|div_2048:inst6|26 ; CTR_INCDEC:inst|div_2048:inst6|26 ; 1.000        ; 0.258      ; 1.682      ;
; -0.416 ; CTR_INCDEC:inst|CTRL_Cont6:inst3|inst1  ; CTR_INCDEC:inst|CONTADOR_6:inst4|inst21 ; CTR_INCDEC:inst|div_2048:inst6|26 ; CTR_INCDEC:inst|div_2048:inst6|26 ; 1.000        ; -0.055     ; 1.356      ;
; -0.387 ; CTR_INCDEC:inst|CTRL_Cont6:inst3|inst1  ; CTR_INCDEC:inst|CONTADOR_6:inst4|inst23 ; CTR_INCDEC:inst|div_2048:inst6|26 ; CTR_INCDEC:inst|div_2048:inst6|26 ; 1.000        ; -0.055     ; 1.327      ;
; -0.364 ; CTR_INCDEC:inst|CTRL_Cont6:inst2|inst1  ; CTR_INCDEC:inst|CONTADOR_6:inst4|inst21 ; CTR_INCDEC:inst|div_2048:inst6|26 ; CTR_INCDEC:inst|div_2048:inst6|26 ; 1.000        ; -0.055     ; 1.304      ;
; -0.321 ; CTR_INCDEC:inst|CTRL_Cont6:inst3|inst1  ; CTR_INCDEC:inst|CONTADOR_6:inst4|inst22 ; CTR_INCDEC:inst|div_2048:inst6|26 ; CTR_INCDEC:inst|div_2048:inst6|26 ; 1.000        ; 0.258      ; 1.574      ;
; -0.296 ; CTR_INCDEC:inst|CTRL_Cont6:inst2|inst2  ; CTR_INCDEC:inst|CTRL_Cont6:inst2|inst1  ; CTR_INCDEC:inst|div_2048:inst6|26 ; CTR_INCDEC:inst|div_2048:inst6|26 ; 1.000        ; -0.055     ; 1.236      ;
; -0.296 ; CTR_INCDEC:inst|CTRL_Cont6:inst3|inst   ; CTR_INCDEC:inst|CONTADOR_6:inst4|inst21 ; CTR_INCDEC:inst|div_2048:inst6|26 ; CTR_INCDEC:inst|div_2048:inst6|26 ; 1.000        ; -0.055     ; 1.236      ;
; -0.280 ; CTR_INCDEC:inst|CONTADOR_6:inst4|inst23 ; CTR_INCDEC:inst|CONTADOR_6:inst4|inst21 ; CTR_INCDEC:inst|div_2048:inst6|26 ; CTR_INCDEC:inst|div_2048:inst6|26 ; 1.000        ; -0.055     ; 1.220      ;
; -0.267 ; CTR_INCDEC:inst|CTRL_Cont6:inst3|inst   ; CTR_INCDEC:inst|CONTADOR_6:inst4|inst23 ; CTR_INCDEC:inst|div_2048:inst6|26 ; CTR_INCDEC:inst|div_2048:inst6|26 ; 1.000        ; -0.055     ; 1.207      ;
; -0.256 ; CTR_INCDEC:inst|CTRL_Cont6:inst2|inst2  ; CTR_INCDEC:inst|CTRL_Cont6:inst2|inst   ; CTR_INCDEC:inst|div_2048:inst6|26 ; CTR_INCDEC:inst|div_2048:inst6|26 ; 1.000        ; -0.055     ; 1.196      ;
; -0.240 ; CTR_INCDEC:inst|CTRL_Cont6:inst2|inst2  ; CTR_INCDEC:inst|CONTADOR_6:inst4|inst23 ; CTR_INCDEC:inst|div_2048:inst6|26 ; CTR_INCDEC:inst|div_2048:inst6|26 ; 1.000        ; -0.055     ; 1.180      ;
; -0.236 ; CTR_INCDEC:inst|CTRL_Cont6:inst2|inst   ; CTR_INCDEC:inst|CONTADOR_6:inst4|inst21 ; CTR_INCDEC:inst|div_2048:inst6|26 ; CTR_INCDEC:inst|div_2048:inst6|26 ; 1.000        ; -0.055     ; 1.176      ;
; -0.221 ; CTR_INCDEC:inst|CONTADOR_6:inst4|inst21 ; CTR_INCDEC:inst|CONTADOR_6:inst4|inst21 ; CTR_INCDEC:inst|div_2048:inst6|26 ; CTR_INCDEC:inst|div_2048:inst6|26 ; 1.000        ; -0.055     ; 1.161      ;
; -0.207 ; CTR_INCDEC:inst|CTRL_Cont6:inst3|inst   ; CTR_INCDEC:inst|CONTADOR_6:inst4|inst22 ; CTR_INCDEC:inst|div_2048:inst6|26 ; CTR_INCDEC:inst|div_2048:inst6|26 ; 1.000        ; 0.258      ; 1.460      ;
; -0.204 ; CTR_INCDEC:inst|CTRL_Cont6:inst2|inst2  ; CTR_INCDEC:inst|CONTADOR_6:inst4|inst22 ; CTR_INCDEC:inst|div_2048:inst6|26 ; CTR_INCDEC:inst|div_2048:inst6|26 ; 1.000        ; 0.258      ; 1.457      ;
; -0.126 ; CTR_INCDEC:inst|CTRL_Cont6:inst2|inst1  ; CTR_INCDEC:inst|CONTADOR_6:inst4|inst23 ; CTR_INCDEC:inst|div_2048:inst6|26 ; CTR_INCDEC:inst|div_2048:inst6|26 ; 1.000        ; -0.055     ; 1.066      ;
; -0.088 ; CTR_INCDEC:inst|CTRL_Cont6:inst2|inst1  ; CTR_INCDEC:inst|CONTADOR_6:inst4|inst22 ; CTR_INCDEC:inst|div_2048:inst6|26 ; CTR_INCDEC:inst|div_2048:inst6|26 ; 1.000        ; 0.258      ; 1.341      ;
; -0.084 ; CTR_INCDEC:inst|CTRL_Cont6:inst2|inst1  ; CTR_INCDEC:inst|CTRL_Cont6:inst2|inst   ; CTR_INCDEC:inst|div_2048:inst6|26 ; CTR_INCDEC:inst|div_2048:inst6|26 ; 1.000        ; -0.055     ; 1.024      ;
; -0.080 ; CTR_INCDEC:inst|CTRL_Cont6:inst2|inst1  ; CTR_INCDEC:inst|CTRL_Cont6:inst2|inst2  ; CTR_INCDEC:inst|div_2048:inst6|26 ; CTR_INCDEC:inst|div_2048:inst6|26 ; 1.000        ; -0.055     ; 1.020      ;
; -0.075 ; CTR_INCDEC:inst|CTRL_Cont6:inst2|inst   ; CTR_INCDEC:inst|CTRL_Cont6:inst2|inst2  ; CTR_INCDEC:inst|div_2048:inst6|26 ; CTR_INCDEC:inst|div_2048:inst6|26 ; 1.000        ; -0.055     ; 1.015      ;
; -0.036 ; CTR_INCDEC:inst|CTRL_Cont6:inst2|inst   ; CTR_INCDEC:inst|CTRL_Cont6:inst2|inst1  ; CTR_INCDEC:inst|div_2048:inst6|26 ; CTR_INCDEC:inst|div_2048:inst6|26 ; 1.000        ; -0.055     ; 0.976      ;
; -0.027 ; CTR_INCDEC:inst|CTRL_Cont6:inst3|inst   ; CTR_INCDEC:inst|CTRL_Cont6:inst3|inst1  ; CTR_INCDEC:inst|div_2048:inst6|26 ; CTR_INCDEC:inst|div_2048:inst6|26 ; 1.000        ; -0.055     ; 0.967      ;
; 0.002  ; CTR_INCDEC:inst|CTRL_Cont6:inst2|inst   ; CTR_INCDEC:inst|CONTADOR_6:inst4|inst23 ; CTR_INCDEC:inst|div_2048:inst6|26 ; CTR_INCDEC:inst|div_2048:inst6|26 ; 1.000        ; -0.055     ; 0.938      ;
; 0.040  ; CTR_INCDEC:inst|CTRL_Cont6:inst2|inst   ; CTR_INCDEC:inst|CONTADOR_6:inst4|inst22 ; CTR_INCDEC:inst|div_2048:inst6|26 ; CTR_INCDEC:inst|div_2048:inst6|26 ; 1.000        ; 0.258      ; 1.213      ;
; 0.046  ; CTR_INCDEC:inst|CONTADOR_6:inst4|inst23 ; CTR_INCDEC:inst|CONTADOR_6:inst4|inst22 ; CTR_INCDEC:inst|div_2048:inst6|26 ; CTR_INCDEC:inst|div_2048:inst6|26 ; 1.000        ; 0.258      ; 1.207      ;
; 0.116  ; CTR_INCDEC:inst|CTRL_Cont6:inst3|inst1  ; CTR_INCDEC:inst|CTRL_Cont6:inst3|inst2  ; CTR_INCDEC:inst|div_2048:inst6|26 ; CTR_INCDEC:inst|div_2048:inst6|26 ; 1.000        ; -0.055     ; 0.824      ;
; 0.122  ; CTR_INCDEC:inst|CTRL_Cont6:inst3|inst1  ; CTR_INCDEC:inst|CTRL_Cont6:inst3|inst   ; CTR_INCDEC:inst|div_2048:inst6|26 ; CTR_INCDEC:inst|div_2048:inst6|26 ; 1.000        ; -0.055     ; 0.818      ;
; 0.182  ; CTR_INCDEC:inst|CTRL_Cont6:inst3|inst2  ; CTR_INCDEC:inst|CTRL_Cont6:inst3|inst1  ; CTR_INCDEC:inst|div_2048:inst6|26 ; CTR_INCDEC:inst|div_2048:inst6|26 ; 1.000        ; -0.055     ; 0.758      ;
; 0.192  ; CTR_INCDEC:inst|CTRL_Cont6:inst3|inst2  ; CTR_INCDEC:inst|CTRL_Cont6:inst3|inst   ; CTR_INCDEC:inst|div_2048:inst6|26 ; CTR_INCDEC:inst|div_2048:inst6|26 ; 1.000        ; -0.055     ; 0.748      ;
; 0.280  ; CTR_INCDEC:inst|CONTADOR_6:inst4|inst21 ; CTR_INCDEC:inst|CONTADOR_6:inst4|inst22 ; CTR_INCDEC:inst|div_2048:inst6|26 ; CTR_INCDEC:inst|div_2048:inst6|26 ; 1.000        ; 0.258      ; 0.973      ;
; 0.292  ; CTR_INCDEC:inst|CTRL_Cont6:inst3|inst   ; CTR_INCDEC:inst|CTRL_Cont6:inst3|inst2  ; CTR_INCDEC:inst|div_2048:inst6|26 ; CTR_INCDEC:inst|div_2048:inst6|26 ; 1.000        ; -0.055     ; 0.648      ;
; 0.345  ; CTR_INCDEC:inst|CONTADOR_6:inst4|inst22 ; CTR_INCDEC:inst|CONTADOR_6:inst4|inst22 ; CTR_INCDEC:inst|div_2048:inst6|26 ; CTR_INCDEC:inst|div_2048:inst6|26 ; 1.000        ; -0.067     ; 0.583      ;
; 0.357  ; CTR_INCDEC:inst|CONTADOR_6:inst4|inst23 ; CTR_INCDEC:inst|CONTADOR_6:inst4|inst23 ; CTR_INCDEC:inst|div_2048:inst6|26 ; CTR_INCDEC:inst|div_2048:inst6|26 ; 1.000        ; -0.055     ; 0.583      ;
; 0.357  ; CTR_INCDEC:inst|CTRL_Cont6:inst2|inst1  ; CTR_INCDEC:inst|CTRL_Cont6:inst2|inst1  ; CTR_INCDEC:inst|div_2048:inst6|26 ; CTR_INCDEC:inst|div_2048:inst6|26 ; 1.000        ; -0.055     ; 0.583      ;
; 0.357  ; CTR_INCDEC:inst|CTRL_Cont6:inst2|inst2  ; CTR_INCDEC:inst|CTRL_Cont6:inst2|inst2  ; CTR_INCDEC:inst|div_2048:inst6|26 ; CTR_INCDEC:inst|div_2048:inst6|26 ; 1.000        ; -0.055     ; 0.583      ;
; 0.357  ; CTR_INCDEC:inst|CTRL_Cont6:inst3|inst1  ; CTR_INCDEC:inst|CTRL_Cont6:inst3|inst1  ; CTR_INCDEC:inst|div_2048:inst6|26 ; CTR_INCDEC:inst|div_2048:inst6|26 ; 1.000        ; -0.055     ; 0.583      ;
; 0.357  ; CTR_INCDEC:inst|CTRL_Cont6:inst3|inst2  ; CTR_INCDEC:inst|CTRL_Cont6:inst3|inst2  ; CTR_INCDEC:inst|div_2048:inst6|26 ; CTR_INCDEC:inst|div_2048:inst6|26 ; 1.000        ; -0.055     ; 0.583      ;
; 0.378  ; CTR_INCDEC:inst|CTRL_Cont6:inst2|inst   ; CTR_INCDEC:inst|CTRL_Cont6:inst2|inst   ; CTR_INCDEC:inst|div_2048:inst6|26 ; CTR_INCDEC:inst|div_2048:inst6|26 ; 1.000        ; -0.055     ; 0.562      ;
; 0.378  ; CTR_INCDEC:inst|CTRL_Cont6:inst3|inst   ; CTR_INCDEC:inst|CTRL_Cont6:inst3|inst   ; CTR_INCDEC:inst|div_2048:inst6|26 ; CTR_INCDEC:inst|div_2048:inst6|26 ; 1.000        ; -0.055     ; 0.562      ;
+--------+-----------------------------------------+-----------------------------------------+-----------------------------------+-----------------------------------+--------------+------------+------------+


+-------------------------------------------------------------------------------------------------------------------------------------------------------------------------------------------------+
; Slow 1200mV 0C Model Hold: 'CTR_INCDEC:inst|div_2048:inst5|26'                                                                                                                                  ;
+--------+-----------------------------------+-----------------------------------+-----------------------------------+-----------------------------------+--------------+------------+------------+
; Slack  ; From Node                         ; To Node                           ; Launch Clock                      ; Latch Clock                       ; Relationship ; Clock Skew ; Data Delay ;
+--------+-----------------------------------+-----------------------------------+-----------------------------------+-----------------------------------+--------------+------------+------------+
; -0.176 ; CTR_INCDEC:inst|div_2048:inst6|26 ; CTR_INCDEC:inst|div_2048:inst6|26 ; CTR_INCDEC:inst|div_2048:inst6|26 ; CTR_INCDEC:inst|div_2048:inst5|26 ; 0.000        ; 1.985      ; 2.153      ;
; 0.313  ; CTR_INCDEC:inst|div_2048:inst6|13 ; CTR_INCDEC:inst|div_2048:inst6|13 ; CTR_INCDEC:inst|div_2048:inst5|26 ; CTR_INCDEC:inst|div_2048:inst5|26 ; 0.000        ; 0.054      ; 0.511      ;
; 0.313  ; CTR_INCDEC:inst|div_2048:inst6|23 ; CTR_INCDEC:inst|div_2048:inst6|23 ; CTR_INCDEC:inst|div_2048:inst5|26 ; CTR_INCDEC:inst|div_2048:inst5|26 ; 0.000        ; 0.054      ; 0.511      ;
; 0.313  ; CTR_INCDEC:inst|div_2048:inst6|28 ; CTR_INCDEC:inst|div_2048:inst6|28 ; CTR_INCDEC:inst|div_2048:inst5|26 ; CTR_INCDEC:inst|div_2048:inst5|26 ; 0.000        ; 0.054      ; 0.511      ;
; 0.313  ; CTR_INCDEC:inst|div_2048:inst6|22 ; CTR_INCDEC:inst|div_2048:inst6|22 ; CTR_INCDEC:inst|div_2048:inst5|26 ; CTR_INCDEC:inst|div_2048:inst5|26 ; 0.000        ; 0.054      ; 0.511      ;
; 0.313  ; CTR_INCDEC:inst|div_2048:inst6|11 ; CTR_INCDEC:inst|div_2048:inst6|11 ; CTR_INCDEC:inst|div_2048:inst5|26 ; CTR_INCDEC:inst|div_2048:inst5|26 ; 0.000        ; 0.054      ; 0.511      ;
; 0.313  ; CTR_INCDEC:inst|div_2048:inst6|12 ; CTR_INCDEC:inst|div_2048:inst6|12 ; CTR_INCDEC:inst|div_2048:inst5|26 ; CTR_INCDEC:inst|div_2048:inst5|26 ; 0.000        ; 0.054      ; 0.511      ;
; 0.313  ; CTR_INCDEC:inst|div_2048:inst6|4  ; CTR_INCDEC:inst|div_2048:inst6|4  ; CTR_INCDEC:inst|div_2048:inst5|26 ; CTR_INCDEC:inst|div_2048:inst5|26 ; 0.000        ; 0.054      ; 0.511      ;
; 0.313  ; CTR_INCDEC:inst|div_2048:inst6|5  ; CTR_INCDEC:inst|div_2048:inst6|5  ; CTR_INCDEC:inst|div_2048:inst5|26 ; CTR_INCDEC:inst|div_2048:inst5|26 ; 0.000        ; 0.054      ; 0.511      ;
; 0.313  ; CTR_INCDEC:inst|div_2048:inst6|6  ; CTR_INCDEC:inst|div_2048:inst6|6  ; CTR_INCDEC:inst|div_2048:inst5|26 ; CTR_INCDEC:inst|div_2048:inst5|26 ; 0.000        ; 0.054      ; 0.511      ;
; 0.321  ; CTR_INCDEC:inst|div_2048:inst6|7  ; CTR_INCDEC:inst|div_2048:inst6|7  ; CTR_INCDEC:inst|div_2048:inst5|26 ; CTR_INCDEC:inst|div_2048:inst5|26 ; 0.000        ; 0.054      ; 0.519      ;
; 0.324  ; CTR_INCDEC:inst|div_2048:inst6|26 ; CTR_INCDEC:inst|div_2048:inst6|26 ; CTR_INCDEC:inst|div_2048:inst6|26 ; CTR_INCDEC:inst|div_2048:inst5|26 ; -0.500       ; 1.985      ; 2.153      ;
; 0.492  ; CTR_INCDEC:inst|div_2048:inst6|7  ; CTR_INCDEC:inst|div_2048:inst6|6  ; CTR_INCDEC:inst|div_2048:inst5|26 ; CTR_INCDEC:inst|div_2048:inst5|26 ; 0.000        ; 0.054      ; 0.690      ;
; 0.504  ; CTR_INCDEC:inst|div_2048:inst6|23 ; CTR_INCDEC:inst|div_2048:inst6|13 ; CTR_INCDEC:inst|div_2048:inst5|26 ; CTR_INCDEC:inst|div_2048:inst5|26 ; 0.000        ; 0.054      ; 0.702      ;
; 0.511  ; CTR_INCDEC:inst|div_2048:inst6|28 ; CTR_INCDEC:inst|div_2048:inst6|13 ; CTR_INCDEC:inst|div_2048:inst5|26 ; CTR_INCDEC:inst|div_2048:inst5|26 ; 0.000        ; 0.054      ; 0.709      ;
; 0.511  ; CTR_INCDEC:inst|div_2048:inst6|28 ; CTR_INCDEC:inst|div_2048:inst6|23 ; CTR_INCDEC:inst|div_2048:inst5|26 ; CTR_INCDEC:inst|div_2048:inst5|26 ; 0.000        ; 0.054      ; 0.709      ;
; 0.657  ; CTR_INCDEC:inst|div_2048:inst6|12 ; CTR_INCDEC:inst|div_2048:inst6|22 ; CTR_INCDEC:inst|div_2048:inst5|26 ; CTR_INCDEC:inst|div_2048:inst5|26 ; 0.000        ; 0.054      ; 0.855      ;
; 0.657  ; CTR_INCDEC:inst|div_2048:inst6|12 ; CTR_INCDEC:inst|div_2048:inst6|11 ; CTR_INCDEC:inst|div_2048:inst5|26 ; CTR_INCDEC:inst|div_2048:inst5|26 ; 0.000        ; 0.054      ; 0.855      ;
; 0.659  ; CTR_INCDEC:inst|div_2048:inst6|7  ; CTR_INCDEC:inst|div_2048:inst6|5  ; CTR_INCDEC:inst|div_2048:inst5|26 ; CTR_INCDEC:inst|div_2048:inst5|26 ; 0.000        ; 0.054      ; 0.857      ;
; 0.662  ; CTR_INCDEC:inst|div_2048:inst6|7  ; CTR_INCDEC:inst|div_2048:inst6|4  ; CTR_INCDEC:inst|div_2048:inst5|26 ; CTR_INCDEC:inst|div_2048:inst5|26 ; 0.000        ; 0.054      ; 0.860      ;
; 0.680  ; CTR_INCDEC:inst|div_2048:inst6|11 ; CTR_INCDEC:inst|div_2048:inst6|22 ; CTR_INCDEC:inst|div_2048:inst5|26 ; CTR_INCDEC:inst|div_2048:inst5|26 ; 0.000        ; 0.054      ; 0.878      ;
; 0.707  ; CTR_INCDEC:inst|div_2048:inst6|6  ; CTR_INCDEC:inst|div_2048:inst6|4  ; CTR_INCDEC:inst|div_2048:inst5|26 ; CTR_INCDEC:inst|div_2048:inst5|26 ; 0.000        ; 0.054      ; 0.905      ;
; 0.708  ; CTR_INCDEC:inst|div_2048:inst6|6  ; CTR_INCDEC:inst|div_2048:inst6|5  ; CTR_INCDEC:inst|div_2048:inst5|26 ; CTR_INCDEC:inst|div_2048:inst5|26 ; 0.000        ; 0.054      ; 0.906      ;
; 0.792  ; CTR_INCDEC:inst|div_2048:inst6|12 ; CTR_INCDEC:inst|div_2048:inst6|13 ; CTR_INCDEC:inst|div_2048:inst5|26 ; CTR_INCDEC:inst|div_2048:inst5|26 ; 0.000        ; 0.054      ; 0.990      ;
; 0.794  ; CTR_INCDEC:inst|div_2048:inst6|12 ; CTR_INCDEC:inst|div_2048:inst6|23 ; CTR_INCDEC:inst|div_2048:inst5|26 ; CTR_INCDEC:inst|div_2048:inst5|26 ; 0.000        ; 0.054      ; 0.992      ;
; 0.795  ; CTR_INCDEC:inst|div_2048:inst6|12 ; CTR_INCDEC:inst|div_2048:inst6|28 ; CTR_INCDEC:inst|div_2048:inst5|26 ; CTR_INCDEC:inst|div_2048:inst5|26 ; 0.000        ; 0.054      ; 0.993      ;
; 0.795  ; CTR_INCDEC:inst|div_2048:inst6|11 ; CTR_INCDEC:inst|div_2048:inst6|13 ; CTR_INCDEC:inst|div_2048:inst5|26 ; CTR_INCDEC:inst|div_2048:inst5|26 ; 0.000        ; 0.054      ; 0.993      ;
; 0.797  ; CTR_INCDEC:inst|div_2048:inst6|11 ; CTR_INCDEC:inst|div_2048:inst6|23 ; CTR_INCDEC:inst|div_2048:inst5|26 ; CTR_INCDEC:inst|div_2048:inst5|26 ; 0.000        ; 0.054      ; 0.995      ;
; 0.798  ; CTR_INCDEC:inst|div_2048:inst6|11 ; CTR_INCDEC:inst|div_2048:inst6|28 ; CTR_INCDEC:inst|div_2048:inst5|26 ; CTR_INCDEC:inst|div_2048:inst5|26 ; 0.000        ; 0.054      ; 0.996      ;
; 0.847  ; CTR_INCDEC:inst|div_2048:inst6|5  ; CTR_INCDEC:inst|div_2048:inst6|4  ; CTR_INCDEC:inst|div_2048:inst5|26 ; CTR_INCDEC:inst|div_2048:inst5|26 ; 0.000        ; 0.054      ; 1.045      ;
; 0.855  ; CTR_INCDEC:inst|div_2048:inst6|22 ; CTR_INCDEC:inst|div_2048:inst6|13 ; CTR_INCDEC:inst|div_2048:inst5|26 ; CTR_INCDEC:inst|div_2048:inst5|26 ; 0.000        ; 0.054      ; 1.053      ;
; 0.857  ; CTR_INCDEC:inst|div_2048:inst6|22 ; CTR_INCDEC:inst|div_2048:inst6|23 ; CTR_INCDEC:inst|div_2048:inst5|26 ; CTR_INCDEC:inst|div_2048:inst5|26 ; 0.000        ; 0.054      ; 1.055      ;
; 0.858  ; CTR_INCDEC:inst|div_2048:inst6|22 ; CTR_INCDEC:inst|div_2048:inst6|28 ; CTR_INCDEC:inst|div_2048:inst5|26 ; CTR_INCDEC:inst|div_2048:inst5|26 ; 0.000        ; 0.054      ; 1.056      ;
; 0.921  ; CTR_INCDEC:inst|div_2048:inst6|5  ; CTR_INCDEC:inst|div_2048:inst6|13 ; CTR_INCDEC:inst|div_2048:inst5|26 ; CTR_INCDEC:inst|div_2048:inst5|26 ; 0.000        ; 0.054      ; 1.119      ;
; 0.923  ; CTR_INCDEC:inst|div_2048:inst6|5  ; CTR_INCDEC:inst|div_2048:inst6|23 ; CTR_INCDEC:inst|div_2048:inst5|26 ; CTR_INCDEC:inst|div_2048:inst5|26 ; 0.000        ; 0.054      ; 1.121      ;
; 0.924  ; CTR_INCDEC:inst|div_2048:inst6|5  ; CTR_INCDEC:inst|div_2048:inst6|28 ; CTR_INCDEC:inst|div_2048:inst5|26 ; CTR_INCDEC:inst|div_2048:inst5|26 ; 0.000        ; 0.054      ; 1.122      ;
; 0.965  ; CTR_INCDEC:inst|div_2048:inst6|5  ; CTR_INCDEC:inst|div_2048:inst6|22 ; CTR_INCDEC:inst|div_2048:inst5|26 ; CTR_INCDEC:inst|div_2048:inst5|26 ; 0.000        ; 0.054      ; 1.163      ;
; 0.965  ; CTR_INCDEC:inst|div_2048:inst6|5  ; CTR_INCDEC:inst|div_2048:inst6|12 ; CTR_INCDEC:inst|div_2048:inst5|26 ; CTR_INCDEC:inst|div_2048:inst5|26 ; 0.000        ; 0.054      ; 1.163      ;
; 0.968  ; CTR_INCDEC:inst|div_2048:inst6|5  ; CTR_INCDEC:inst|div_2048:inst6|11 ; CTR_INCDEC:inst|div_2048:inst5|26 ; CTR_INCDEC:inst|div_2048:inst5|26 ; 0.000        ; 0.054      ; 1.166      ;
; 0.996  ; CTR_INCDEC:inst|div_2048:inst6|4  ; CTR_INCDEC:inst|div_2048:inst6|13 ; CTR_INCDEC:inst|div_2048:inst5|26 ; CTR_INCDEC:inst|div_2048:inst5|26 ; 0.000        ; 0.054      ; 1.194      ;
; 0.998  ; CTR_INCDEC:inst|div_2048:inst6|4  ; CTR_INCDEC:inst|div_2048:inst6|23 ; CTR_INCDEC:inst|div_2048:inst5|26 ; CTR_INCDEC:inst|div_2048:inst5|26 ; 0.000        ; 0.054      ; 1.196      ;
; 0.999  ; CTR_INCDEC:inst|div_2048:inst6|4  ; CTR_INCDEC:inst|div_2048:inst6|28 ; CTR_INCDEC:inst|div_2048:inst5|26 ; CTR_INCDEC:inst|div_2048:inst5|26 ; 0.000        ; 0.054      ; 1.197      ;
; 1.031  ; CTR_INCDEC:inst|div_2048:inst6|23 ; CTR_INCDEC:inst|div_2048:inst6|26 ; CTR_INCDEC:inst|div_2048:inst5|26 ; CTR_INCDEC:inst|div_2048:inst5|26 ; 0.000        ; 0.054      ; 1.229      ;
; 1.037  ; CTR_INCDEC:inst|div_2048:inst6|28 ; CTR_INCDEC:inst|div_2048:inst6|26 ; CTR_INCDEC:inst|div_2048:inst5|26 ; CTR_INCDEC:inst|div_2048:inst5|26 ; 0.000        ; 0.054      ; 1.235      ;
; 1.040  ; CTR_INCDEC:inst|div_2048:inst6|4  ; CTR_INCDEC:inst|div_2048:inst6|22 ; CTR_INCDEC:inst|div_2048:inst5|26 ; CTR_INCDEC:inst|div_2048:inst5|26 ; 0.000        ; 0.054      ; 1.238      ;
; 1.040  ; CTR_INCDEC:inst|div_2048:inst6|4  ; CTR_INCDEC:inst|div_2048:inst6|12 ; CTR_INCDEC:inst|div_2048:inst5|26 ; CTR_INCDEC:inst|div_2048:inst5|26 ; 0.000        ; 0.054      ; 1.238      ;
; 1.043  ; CTR_INCDEC:inst|div_2048:inst6|4  ; CTR_INCDEC:inst|div_2048:inst6|11 ; CTR_INCDEC:inst|div_2048:inst5|26 ; CTR_INCDEC:inst|div_2048:inst5|26 ; 0.000        ; 0.054      ; 1.241      ;
; 1.077  ; CTR_INCDEC:inst|div_2048:inst6|7  ; CTR_INCDEC:inst|div_2048:inst6|13 ; CTR_INCDEC:inst|div_2048:inst5|26 ; CTR_INCDEC:inst|div_2048:inst5|26 ; 0.000        ; 0.054      ; 1.275      ;
; 1.079  ; CTR_INCDEC:inst|div_2048:inst6|7  ; CTR_INCDEC:inst|div_2048:inst6|23 ; CTR_INCDEC:inst|div_2048:inst5|26 ; CTR_INCDEC:inst|div_2048:inst5|26 ; 0.000        ; 0.054      ; 1.277      ;
; 1.080  ; CTR_INCDEC:inst|div_2048:inst6|7  ; CTR_INCDEC:inst|div_2048:inst6|28 ; CTR_INCDEC:inst|div_2048:inst5|26 ; CTR_INCDEC:inst|div_2048:inst5|26 ; 0.000        ; 0.054      ; 1.278      ;
; 1.082  ; CTR_INCDEC:inst|div_2048:inst6|6  ; CTR_INCDEC:inst|div_2048:inst6|13 ; CTR_INCDEC:inst|div_2048:inst5|26 ; CTR_INCDEC:inst|div_2048:inst5|26 ; 0.000        ; 0.054      ; 1.280      ;
; 1.084  ; CTR_INCDEC:inst|div_2048:inst6|6  ; CTR_INCDEC:inst|div_2048:inst6|23 ; CTR_INCDEC:inst|div_2048:inst5|26 ; CTR_INCDEC:inst|div_2048:inst5|26 ; 0.000        ; 0.054      ; 1.282      ;
; 1.085  ; CTR_INCDEC:inst|div_2048:inst6|6  ; CTR_INCDEC:inst|div_2048:inst6|28 ; CTR_INCDEC:inst|div_2048:inst5|26 ; CTR_INCDEC:inst|div_2048:inst5|26 ; 0.000        ; 0.054      ; 1.283      ;
; 1.121  ; CTR_INCDEC:inst|div_2048:inst6|7  ; CTR_INCDEC:inst|div_2048:inst6|22 ; CTR_INCDEC:inst|div_2048:inst5|26 ; CTR_INCDEC:inst|div_2048:inst5|26 ; 0.000        ; 0.054      ; 1.319      ;
; 1.121  ; CTR_INCDEC:inst|div_2048:inst6|7  ; CTR_INCDEC:inst|div_2048:inst6|12 ; CTR_INCDEC:inst|div_2048:inst5|26 ; CTR_INCDEC:inst|div_2048:inst5|26 ; 0.000        ; 0.054      ; 1.319      ;
; 1.124  ; CTR_INCDEC:inst|div_2048:inst6|7  ; CTR_INCDEC:inst|div_2048:inst6|11 ; CTR_INCDEC:inst|div_2048:inst5|26 ; CTR_INCDEC:inst|div_2048:inst5|26 ; 0.000        ; 0.054      ; 1.322      ;
; 1.126  ; CTR_INCDEC:inst|div_2048:inst6|6  ; CTR_INCDEC:inst|div_2048:inst6|22 ; CTR_INCDEC:inst|div_2048:inst5|26 ; CTR_INCDEC:inst|div_2048:inst5|26 ; 0.000        ; 0.054      ; 1.324      ;
; 1.126  ; CTR_INCDEC:inst|div_2048:inst6|6  ; CTR_INCDEC:inst|div_2048:inst6|12 ; CTR_INCDEC:inst|div_2048:inst5|26 ; CTR_INCDEC:inst|div_2048:inst5|26 ; 0.000        ; 0.054      ; 1.324      ;
; 1.129  ; CTR_INCDEC:inst|div_2048:inst6|6  ; CTR_INCDEC:inst|div_2048:inst6|11 ; CTR_INCDEC:inst|div_2048:inst5|26 ; CTR_INCDEC:inst|div_2048:inst5|26 ; 0.000        ; 0.054      ; 1.327      ;
; 1.175  ; CTR_INCDEC:inst|div_2048:inst6|5  ; CTR_INCDEC:inst|div_2048:inst6|26 ; CTR_INCDEC:inst|div_2048:inst5|26 ; CTR_INCDEC:inst|div_2048:inst5|26 ; 0.000        ; 0.054      ; 1.373      ;
; 1.250  ; CTR_INCDEC:inst|div_2048:inst6|11 ; CTR_INCDEC:inst|div_2048:inst6|26 ; CTR_INCDEC:inst|div_2048:inst5|26 ; CTR_INCDEC:inst|div_2048:inst5|26 ; 0.000        ; 0.054      ; 1.448      ;
; 1.250  ; CTR_INCDEC:inst|div_2048:inst6|4  ; CTR_INCDEC:inst|div_2048:inst6|26 ; CTR_INCDEC:inst|div_2048:inst5|26 ; CTR_INCDEC:inst|div_2048:inst5|26 ; 0.000        ; 0.054      ; 1.448      ;
; 1.318  ; CTR_INCDEC:inst|div_2048:inst6|13 ; CTR_INCDEC:inst|div_2048:inst6|26 ; CTR_INCDEC:inst|div_2048:inst5|26 ; CTR_INCDEC:inst|div_2048:inst5|26 ; 0.000        ; 0.054      ; 1.516      ;
; 1.331  ; CTR_INCDEC:inst|div_2048:inst6|7  ; CTR_INCDEC:inst|div_2048:inst6|26 ; CTR_INCDEC:inst|div_2048:inst5|26 ; CTR_INCDEC:inst|div_2048:inst5|26 ; 0.000        ; 0.054      ; 1.529      ;
; 1.336  ; CTR_INCDEC:inst|div_2048:inst6|6  ; CTR_INCDEC:inst|div_2048:inst6|26 ; CTR_INCDEC:inst|div_2048:inst5|26 ; CTR_INCDEC:inst|div_2048:inst5|26 ; 0.000        ; 0.054      ; 1.534      ;
; 1.402  ; CTR_INCDEC:inst|div_2048:inst6|22 ; CTR_INCDEC:inst|div_2048:inst6|26 ; CTR_INCDEC:inst|div_2048:inst5|26 ; CTR_INCDEC:inst|div_2048:inst5|26 ; 0.000        ; 0.054      ; 1.600      ;
; 1.406  ; CTR_INCDEC:inst|div_2048:inst6|12 ; CTR_INCDEC:inst|div_2048:inst6|26 ; CTR_INCDEC:inst|div_2048:inst5|26 ; CTR_INCDEC:inst|div_2048:inst5|26 ; 0.000        ; 0.054      ; 1.604      ;
+--------+-----------------------------------+-----------------------------------+-----------------------------------+-----------------------------------+--------------+------------+------------+


+---------------------------------------------------------------------------------------------------------------------------------------------------------------------------+
; Slow 1200mV 0C Model Hold: 'clk'                                                                                                                                          ;
+--------+-----------------------------------+-----------------------------------+-----------------------------------+-------------+--------------+------------+------------+
; Slack  ; From Node                         ; To Node                           ; Launch Clock                      ; Latch Clock ; Relationship ; Clock Skew ; Data Delay ;
+--------+-----------------------------------+-----------------------------------+-----------------------------------+-------------+--------------+------------+------------+
; -0.090 ; CTR_INCDEC:inst|div_2048:inst5|26 ; CTR_INCDEC:inst|div_2048:inst5|26 ; CTR_INCDEC:inst|div_2048:inst5|26 ; clk         ; 0.000        ; 2.227      ; 2.491      ;
; 0.312  ; CTR_INCDEC:inst|div_2048:inst5|13 ; CTR_INCDEC:inst|div_2048:inst5|13 ; clk                               ; clk         ; 0.000        ; 0.055      ; 0.511      ;
; 0.312  ; CTR_INCDEC:inst|div_2048:inst5|23 ; CTR_INCDEC:inst|div_2048:inst5|23 ; clk                               ; clk         ; 0.000        ; 0.055      ; 0.511      ;
; 0.312  ; CTR_INCDEC:inst|div_2048:inst5|28 ; CTR_INCDEC:inst|div_2048:inst5|28 ; clk                               ; clk         ; 0.000        ; 0.055      ; 0.511      ;
; 0.312  ; CTR_INCDEC:inst|div_2048:inst5|22 ; CTR_INCDEC:inst|div_2048:inst5|22 ; clk                               ; clk         ; 0.000        ; 0.055      ; 0.511      ;
; 0.312  ; CTR_INCDEC:inst|div_2048:inst5|11 ; CTR_INCDEC:inst|div_2048:inst5|11 ; clk                               ; clk         ; 0.000        ; 0.055      ; 0.511      ;
; 0.312  ; CTR_INCDEC:inst|div_2048:inst5|12 ; CTR_INCDEC:inst|div_2048:inst5|12 ; clk                               ; clk         ; 0.000        ; 0.055      ; 0.511      ;
; 0.312  ; CTR_INCDEC:inst|div_2048:inst5|4  ; CTR_INCDEC:inst|div_2048:inst5|4  ; clk                               ; clk         ; 0.000        ; 0.055      ; 0.511      ;
; 0.312  ; CTR_INCDEC:inst|div_2048:inst5|5  ; CTR_INCDEC:inst|div_2048:inst5|5  ; clk                               ; clk         ; 0.000        ; 0.055      ; 0.511      ;
; 0.312  ; CTR_INCDEC:inst|div_2048:inst5|6  ; CTR_INCDEC:inst|div_2048:inst5|6  ; clk                               ; clk         ; 0.000        ; 0.055      ; 0.511      ;
; 0.320  ; CTR_INCDEC:inst|div_2048:inst5|7  ; CTR_INCDEC:inst|div_2048:inst5|7  ; clk                               ; clk         ; 0.000        ; 0.055      ; 0.519      ;
; 0.477  ; CTR_INCDEC:inst|div_2048:inst5|11 ; CTR_INCDEC:inst|div_2048:inst5|22 ; clk                               ; clk         ; 0.000        ; 0.055      ; 0.676      ;
; 0.485  ; CTR_INCDEC:inst|div_2048:inst5|6  ; CTR_INCDEC:inst|div_2048:inst5|4  ; clk                               ; clk         ; 0.000        ; 0.055      ; 0.684      ;
; 0.491  ; CTR_INCDEC:inst|div_2048:inst5|26 ; CTR_INCDEC:inst|div_2048:inst5|26 ; CTR_INCDEC:inst|div_2048:inst5|26 ; clk         ; -0.500       ; 2.227      ; 2.572      ;
; 0.497  ; CTR_INCDEC:inst|div_2048:inst5|7  ; CTR_INCDEC:inst|div_2048:inst5|6  ; clk                               ; clk         ; 0.000        ; 0.055      ; 0.696      ;
; 0.498  ; CTR_INCDEC:inst|div_2048:inst5|7  ; CTR_INCDEC:inst|div_2048:inst5|5  ; clk                               ; clk         ; 0.000        ; 0.055      ; 0.697      ;
; 0.504  ; CTR_INCDEC:inst|div_2048:inst5|23 ; CTR_INCDEC:inst|div_2048:inst5|13 ; clk                               ; clk         ; 0.000        ; 0.055      ; 0.703      ;
; 0.510  ; CTR_INCDEC:inst|div_2048:inst5|28 ; CTR_INCDEC:inst|div_2048:inst5|23 ; clk                               ; clk         ; 0.000        ; 0.055      ; 0.709      ;
; 0.512  ; CTR_INCDEC:inst|div_2048:inst5|28 ; CTR_INCDEC:inst|div_2048:inst5|13 ; clk                               ; clk         ; 0.000        ; 0.055      ; 0.711      ;
; 0.647  ; CTR_INCDEC:inst|div_2048:inst5|12 ; CTR_INCDEC:inst|div_2048:inst5|11 ; clk                               ; clk         ; 0.000        ; 0.055      ; 0.846      ;
; 0.651  ; CTR_INCDEC:inst|div_2048:inst5|12 ; CTR_INCDEC:inst|div_2048:inst5|22 ; clk                               ; clk         ; 0.000        ; 0.055      ; 0.850      ;
; 0.651  ; CTR_INCDEC:inst|div_2048:inst5|6  ; CTR_INCDEC:inst|div_2048:inst5|5  ; clk                               ; clk         ; 0.000        ; 0.055      ; 0.850      ;
; 0.663  ; CTR_INCDEC:inst|div_2048:inst5|7  ; CTR_INCDEC:inst|div_2048:inst5|4  ; clk                               ; clk         ; 0.000        ; 0.055      ; 0.862      ;
; 0.790  ; CTR_INCDEC:inst|div_2048:inst5|12 ; CTR_INCDEC:inst|div_2048:inst5|23 ; clk                               ; clk         ; 0.000        ; 0.055      ; 0.989      ;
; 0.791  ; CTR_INCDEC:inst|div_2048:inst5|12 ; CTR_INCDEC:inst|div_2048:inst5|28 ; clk                               ; clk         ; 0.000        ; 0.055      ; 0.990      ;
; 0.792  ; CTR_INCDEC:inst|div_2048:inst5|12 ; CTR_INCDEC:inst|div_2048:inst5|13 ; clk                               ; clk         ; 0.000        ; 0.055      ; 0.991      ;
; 0.795  ; CTR_INCDEC:inst|div_2048:inst5|11 ; CTR_INCDEC:inst|div_2048:inst5|23 ; clk                               ; clk         ; 0.000        ; 0.055      ; 0.994      ;
; 0.796  ; CTR_INCDEC:inst|div_2048:inst5|11 ; CTR_INCDEC:inst|div_2048:inst5|28 ; clk                               ; clk         ; 0.000        ; 0.055      ; 0.995      ;
; 0.797  ; CTR_INCDEC:inst|div_2048:inst5|11 ; CTR_INCDEC:inst|div_2048:inst5|13 ; clk                               ; clk         ; 0.000        ; 0.055      ; 0.996      ;
; 0.857  ; CTR_INCDEC:inst|div_2048:inst5|22 ; CTR_INCDEC:inst|div_2048:inst5|23 ; clk                               ; clk         ; 0.000        ; 0.055      ; 1.056      ;
; 0.858  ; CTR_INCDEC:inst|div_2048:inst5|22 ; CTR_INCDEC:inst|div_2048:inst5|28 ; clk                               ; clk         ; 0.000        ; 0.055      ; 1.057      ;
; 0.859  ; CTR_INCDEC:inst|div_2048:inst5|22 ; CTR_INCDEC:inst|div_2048:inst5|13 ; clk                               ; clk         ; 0.000        ; 0.055      ; 1.058      ;
; 0.884  ; CTR_INCDEC:inst|div_2048:inst5|5  ; CTR_INCDEC:inst|div_2048:inst5|4  ; clk                               ; clk         ; 0.000        ; 0.055      ; 1.083      ;
; 0.920  ; CTR_INCDEC:inst|div_2048:inst5|5  ; CTR_INCDEC:inst|div_2048:inst5|23 ; clk                               ; clk         ; 0.000        ; 0.055      ; 1.119      ;
; 0.921  ; CTR_INCDEC:inst|div_2048:inst5|5  ; CTR_INCDEC:inst|div_2048:inst5|28 ; clk                               ; clk         ; 0.000        ; 0.055      ; 1.120      ;
; 0.922  ; CTR_INCDEC:inst|div_2048:inst5|5  ; CTR_INCDEC:inst|div_2048:inst5|13 ; clk                               ; clk         ; 0.000        ; 0.055      ; 1.121      ;
; 0.947  ; CTR_INCDEC:inst|div_2048:inst5|5  ; CTR_INCDEC:inst|div_2048:inst5|11 ; clk                               ; clk         ; 0.000        ; 0.055      ; 1.146      ;
; 0.947  ; CTR_INCDEC:inst|div_2048:inst5|5  ; CTR_INCDEC:inst|div_2048:inst5|12 ; clk                               ; clk         ; 0.000        ; 0.055      ; 1.146      ;
; 0.949  ; CTR_INCDEC:inst|div_2048:inst5|5  ; CTR_INCDEC:inst|div_2048:inst5|22 ; clk                               ; clk         ; 0.000        ; 0.055      ; 1.148      ;
; 1.013  ; CTR_INCDEC:inst|div_2048:inst5|6  ; CTR_INCDEC:inst|div_2048:inst5|23 ; clk                               ; clk         ; 0.000        ; 0.055      ; 1.212      ;
; 1.014  ; CTR_INCDEC:inst|div_2048:inst5|6  ; CTR_INCDEC:inst|div_2048:inst5|28 ; clk                               ; clk         ; 0.000        ; 0.055      ; 1.213      ;
; 1.015  ; CTR_INCDEC:inst|div_2048:inst5|6  ; CTR_INCDEC:inst|div_2048:inst5|13 ; clk                               ; clk         ; 0.000        ; 0.055      ; 1.214      ;
; 1.031  ; CTR_INCDEC:inst|div_2048:inst5|23 ; CTR_INCDEC:inst|div_2048:inst5|26 ; clk                               ; clk         ; 0.000        ; 0.055      ; 1.230      ;
; 1.033  ; CTR_INCDEC:inst|div_2048:inst5|28 ; CTR_INCDEC:inst|div_2048:inst5|26 ; clk                               ; clk         ; 0.000        ; 0.055      ; 1.232      ;
; 1.040  ; CTR_INCDEC:inst|div_2048:inst5|6  ; CTR_INCDEC:inst|div_2048:inst5|11 ; clk                               ; clk         ; 0.000        ; 0.055      ; 1.239      ;
; 1.040  ; CTR_INCDEC:inst|div_2048:inst5|6  ; CTR_INCDEC:inst|div_2048:inst5|12 ; clk                               ; clk         ; 0.000        ; 0.055      ; 1.239      ;
; 1.042  ; CTR_INCDEC:inst|div_2048:inst5|6  ; CTR_INCDEC:inst|div_2048:inst5|22 ; clk                               ; clk         ; 0.000        ; 0.055      ; 1.241      ;
; 1.060  ; CTR_INCDEC:inst|div_2048:inst5|4  ; CTR_INCDEC:inst|div_2048:inst5|23 ; clk                               ; clk         ; 0.000        ; 0.055      ; 1.259      ;
; 1.061  ; CTR_INCDEC:inst|div_2048:inst5|4  ; CTR_INCDEC:inst|div_2048:inst5|28 ; clk                               ; clk         ; 0.000        ; 0.055      ; 1.260      ;
; 1.062  ; CTR_INCDEC:inst|div_2048:inst5|4  ; CTR_INCDEC:inst|div_2048:inst5|13 ; clk                               ; clk         ; 0.000        ; 0.055      ; 1.261      ;
; 1.080  ; CTR_INCDEC:inst|div_2048:inst5|7  ; CTR_INCDEC:inst|div_2048:inst5|23 ; clk                               ; clk         ; 0.000        ; 0.055      ; 1.279      ;
; 1.081  ; CTR_INCDEC:inst|div_2048:inst5|7  ; CTR_INCDEC:inst|div_2048:inst5|28 ; clk                               ; clk         ; 0.000        ; 0.055      ; 1.280      ;
; 1.082  ; CTR_INCDEC:inst|div_2048:inst5|7  ; CTR_INCDEC:inst|div_2048:inst5|13 ; clk                               ; clk         ; 0.000        ; 0.055      ; 1.281      ;
; 1.087  ; CTR_INCDEC:inst|div_2048:inst5|4  ; CTR_INCDEC:inst|div_2048:inst5|11 ; clk                               ; clk         ; 0.000        ; 0.055      ; 1.286      ;
; 1.087  ; CTR_INCDEC:inst|div_2048:inst5|4  ; CTR_INCDEC:inst|div_2048:inst5|12 ; clk                               ; clk         ; 0.000        ; 0.055      ; 1.286      ;
; 1.089  ; CTR_INCDEC:inst|div_2048:inst5|4  ; CTR_INCDEC:inst|div_2048:inst5|22 ; clk                               ; clk         ; 0.000        ; 0.055      ; 1.288      ;
; 1.107  ; CTR_INCDEC:inst|div_2048:inst5|7  ; CTR_INCDEC:inst|div_2048:inst5|11 ; clk                               ; clk         ; 0.000        ; 0.055      ; 1.306      ;
; 1.107  ; CTR_INCDEC:inst|div_2048:inst5|7  ; CTR_INCDEC:inst|div_2048:inst5|12 ; clk                               ; clk         ; 0.000        ; 0.055      ; 1.306      ;
; 1.109  ; CTR_INCDEC:inst|div_2048:inst5|7  ; CTR_INCDEC:inst|div_2048:inst5|22 ; clk                               ; clk         ; 0.000        ; 0.055      ; 1.308      ;
; 1.173  ; CTR_INCDEC:inst|div_2048:inst5|5  ; CTR_INCDEC:inst|div_2048:inst5|26 ; clk                               ; clk         ; 0.000        ; 0.055      ; 1.372      ;
; 1.245  ; CTR_INCDEC:inst|div_2048:inst5|11 ; CTR_INCDEC:inst|div_2048:inst5|26 ; clk                               ; clk         ; 0.000        ; 0.055      ; 1.444      ;
; 1.266  ; CTR_INCDEC:inst|div_2048:inst5|6  ; CTR_INCDEC:inst|div_2048:inst5|26 ; clk                               ; clk         ; 0.000        ; 0.055      ; 1.465      ;
; 1.313  ; CTR_INCDEC:inst|div_2048:inst5|4  ; CTR_INCDEC:inst|div_2048:inst5|26 ; clk                               ; clk         ; 0.000        ; 0.055      ; 1.512      ;
; 1.333  ; CTR_INCDEC:inst|div_2048:inst5|7  ; CTR_INCDEC:inst|div_2048:inst5|26 ; clk                               ; clk         ; 0.000        ; 0.055      ; 1.532      ;
; 1.339  ; CTR_INCDEC:inst|div_2048:inst5|12 ; CTR_INCDEC:inst|div_2048:inst5|26 ; clk                               ; clk         ; 0.000        ; 0.055      ; 1.538      ;
; 1.381  ; CTR_INCDEC:inst|div_2048:inst5|13 ; CTR_INCDEC:inst|div_2048:inst5|26 ; clk                               ; clk         ; 0.000        ; 0.055      ; 1.580      ;
; 1.403  ; CTR_INCDEC:inst|div_2048:inst5|22 ; CTR_INCDEC:inst|div_2048:inst5|26 ; clk                               ; clk         ; 0.000        ; 0.055      ; 1.602      ;
+--------+-----------------------------------+-----------------------------------+-----------------------------------+-------------+--------------+------------+------------+


+------------------------------------------------------------------------------------------------------------------------------------------------------------------------------------------------------------+
; Slow 1200mV 0C Model Hold: 'CTR_INCDEC:inst|div_2048:inst6|26'                                                                                                                                             ;
+-------+-----------------------------------------+-----------------------------------------+-----------------------------------+-----------------------------------+--------------+------------+------------+
; Slack ; From Node                               ; To Node                                 ; Launch Clock                      ; Latch Clock                       ; Relationship ; Clock Skew ; Data Delay ;
+-------+-----------------------------------------+-----------------------------------------+-----------------------------------+-----------------------------------+--------------+------------+------------+
; 0.232 ; CTR_INCDEC:inst|CONTADOR_6:inst4|inst23 ; CTR_INCDEC:inst|CONTADOR_6:inst4|inst22 ; CTR_INCDEC:inst|div_2048:inst6|26 ; CTR_INCDEC:inst|div_2048:inst6|26 ; 0.000        ; 0.380      ; 0.756      ;
; 0.300 ; CTR_INCDEC:inst|CONTADOR_6:inst4|inst22 ; CTR_INCDEC:inst|CONTADOR_6:inst4|inst22 ; CTR_INCDEC:inst|div_2048:inst6|26 ; CTR_INCDEC:inst|div_2048:inst6|26 ; 0.000        ; 0.067      ; 0.511      ;
; 0.312 ; CTR_INCDEC:inst|CONTADOR_6:inst4|inst21 ; CTR_INCDEC:inst|CONTADOR_6:inst4|inst21 ; CTR_INCDEC:inst|div_2048:inst6|26 ; CTR_INCDEC:inst|div_2048:inst6|26 ; 0.000        ; 0.055      ; 0.511      ;
; 0.312 ; CTR_INCDEC:inst|CONTADOR_6:inst4|inst23 ; CTR_INCDEC:inst|CONTADOR_6:inst4|inst23 ; CTR_INCDEC:inst|div_2048:inst6|26 ; CTR_INCDEC:inst|div_2048:inst6|26 ; 0.000        ; 0.055      ; 0.511      ;
; 0.312 ; CTR_INCDEC:inst|CTRL_Cont6:inst3|inst   ; CTR_INCDEC:inst|CTRL_Cont6:inst3|inst   ; CTR_INCDEC:inst|div_2048:inst6|26 ; CTR_INCDEC:inst|div_2048:inst6|26 ; 0.000        ; 0.055      ; 0.511      ;
; 0.312 ; CTR_INCDEC:inst|CTRL_Cont6:inst3|inst1  ; CTR_INCDEC:inst|CTRL_Cont6:inst3|inst1  ; CTR_INCDEC:inst|div_2048:inst6|26 ; CTR_INCDEC:inst|div_2048:inst6|26 ; 0.000        ; 0.055      ; 0.511      ;
; 0.312 ; CTR_INCDEC:inst|CTRL_Cont6:inst2|inst1  ; CTR_INCDEC:inst|CTRL_Cont6:inst2|inst1  ; CTR_INCDEC:inst|div_2048:inst6|26 ; CTR_INCDEC:inst|div_2048:inst6|26 ; 0.000        ; 0.055      ; 0.511      ;
; 0.312 ; CTR_INCDEC:inst|CTRL_Cont6:inst2|inst   ; CTR_INCDEC:inst|CTRL_Cont6:inst2|inst   ; CTR_INCDEC:inst|div_2048:inst6|26 ; CTR_INCDEC:inst|div_2048:inst6|26 ; 0.000        ; 0.055      ; 0.511      ;
; 0.320 ; CTR_INCDEC:inst|CTRL_Cont6:inst3|inst2  ; CTR_INCDEC:inst|CTRL_Cont6:inst3|inst2  ; CTR_INCDEC:inst|div_2048:inst6|26 ; CTR_INCDEC:inst|div_2048:inst6|26 ; 0.000        ; 0.055      ; 0.519      ;
; 0.320 ; CTR_INCDEC:inst|CTRL_Cont6:inst2|inst2  ; CTR_INCDEC:inst|CTRL_Cont6:inst2|inst2  ; CTR_INCDEC:inst|div_2048:inst6|26 ; CTR_INCDEC:inst|div_2048:inst6|26 ; 0.000        ; 0.055      ; 0.519      ;
; 0.342 ; CTR_INCDEC:inst|CONTADOR_6:inst4|inst21 ; CTR_INCDEC:inst|CONTADOR_6:inst4|inst22 ; CTR_INCDEC:inst|div_2048:inst6|26 ; CTR_INCDEC:inst|div_2048:inst6|26 ; 0.000        ; 0.380      ; 0.866      ;
; 0.355 ; CTR_INCDEC:inst|CTRL_Cont6:inst3|inst   ; CTR_INCDEC:inst|CTRL_Cont6:inst3|inst2  ; CTR_INCDEC:inst|div_2048:inst6|26 ; CTR_INCDEC:inst|div_2048:inst6|26 ; 0.000        ; 0.055      ; 0.554      ;
; 0.483 ; CTR_INCDEC:inst|CTRL_Cont6:inst3|inst2  ; CTR_INCDEC:inst|CTRL_Cont6:inst3|inst1  ; CTR_INCDEC:inst|div_2048:inst6|26 ; CTR_INCDEC:inst|div_2048:inst6|26 ; 0.000        ; 0.055      ; 0.682      ;
; 0.492 ; CTR_INCDEC:inst|CTRL_Cont6:inst3|inst2  ; CTR_INCDEC:inst|CTRL_Cont6:inst3|inst   ; CTR_INCDEC:inst|div_2048:inst6|26 ; CTR_INCDEC:inst|div_2048:inst6|26 ; 0.000        ; 0.055      ; 0.691      ;
; 0.521 ; CTR_INCDEC:inst|CTRL_Cont6:inst3|inst1  ; CTR_INCDEC:inst|CTRL_Cont6:inst3|inst   ; CTR_INCDEC:inst|div_2048:inst6|26 ; CTR_INCDEC:inst|div_2048:inst6|26 ; 0.000        ; 0.055      ; 0.720      ;
; 0.529 ; CTR_INCDEC:inst|CTRL_Cont6:inst3|inst1  ; CTR_INCDEC:inst|CTRL_Cont6:inst3|inst2  ; CTR_INCDEC:inst|div_2048:inst6|26 ; CTR_INCDEC:inst|div_2048:inst6|26 ; 0.000        ; 0.055      ; 0.728      ;
; 0.565 ; CTR_INCDEC:inst|CONTADOR_6:inst4|inst23 ; CTR_INCDEC:inst|CONTADOR_6:inst4|inst21 ; CTR_INCDEC:inst|div_2048:inst6|26 ; CTR_INCDEC:inst|div_2048:inst6|26 ; 0.000        ; 0.055      ; 0.764      ;
; 0.571 ; CTR_INCDEC:inst|CTRL_Cont6:inst2|inst   ; CTR_INCDEC:inst|CONTADOR_6:inst4|inst22 ; CTR_INCDEC:inst|div_2048:inst6|26 ; CTR_INCDEC:inst|div_2048:inst6|26 ; 0.000        ; 0.380      ; 1.095      ;
; 0.630 ; CTR_INCDEC:inst|CTRL_Cont6:inst2|inst   ; CTR_INCDEC:inst|CONTADOR_6:inst4|inst23 ; CTR_INCDEC:inst|div_2048:inst6|26 ; CTR_INCDEC:inst|div_2048:inst6|26 ; 0.000        ; 0.055      ; 0.829      ;
; 0.664 ; CTR_INCDEC:inst|CTRL_Cont6:inst2|inst1  ; CTR_INCDEC:inst|CONTADOR_6:inst4|inst22 ; CTR_INCDEC:inst|div_2048:inst6|26 ; CTR_INCDEC:inst|div_2048:inst6|26 ; 0.000        ; 0.380      ; 1.188      ;
; 0.698 ; CTR_INCDEC:inst|CTRL_Cont6:inst2|inst1  ; CTR_INCDEC:inst|CTRL_Cont6:inst2|inst   ; CTR_INCDEC:inst|div_2048:inst6|26 ; CTR_INCDEC:inst|div_2048:inst6|26 ; 0.000        ; 0.055      ; 0.897      ;
; 0.704 ; CTR_INCDEC:inst|CTRL_Cont6:inst3|inst   ; CTR_INCDEC:inst|CTRL_Cont6:inst3|inst1  ; CTR_INCDEC:inst|div_2048:inst6|26 ; CTR_INCDEC:inst|div_2048:inst6|26 ; 0.000        ; 0.055      ; 0.903      ;
; 0.711 ; CTR_INCDEC:inst|CTRL_Cont6:inst2|inst   ; CTR_INCDEC:inst|CTRL_Cont6:inst2|inst1  ; CTR_INCDEC:inst|div_2048:inst6|26 ; CTR_INCDEC:inst|div_2048:inst6|26 ; 0.000        ; 0.055      ; 0.910      ;
; 0.723 ; CTR_INCDEC:inst|CTRL_Cont6:inst2|inst1  ; CTR_INCDEC:inst|CONTADOR_6:inst4|inst23 ; CTR_INCDEC:inst|div_2048:inst6|26 ; CTR_INCDEC:inst|div_2048:inst6|26 ; 0.000        ; 0.055      ; 0.922      ;
; 0.733 ; CTR_INCDEC:inst|CTRL_Cont6:inst2|inst1  ; CTR_INCDEC:inst|CTRL_Cont6:inst2|inst2  ; CTR_INCDEC:inst|div_2048:inst6|26 ; CTR_INCDEC:inst|div_2048:inst6|26 ; 0.000        ; 0.055      ; 0.932      ;
; 0.734 ; CTR_INCDEC:inst|CTRL_Cont6:inst2|inst   ; CTR_INCDEC:inst|CTRL_Cont6:inst2|inst2  ; CTR_INCDEC:inst|div_2048:inst6|26 ; CTR_INCDEC:inst|div_2048:inst6|26 ; 0.000        ; 0.055      ; 0.933      ;
; 0.793 ; CTR_INCDEC:inst|CTRL_Cont6:inst2|inst   ; CTR_INCDEC:inst|CONTADOR_6:inst4|inst21 ; CTR_INCDEC:inst|div_2048:inst6|26 ; CTR_INCDEC:inst|div_2048:inst6|26 ; 0.000        ; 0.055      ; 0.992      ;
; 0.804 ; CTR_INCDEC:inst|CTRL_Cont6:inst3|inst   ; CTR_INCDEC:inst|CONTADOR_6:inst4|inst22 ; CTR_INCDEC:inst|div_2048:inst6|26 ; CTR_INCDEC:inst|div_2048:inst6|26 ; 0.000        ; 0.380      ; 1.328      ;
; 0.830 ; CTR_INCDEC:inst|CTRL_Cont6:inst2|inst2  ; CTR_INCDEC:inst|CONTADOR_6:inst4|inst22 ; CTR_INCDEC:inst|div_2048:inst6|26 ; CTR_INCDEC:inst|div_2048:inst6|26 ; 0.000        ; 0.380      ; 1.354      ;
; 0.857 ; CTR_INCDEC:inst|CTRL_Cont6:inst3|inst   ; CTR_INCDEC:inst|CONTADOR_6:inst4|inst23 ; CTR_INCDEC:inst|div_2048:inst6|26 ; CTR_INCDEC:inst|div_2048:inst6|26 ; 0.000        ; 0.055      ; 1.056      ;
; 0.881 ; CTR_INCDEC:inst|CTRL_Cont6:inst3|inst1  ; CTR_INCDEC:inst|CONTADOR_6:inst4|inst22 ; CTR_INCDEC:inst|div_2048:inst6|26 ; CTR_INCDEC:inst|div_2048:inst6|26 ; 0.000        ; 0.380      ; 1.405      ;
; 0.886 ; CTR_INCDEC:inst|CTRL_Cont6:inst2|inst1  ; CTR_INCDEC:inst|CONTADOR_6:inst4|inst21 ; CTR_INCDEC:inst|div_2048:inst6|26 ; CTR_INCDEC:inst|div_2048:inst6|26 ; 0.000        ; 0.055      ; 1.085      ;
; 0.890 ; CTR_INCDEC:inst|CTRL_Cont6:inst2|inst2  ; CTR_INCDEC:inst|CONTADOR_6:inst4|inst23 ; CTR_INCDEC:inst|div_2048:inst6|26 ; CTR_INCDEC:inst|div_2048:inst6|26 ; 0.000        ; 0.055      ; 1.089      ;
; 0.900 ; CTR_INCDEC:inst|CTRL_Cont6:inst2|inst2  ; CTR_INCDEC:inst|CTRL_Cont6:inst2|inst   ; CTR_INCDEC:inst|div_2048:inst6|26 ; CTR_INCDEC:inst|div_2048:inst6|26 ; 0.000        ; 0.055      ; 1.099      ;
; 0.915 ; CTR_INCDEC:inst|CTRL_Cont6:inst3|inst   ; CTR_INCDEC:inst|CONTADOR_6:inst4|inst21 ; CTR_INCDEC:inst|div_2048:inst6|26 ; CTR_INCDEC:inst|div_2048:inst6|26 ; 0.000        ; 0.055      ; 1.114      ;
; 0.936 ; CTR_INCDEC:inst|CTRL_Cont6:inst3|inst1  ; CTR_INCDEC:inst|CONTADOR_6:inst4|inst23 ; CTR_INCDEC:inst|div_2048:inst6|26 ; CTR_INCDEC:inst|div_2048:inst6|26 ; 0.000        ; 0.055      ; 1.135      ;
; 0.937 ; CTR_INCDEC:inst|CTRL_Cont6:inst2|inst2  ; CTR_INCDEC:inst|CTRL_Cont6:inst2|inst1  ; CTR_INCDEC:inst|div_2048:inst6|26 ; CTR_INCDEC:inst|div_2048:inst6|26 ; 0.000        ; 0.055      ; 1.136      ;
; 0.994 ; CTR_INCDEC:inst|CTRL_Cont6:inst3|inst1  ; CTR_INCDEC:inst|CONTADOR_6:inst4|inst21 ; CTR_INCDEC:inst|div_2048:inst6|26 ; CTR_INCDEC:inst|div_2048:inst6|26 ; 0.000        ; 0.055      ; 1.193      ;
; 1.032 ; CTR_INCDEC:inst|CTRL_Cont6:inst3|inst2  ; CTR_INCDEC:inst|CONTADOR_6:inst4|inst22 ; CTR_INCDEC:inst|div_2048:inst6|26 ; CTR_INCDEC:inst|div_2048:inst6|26 ; 0.000        ; 0.380      ; 1.556      ;
; 1.083 ; CTR_INCDEC:inst|CTRL_Cont6:inst2|inst2  ; CTR_INCDEC:inst|CONTADOR_6:inst4|inst21 ; CTR_INCDEC:inst|div_2048:inst6|26 ; CTR_INCDEC:inst|div_2048:inst6|26 ; 0.000        ; 0.055      ; 1.282      ;
; 1.103 ; CTR_INCDEC:inst|CTRL_Cont6:inst3|inst2  ; CTR_INCDEC:inst|CONTADOR_6:inst4|inst23 ; CTR_INCDEC:inst|div_2048:inst6|26 ; CTR_INCDEC:inst|div_2048:inst6|26 ; 0.000        ; 0.055      ; 1.302      ;
; 1.111 ; CTR_INCDEC:inst|CONTADOR_6:inst4|inst22 ; CTR_INCDEC:inst|CONTADOR_6:inst4|inst21 ; CTR_INCDEC:inst|div_2048:inst6|26 ; CTR_INCDEC:inst|div_2048:inst6|26 ; 0.000        ; -0.258     ; 0.997      ;
; 1.147 ; CTR_INCDEC:inst|CTRL_Cont6:inst3|inst2  ; CTR_INCDEC:inst|CONTADOR_6:inst4|inst21 ; CTR_INCDEC:inst|div_2048:inst6|26 ; CTR_INCDEC:inst|div_2048:inst6|26 ; 0.000        ; 0.055      ; 1.346      ;
+-------+-----------------------------------------+-----------------------------------------+-----------------------------------+-----------------------------------+--------------+------------+------------+


+--------------------------------------------------------------------------------------------------------------------+
; Slow 1200mV 0C Model Minimum Pulse Width: 'clk'                                                                    ;
+--------+--------------+----------------+------------------+-------+------------+-----------------------------------+
; Slack  ; Actual Width ; Required Width ; Type             ; Clock ; Clock Edge ; Target                            ;
+--------+--------------+----------------+------------------+-------+------------+-----------------------------------+
; -3.000 ; 1.000        ; 4.000          ; Port Rate        ; clk   ; Rise       ; clk                               ;
; -1.000 ; 1.000        ; 2.000          ; Min Period       ; clk   ; Rise       ; CTR_INCDEC:inst|div_2048:inst5|11 ;
; -1.000 ; 1.000        ; 2.000          ; Min Period       ; clk   ; Rise       ; CTR_INCDEC:inst|div_2048:inst5|12 ;
; -1.000 ; 1.000        ; 2.000          ; Min Period       ; clk   ; Rise       ; CTR_INCDEC:inst|div_2048:inst5|13 ;
; -1.000 ; 1.000        ; 2.000          ; Min Period       ; clk   ; Rise       ; CTR_INCDEC:inst|div_2048:inst5|22 ;
; -1.000 ; 1.000        ; 2.000          ; Min Period       ; clk   ; Rise       ; CTR_INCDEC:inst|div_2048:inst5|23 ;
; -1.000 ; 1.000        ; 2.000          ; Min Period       ; clk   ; Rise       ; CTR_INCDEC:inst|div_2048:inst5|26 ;
; -1.000 ; 1.000        ; 2.000          ; Min Period       ; clk   ; Rise       ; CTR_INCDEC:inst|div_2048:inst5|28 ;
; -1.000 ; 1.000        ; 2.000          ; Min Period       ; clk   ; Rise       ; CTR_INCDEC:inst|div_2048:inst5|4  ;
; -1.000 ; 1.000        ; 2.000          ; Min Period       ; clk   ; Rise       ; CTR_INCDEC:inst|div_2048:inst5|5  ;
; -1.000 ; 1.000        ; 2.000          ; Min Period       ; clk   ; Rise       ; CTR_INCDEC:inst|div_2048:inst5|6  ;
; -1.000 ; 1.000        ; 2.000          ; Min Period       ; clk   ; Rise       ; CTR_INCDEC:inst|div_2048:inst5|7  ;
; 0.184  ; 0.368        ; 0.184          ; Low Pulse Width  ; clk   ; Rise       ; CTR_INCDEC:inst|div_2048:inst5|11 ;
; 0.184  ; 0.368        ; 0.184          ; Low Pulse Width  ; clk   ; Rise       ; CTR_INCDEC:inst|div_2048:inst5|12 ;
; 0.184  ; 0.368        ; 0.184          ; Low Pulse Width  ; clk   ; Rise       ; CTR_INCDEC:inst|div_2048:inst5|13 ;
; 0.184  ; 0.368        ; 0.184          ; Low Pulse Width  ; clk   ; Rise       ; CTR_INCDEC:inst|div_2048:inst5|22 ;
; 0.184  ; 0.368        ; 0.184          ; Low Pulse Width  ; clk   ; Rise       ; CTR_INCDEC:inst|div_2048:inst5|23 ;
; 0.184  ; 0.368        ; 0.184          ; Low Pulse Width  ; clk   ; Rise       ; CTR_INCDEC:inst|div_2048:inst5|26 ;
; 0.184  ; 0.368        ; 0.184          ; Low Pulse Width  ; clk   ; Rise       ; CTR_INCDEC:inst|div_2048:inst5|28 ;
; 0.184  ; 0.368        ; 0.184          ; Low Pulse Width  ; clk   ; Rise       ; CTR_INCDEC:inst|div_2048:inst5|4  ;
; 0.184  ; 0.368        ; 0.184          ; Low Pulse Width  ; clk   ; Rise       ; CTR_INCDEC:inst|div_2048:inst5|5  ;
; 0.184  ; 0.368        ; 0.184          ; Low Pulse Width  ; clk   ; Rise       ; CTR_INCDEC:inst|div_2048:inst5|6  ;
; 0.184  ; 0.368        ; 0.184          ; Low Pulse Width  ; clk   ; Rise       ; CTR_INCDEC:inst|div_2048:inst5|7  ;
; 0.339  ; 0.339        ; 0.000          ; Low Pulse Width  ; clk   ; Rise       ; clk~input|o                       ;
; 0.344  ; 0.344        ; 0.000          ; Low Pulse Width  ; clk   ; Rise       ; inst|inst5|11|clk                 ;
; 0.344  ; 0.344        ; 0.000          ; Low Pulse Width  ; clk   ; Rise       ; inst|inst5|12|clk                 ;
; 0.344  ; 0.344        ; 0.000          ; Low Pulse Width  ; clk   ; Rise       ; inst|inst5|13|clk                 ;
; 0.344  ; 0.344        ; 0.000          ; Low Pulse Width  ; clk   ; Rise       ; inst|inst5|22|clk                 ;
; 0.344  ; 0.344        ; 0.000          ; Low Pulse Width  ; clk   ; Rise       ; inst|inst5|23|clk                 ;
; 0.344  ; 0.344        ; 0.000          ; Low Pulse Width  ; clk   ; Rise       ; inst|inst5|26|clk                 ;
; 0.344  ; 0.344        ; 0.000          ; Low Pulse Width  ; clk   ; Rise       ; inst|inst5|28|clk                 ;
; 0.344  ; 0.344        ; 0.000          ; Low Pulse Width  ; clk   ; Rise       ; inst|inst5|4|clk                  ;
; 0.344  ; 0.344        ; 0.000          ; Low Pulse Width  ; clk   ; Rise       ; inst|inst5|5|clk                  ;
; 0.344  ; 0.344        ; 0.000          ; Low Pulse Width  ; clk   ; Rise       ; inst|inst5|6|clk                  ;
; 0.344  ; 0.344        ; 0.000          ; Low Pulse Width  ; clk   ; Rise       ; inst|inst5|7|clk                  ;
; 0.348  ; 0.348        ; 0.000          ; Low Pulse Width  ; clk   ; Rise       ; clk~inputclkctrl|inclk[0]         ;
; 0.348  ; 0.348        ; 0.000          ; Low Pulse Width  ; clk   ; Rise       ; clk~inputclkctrl|outclk           ;
; 0.414  ; 0.630        ; 0.216          ; High Pulse Width ; clk   ; Rise       ; CTR_INCDEC:inst|div_2048:inst5|11 ;
; 0.414  ; 0.630        ; 0.216          ; High Pulse Width ; clk   ; Rise       ; CTR_INCDEC:inst|div_2048:inst5|12 ;
; 0.414  ; 0.630        ; 0.216          ; High Pulse Width ; clk   ; Rise       ; CTR_INCDEC:inst|div_2048:inst5|13 ;
; 0.414  ; 0.630        ; 0.216          ; High Pulse Width ; clk   ; Rise       ; CTR_INCDEC:inst|div_2048:inst5|22 ;
; 0.414  ; 0.630        ; 0.216          ; High Pulse Width ; clk   ; Rise       ; CTR_INCDEC:inst|div_2048:inst5|23 ;
; 0.414  ; 0.630        ; 0.216          ; High Pulse Width ; clk   ; Rise       ; CTR_INCDEC:inst|div_2048:inst5|26 ;
; 0.414  ; 0.630        ; 0.216          ; High Pulse Width ; clk   ; Rise       ; CTR_INCDEC:inst|div_2048:inst5|28 ;
; 0.414  ; 0.630        ; 0.216          ; High Pulse Width ; clk   ; Rise       ; CTR_INCDEC:inst|div_2048:inst5|4  ;
; 0.414  ; 0.630        ; 0.216          ; High Pulse Width ; clk   ; Rise       ; CTR_INCDEC:inst|div_2048:inst5|5  ;
; 0.414  ; 0.630        ; 0.216          ; High Pulse Width ; clk   ; Rise       ; CTR_INCDEC:inst|div_2048:inst5|6  ;
; 0.414  ; 0.630        ; 0.216          ; High Pulse Width ; clk   ; Rise       ; CTR_INCDEC:inst|div_2048:inst5|7  ;
; 0.500  ; 0.500        ; 0.000          ; High Pulse Width ; clk   ; Rise       ; clk~input|i                       ;
; 0.500  ; 0.500        ; 0.000          ; Low Pulse Width  ; clk   ; Rise       ; clk~input|i                       ;
; 0.651  ; 0.651        ; 0.000          ; High Pulse Width ; clk   ; Rise       ; clk~inputclkctrl|inclk[0]         ;
; 0.651  ; 0.651        ; 0.000          ; High Pulse Width ; clk   ; Rise       ; clk~inputclkctrl|outclk           ;
; 0.654  ; 0.654        ; 0.000          ; High Pulse Width ; clk   ; Rise       ; inst|inst5|11|clk                 ;
; 0.654  ; 0.654        ; 0.000          ; High Pulse Width ; clk   ; Rise       ; inst|inst5|12|clk                 ;
; 0.654  ; 0.654        ; 0.000          ; High Pulse Width ; clk   ; Rise       ; inst|inst5|13|clk                 ;
; 0.654  ; 0.654        ; 0.000          ; High Pulse Width ; clk   ; Rise       ; inst|inst5|22|clk                 ;
; 0.654  ; 0.654        ; 0.000          ; High Pulse Width ; clk   ; Rise       ; inst|inst5|23|clk                 ;
; 0.654  ; 0.654        ; 0.000          ; High Pulse Width ; clk   ; Rise       ; inst|inst5|26|clk                 ;
; 0.654  ; 0.654        ; 0.000          ; High Pulse Width ; clk   ; Rise       ; inst|inst5|28|clk                 ;
; 0.654  ; 0.654        ; 0.000          ; High Pulse Width ; clk   ; Rise       ; inst|inst5|4|clk                  ;
; 0.654  ; 0.654        ; 0.000          ; High Pulse Width ; clk   ; Rise       ; inst|inst5|5|clk                  ;
; 0.654  ; 0.654        ; 0.000          ; High Pulse Width ; clk   ; Rise       ; inst|inst5|6|clk                  ;
; 0.654  ; 0.654        ; 0.000          ; High Pulse Width ; clk   ; Rise       ; inst|inst5|7|clk                  ;
; 0.661  ; 0.661        ; 0.000          ; High Pulse Width ; clk   ; Rise       ; clk~input|o                       ;
+--------+--------------+----------------+------------------+-------+------------+-----------------------------------+


+------------------------------------------------------------------------------------------------------------------------------------------------+
; Slow 1200mV 0C Model Minimum Pulse Width: 'CTR_INCDEC:inst|div_2048:inst5|26'                                                                  ;
+--------+--------------+----------------+------------------+-----------------------------------+------------+-----------------------------------+
; Slack  ; Actual Width ; Required Width ; Type             ; Clock                             ; Clock Edge ; Target                            ;
+--------+--------------+----------------+------------------+-----------------------------------+------------+-----------------------------------+
; -1.000 ; 1.000        ; 2.000          ; Min Period       ; CTR_INCDEC:inst|div_2048:inst5|26 ; Rise       ; CTR_INCDEC:inst|div_2048:inst6|11 ;
; -1.000 ; 1.000        ; 2.000          ; Min Period       ; CTR_INCDEC:inst|div_2048:inst5|26 ; Rise       ; CTR_INCDEC:inst|div_2048:inst6|12 ;
; -1.000 ; 1.000        ; 2.000          ; Min Period       ; CTR_INCDEC:inst|div_2048:inst5|26 ; Rise       ; CTR_INCDEC:inst|div_2048:inst6|13 ;
; -1.000 ; 1.000        ; 2.000          ; Min Period       ; CTR_INCDEC:inst|div_2048:inst5|26 ; Rise       ; CTR_INCDEC:inst|div_2048:inst6|22 ;
; -1.000 ; 1.000        ; 2.000          ; Min Period       ; CTR_INCDEC:inst|div_2048:inst5|26 ; Rise       ; CTR_INCDEC:inst|div_2048:inst6|23 ;
; -1.000 ; 1.000        ; 2.000          ; Min Period       ; CTR_INCDEC:inst|div_2048:inst5|26 ; Rise       ; CTR_INCDEC:inst|div_2048:inst6|26 ;
; -1.000 ; 1.000        ; 2.000          ; Min Period       ; CTR_INCDEC:inst|div_2048:inst5|26 ; Rise       ; CTR_INCDEC:inst|div_2048:inst6|28 ;
; -1.000 ; 1.000        ; 2.000          ; Min Period       ; CTR_INCDEC:inst|div_2048:inst5|26 ; Rise       ; CTR_INCDEC:inst|div_2048:inst6|4  ;
; -1.000 ; 1.000        ; 2.000          ; Min Period       ; CTR_INCDEC:inst|div_2048:inst5|26 ; Rise       ; CTR_INCDEC:inst|div_2048:inst6|5  ;
; -1.000 ; 1.000        ; 2.000          ; Min Period       ; CTR_INCDEC:inst|div_2048:inst5|26 ; Rise       ; CTR_INCDEC:inst|div_2048:inst6|6  ;
; -1.000 ; 1.000        ; 2.000          ; Min Period       ; CTR_INCDEC:inst|div_2048:inst5|26 ; Rise       ; CTR_INCDEC:inst|div_2048:inst6|7  ;
; 0.281  ; 0.497        ; 0.216          ; High Pulse Width ; CTR_INCDEC:inst|div_2048:inst5|26 ; Rise       ; CTR_INCDEC:inst|div_2048:inst6|11 ;
; 0.281  ; 0.497        ; 0.216          ; High Pulse Width ; CTR_INCDEC:inst|div_2048:inst5|26 ; Rise       ; CTR_INCDEC:inst|div_2048:inst6|12 ;
; 0.281  ; 0.497        ; 0.216          ; High Pulse Width ; CTR_INCDEC:inst|div_2048:inst5|26 ; Rise       ; CTR_INCDEC:inst|div_2048:inst6|13 ;
; 0.281  ; 0.497        ; 0.216          ; High Pulse Width ; CTR_INCDEC:inst|div_2048:inst5|26 ; Rise       ; CTR_INCDEC:inst|div_2048:inst6|22 ;
; 0.281  ; 0.497        ; 0.216          ; High Pulse Width ; CTR_INCDEC:inst|div_2048:inst5|26 ; Rise       ; CTR_INCDEC:inst|div_2048:inst6|23 ;
; 0.281  ; 0.497        ; 0.216          ; High Pulse Width ; CTR_INCDEC:inst|div_2048:inst5|26 ; Rise       ; CTR_INCDEC:inst|div_2048:inst6|26 ;
; 0.281  ; 0.497        ; 0.216          ; High Pulse Width ; CTR_INCDEC:inst|div_2048:inst5|26 ; Rise       ; CTR_INCDEC:inst|div_2048:inst6|28 ;
; 0.281  ; 0.497        ; 0.216          ; High Pulse Width ; CTR_INCDEC:inst|div_2048:inst5|26 ; Rise       ; CTR_INCDEC:inst|div_2048:inst6|4  ;
; 0.281  ; 0.497        ; 0.216          ; High Pulse Width ; CTR_INCDEC:inst|div_2048:inst5|26 ; Rise       ; CTR_INCDEC:inst|div_2048:inst6|5  ;
; 0.281  ; 0.497        ; 0.216          ; High Pulse Width ; CTR_INCDEC:inst|div_2048:inst5|26 ; Rise       ; CTR_INCDEC:inst|div_2048:inst6|6  ;
; 0.281  ; 0.497        ; 0.216          ; High Pulse Width ; CTR_INCDEC:inst|div_2048:inst5|26 ; Rise       ; CTR_INCDEC:inst|div_2048:inst6|7  ;
; 0.319  ; 0.503        ; 0.184          ; Low Pulse Width  ; CTR_INCDEC:inst|div_2048:inst5|26 ; Rise       ; CTR_INCDEC:inst|div_2048:inst6|11 ;
; 0.319  ; 0.503        ; 0.184          ; Low Pulse Width  ; CTR_INCDEC:inst|div_2048:inst5|26 ; Rise       ; CTR_INCDEC:inst|div_2048:inst6|12 ;
; 0.319  ; 0.503        ; 0.184          ; Low Pulse Width  ; CTR_INCDEC:inst|div_2048:inst5|26 ; Rise       ; CTR_INCDEC:inst|div_2048:inst6|13 ;
; 0.319  ; 0.503        ; 0.184          ; Low Pulse Width  ; CTR_INCDEC:inst|div_2048:inst5|26 ; Rise       ; CTR_INCDEC:inst|div_2048:inst6|22 ;
; 0.319  ; 0.503        ; 0.184          ; Low Pulse Width  ; CTR_INCDEC:inst|div_2048:inst5|26 ; Rise       ; CTR_INCDEC:inst|div_2048:inst6|23 ;
; 0.319  ; 0.503        ; 0.184          ; Low Pulse Width  ; CTR_INCDEC:inst|div_2048:inst5|26 ; Rise       ; CTR_INCDEC:inst|div_2048:inst6|26 ;
; 0.319  ; 0.503        ; 0.184          ; Low Pulse Width  ; CTR_INCDEC:inst|div_2048:inst5|26 ; Rise       ; CTR_INCDEC:inst|div_2048:inst6|28 ;
; 0.319  ; 0.503        ; 0.184          ; Low Pulse Width  ; CTR_INCDEC:inst|div_2048:inst5|26 ; Rise       ; CTR_INCDEC:inst|div_2048:inst6|4  ;
; 0.319  ; 0.503        ; 0.184          ; Low Pulse Width  ; CTR_INCDEC:inst|div_2048:inst5|26 ; Rise       ; CTR_INCDEC:inst|div_2048:inst6|5  ;
; 0.319  ; 0.503        ; 0.184          ; Low Pulse Width  ; CTR_INCDEC:inst|div_2048:inst5|26 ; Rise       ; CTR_INCDEC:inst|div_2048:inst6|6  ;
; 0.319  ; 0.503        ; 0.184          ; Low Pulse Width  ; CTR_INCDEC:inst|div_2048:inst5|26 ; Rise       ; CTR_INCDEC:inst|div_2048:inst6|7  ;
; 0.479  ; 0.479        ; 0.000          ; Low Pulse Width  ; CTR_INCDEC:inst|div_2048:inst5|26 ; Rise       ; inst|inst6|11|clk                 ;
; 0.479  ; 0.479        ; 0.000          ; Low Pulse Width  ; CTR_INCDEC:inst|div_2048:inst5|26 ; Rise       ; inst|inst6|12|clk                 ;
; 0.479  ; 0.479        ; 0.000          ; Low Pulse Width  ; CTR_INCDEC:inst|div_2048:inst5|26 ; Rise       ; inst|inst6|13|clk                 ;
; 0.479  ; 0.479        ; 0.000          ; Low Pulse Width  ; CTR_INCDEC:inst|div_2048:inst5|26 ; Rise       ; inst|inst6|22|clk                 ;
; 0.479  ; 0.479        ; 0.000          ; Low Pulse Width  ; CTR_INCDEC:inst|div_2048:inst5|26 ; Rise       ; inst|inst6|23|clk                 ;
; 0.479  ; 0.479        ; 0.000          ; Low Pulse Width  ; CTR_INCDEC:inst|div_2048:inst5|26 ; Rise       ; inst|inst6|26|clk                 ;
; 0.479  ; 0.479        ; 0.000          ; Low Pulse Width  ; CTR_INCDEC:inst|div_2048:inst5|26 ; Rise       ; inst|inst6|28|clk                 ;
; 0.479  ; 0.479        ; 0.000          ; Low Pulse Width  ; CTR_INCDEC:inst|div_2048:inst5|26 ; Rise       ; inst|inst6|4|clk                  ;
; 0.479  ; 0.479        ; 0.000          ; Low Pulse Width  ; CTR_INCDEC:inst|div_2048:inst5|26 ; Rise       ; inst|inst6|5|clk                  ;
; 0.479  ; 0.479        ; 0.000          ; Low Pulse Width  ; CTR_INCDEC:inst|div_2048:inst5|26 ; Rise       ; inst|inst6|6|clk                  ;
; 0.479  ; 0.479        ; 0.000          ; Low Pulse Width  ; CTR_INCDEC:inst|div_2048:inst5|26 ; Rise       ; inst|inst6|7|clk                  ;
; 0.486  ; 0.486        ; 0.000          ; Low Pulse Width  ; CTR_INCDEC:inst|div_2048:inst5|26 ; Rise       ; inst|inst5|26~clkctrl|inclk[0]    ;
; 0.486  ; 0.486        ; 0.000          ; Low Pulse Width  ; CTR_INCDEC:inst|div_2048:inst5|26 ; Rise       ; inst|inst5|26~clkctrl|outclk      ;
; 0.500  ; 0.500        ; 0.000          ; High Pulse Width ; CTR_INCDEC:inst|div_2048:inst5|26 ; Rise       ; inst|inst5|26|q                   ;
; 0.500  ; 0.500        ; 0.000          ; Low Pulse Width  ; CTR_INCDEC:inst|div_2048:inst5|26 ; Rise       ; inst|inst5|26|q                   ;
; 0.514  ; 0.514        ; 0.000          ; High Pulse Width ; CTR_INCDEC:inst|div_2048:inst5|26 ; Rise       ; inst|inst5|26~clkctrl|inclk[0]    ;
; 0.514  ; 0.514        ; 0.000          ; High Pulse Width ; CTR_INCDEC:inst|div_2048:inst5|26 ; Rise       ; inst|inst5|26~clkctrl|outclk      ;
; 0.521  ; 0.521        ; 0.000          ; High Pulse Width ; CTR_INCDEC:inst|div_2048:inst5|26 ; Rise       ; inst|inst6|11|clk                 ;
; 0.521  ; 0.521        ; 0.000          ; High Pulse Width ; CTR_INCDEC:inst|div_2048:inst5|26 ; Rise       ; inst|inst6|12|clk                 ;
; 0.521  ; 0.521        ; 0.000          ; High Pulse Width ; CTR_INCDEC:inst|div_2048:inst5|26 ; Rise       ; inst|inst6|13|clk                 ;
; 0.521  ; 0.521        ; 0.000          ; High Pulse Width ; CTR_INCDEC:inst|div_2048:inst5|26 ; Rise       ; inst|inst6|22|clk                 ;
; 0.521  ; 0.521        ; 0.000          ; High Pulse Width ; CTR_INCDEC:inst|div_2048:inst5|26 ; Rise       ; inst|inst6|23|clk                 ;
; 0.521  ; 0.521        ; 0.000          ; High Pulse Width ; CTR_INCDEC:inst|div_2048:inst5|26 ; Rise       ; inst|inst6|26|clk                 ;
; 0.521  ; 0.521        ; 0.000          ; High Pulse Width ; CTR_INCDEC:inst|div_2048:inst5|26 ; Rise       ; inst|inst6|28|clk                 ;
; 0.521  ; 0.521        ; 0.000          ; High Pulse Width ; CTR_INCDEC:inst|div_2048:inst5|26 ; Rise       ; inst|inst6|4|clk                  ;
; 0.521  ; 0.521        ; 0.000          ; High Pulse Width ; CTR_INCDEC:inst|div_2048:inst5|26 ; Rise       ; inst|inst6|5|clk                  ;
; 0.521  ; 0.521        ; 0.000          ; High Pulse Width ; CTR_INCDEC:inst|div_2048:inst5|26 ; Rise       ; inst|inst6|6|clk                  ;
; 0.521  ; 0.521        ; 0.000          ; High Pulse Width ; CTR_INCDEC:inst|div_2048:inst5|26 ; Rise       ; inst|inst6|7|clk                  ;
+--------+--------------+----------------+------------------+-----------------------------------+------------+-----------------------------------+


+------------------------------------------------------------------------------------------------------------------------------------------------------+
; Slow 1200mV 0C Model Minimum Pulse Width: 'CTR_INCDEC:inst|div_2048:inst6|26'                                                                        ;
+--------+--------------+----------------+------------------+-----------------------------------+------------+-----------------------------------------+
; Slack  ; Actual Width ; Required Width ; Type             ; Clock                             ; Clock Edge ; Target                                  ;
+--------+--------------+----------------+------------------+-----------------------------------+------------+-----------------------------------------+
; -1.000 ; 1.000        ; 2.000          ; Min Period       ; CTR_INCDEC:inst|div_2048:inst6|26 ; Rise       ; CTR_INCDEC:inst|CONTADOR_6:inst4|inst21 ;
; -1.000 ; 1.000        ; 2.000          ; Min Period       ; CTR_INCDEC:inst|div_2048:inst6|26 ; Rise       ; CTR_INCDEC:inst|CONTADOR_6:inst4|inst22 ;
; -1.000 ; 1.000        ; 2.000          ; Min Period       ; CTR_INCDEC:inst|div_2048:inst6|26 ; Rise       ; CTR_INCDEC:inst|CONTADOR_6:inst4|inst23 ;
; -1.000 ; 1.000        ; 2.000          ; Min Period       ; CTR_INCDEC:inst|div_2048:inst6|26 ; Rise       ; CTR_INCDEC:inst|CTRL_Cont6:inst2|inst   ;
; -1.000 ; 1.000        ; 2.000          ; Min Period       ; CTR_INCDEC:inst|div_2048:inst6|26 ; Rise       ; CTR_INCDEC:inst|CTRL_Cont6:inst2|inst1  ;
; -1.000 ; 1.000        ; 2.000          ; Min Period       ; CTR_INCDEC:inst|div_2048:inst6|26 ; Rise       ; CTR_INCDEC:inst|CTRL_Cont6:inst2|inst2  ;
; -1.000 ; 1.000        ; 2.000          ; Min Period       ; CTR_INCDEC:inst|div_2048:inst6|26 ; Rise       ; CTR_INCDEC:inst|CTRL_Cont6:inst3|inst   ;
; -1.000 ; 1.000        ; 2.000          ; Min Period       ; CTR_INCDEC:inst|div_2048:inst6|26 ; Rise       ; CTR_INCDEC:inst|CTRL_Cont6:inst3|inst1  ;
; -1.000 ; 1.000        ; 2.000          ; Min Period       ; CTR_INCDEC:inst|div_2048:inst6|26 ; Rise       ; CTR_INCDEC:inst|CTRL_Cont6:inst3|inst2  ;
; 0.280  ; 0.496        ; 0.216          ; High Pulse Width ; CTR_INCDEC:inst|div_2048:inst6|26 ; Rise       ; CTR_INCDEC:inst|CONTADOR_6:inst4|inst21 ;
; 0.280  ; 0.496        ; 0.216          ; High Pulse Width ; CTR_INCDEC:inst|div_2048:inst6|26 ; Rise       ; CTR_INCDEC:inst|CONTADOR_6:inst4|inst23 ;
; 0.280  ; 0.496        ; 0.216          ; High Pulse Width ; CTR_INCDEC:inst|div_2048:inst6|26 ; Rise       ; CTR_INCDEC:inst|CTRL_Cont6:inst2|inst   ;
; 0.280  ; 0.496        ; 0.216          ; High Pulse Width ; CTR_INCDEC:inst|div_2048:inst6|26 ; Rise       ; CTR_INCDEC:inst|CTRL_Cont6:inst2|inst1  ;
; 0.280  ; 0.496        ; 0.216          ; High Pulse Width ; CTR_INCDEC:inst|div_2048:inst6|26 ; Rise       ; CTR_INCDEC:inst|CTRL_Cont6:inst2|inst2  ;
; 0.280  ; 0.496        ; 0.216          ; High Pulse Width ; CTR_INCDEC:inst|div_2048:inst6|26 ; Rise       ; CTR_INCDEC:inst|CTRL_Cont6:inst3|inst   ;
; 0.280  ; 0.496        ; 0.216          ; High Pulse Width ; CTR_INCDEC:inst|div_2048:inst6|26 ; Rise       ; CTR_INCDEC:inst|CTRL_Cont6:inst3|inst1  ;
; 0.280  ; 0.496        ; 0.216          ; High Pulse Width ; CTR_INCDEC:inst|div_2048:inst6|26 ; Rise       ; CTR_INCDEC:inst|CTRL_Cont6:inst3|inst2  ;
; 0.289  ; 0.505        ; 0.216          ; High Pulse Width ; CTR_INCDEC:inst|div_2048:inst6|26 ; Rise       ; CTR_INCDEC:inst|CONTADOR_6:inst4|inst22 ;
; 0.309  ; 0.493        ; 0.184          ; Low Pulse Width  ; CTR_INCDEC:inst|div_2048:inst6|26 ; Rise       ; CTR_INCDEC:inst|CONTADOR_6:inst4|inst22 ;
; 0.319  ; 0.503        ; 0.184          ; Low Pulse Width  ; CTR_INCDEC:inst|div_2048:inst6|26 ; Rise       ; CTR_INCDEC:inst|CONTADOR_6:inst4|inst21 ;
; 0.319  ; 0.503        ; 0.184          ; Low Pulse Width  ; CTR_INCDEC:inst|div_2048:inst6|26 ; Rise       ; CTR_INCDEC:inst|CONTADOR_6:inst4|inst23 ;
; 0.319  ; 0.503        ; 0.184          ; Low Pulse Width  ; CTR_INCDEC:inst|div_2048:inst6|26 ; Rise       ; CTR_INCDEC:inst|CTRL_Cont6:inst2|inst   ;
; 0.319  ; 0.503        ; 0.184          ; Low Pulse Width  ; CTR_INCDEC:inst|div_2048:inst6|26 ; Rise       ; CTR_INCDEC:inst|CTRL_Cont6:inst2|inst1  ;
; 0.319  ; 0.503        ; 0.184          ; Low Pulse Width  ; CTR_INCDEC:inst|div_2048:inst6|26 ; Rise       ; CTR_INCDEC:inst|CTRL_Cont6:inst2|inst2  ;
; 0.319  ; 0.503        ; 0.184          ; Low Pulse Width  ; CTR_INCDEC:inst|div_2048:inst6|26 ; Rise       ; CTR_INCDEC:inst|CTRL_Cont6:inst3|inst   ;
; 0.319  ; 0.503        ; 0.184          ; Low Pulse Width  ; CTR_INCDEC:inst|div_2048:inst6|26 ; Rise       ; CTR_INCDEC:inst|CTRL_Cont6:inst3|inst1  ;
; 0.319  ; 0.503        ; 0.184          ; Low Pulse Width  ; CTR_INCDEC:inst|div_2048:inst6|26 ; Rise       ; CTR_INCDEC:inst|CTRL_Cont6:inst3|inst2  ;
; 0.469  ; 0.469        ; 0.000          ; Low Pulse Width  ; CTR_INCDEC:inst|div_2048:inst6|26 ; Rise       ; inst|inst4|inst22|clk                   ;
; 0.479  ; 0.479        ; 0.000          ; Low Pulse Width  ; CTR_INCDEC:inst|div_2048:inst6|26 ; Rise       ; inst|inst2|inst1|clk                    ;
; 0.479  ; 0.479        ; 0.000          ; Low Pulse Width  ; CTR_INCDEC:inst|div_2048:inst6|26 ; Rise       ; inst|inst2|inst2|clk                    ;
; 0.479  ; 0.479        ; 0.000          ; Low Pulse Width  ; CTR_INCDEC:inst|div_2048:inst6|26 ; Rise       ; inst|inst2|inst|clk                     ;
; 0.479  ; 0.479        ; 0.000          ; Low Pulse Width  ; CTR_INCDEC:inst|div_2048:inst6|26 ; Rise       ; inst|inst3|inst1|clk                    ;
; 0.479  ; 0.479        ; 0.000          ; Low Pulse Width  ; CTR_INCDEC:inst|div_2048:inst6|26 ; Rise       ; inst|inst3|inst2|clk                    ;
; 0.479  ; 0.479        ; 0.000          ; Low Pulse Width  ; CTR_INCDEC:inst|div_2048:inst6|26 ; Rise       ; inst|inst3|inst|clk                     ;
; 0.479  ; 0.479        ; 0.000          ; Low Pulse Width  ; CTR_INCDEC:inst|div_2048:inst6|26 ; Rise       ; inst|inst4|inst21|clk                   ;
; 0.479  ; 0.479        ; 0.000          ; Low Pulse Width  ; CTR_INCDEC:inst|div_2048:inst6|26 ; Rise       ; inst|inst4|inst23|clk                   ;
; 0.485  ; 0.485        ; 0.000          ; Low Pulse Width  ; CTR_INCDEC:inst|div_2048:inst6|26 ; Rise       ; inst|inst6|26~clkctrl|inclk[0]          ;
; 0.485  ; 0.485        ; 0.000          ; Low Pulse Width  ; CTR_INCDEC:inst|div_2048:inst6|26 ; Rise       ; inst|inst6|26~clkctrl|outclk            ;
; 0.500  ; 0.500        ; 0.000          ; High Pulse Width ; CTR_INCDEC:inst|div_2048:inst6|26 ; Rise       ; inst|inst6|26|q                         ;
; 0.500  ; 0.500        ; 0.000          ; Low Pulse Width  ; CTR_INCDEC:inst|div_2048:inst6|26 ; Rise       ; inst|inst6|26|q                         ;
; 0.514  ; 0.514        ; 0.000          ; High Pulse Width ; CTR_INCDEC:inst|div_2048:inst6|26 ; Rise       ; inst|inst6|26~clkctrl|inclk[0]          ;
; 0.514  ; 0.514        ; 0.000          ; High Pulse Width ; CTR_INCDEC:inst|div_2048:inst6|26 ; Rise       ; inst|inst6|26~clkctrl|outclk            ;
; 0.520  ; 0.520        ; 0.000          ; High Pulse Width ; CTR_INCDEC:inst|div_2048:inst6|26 ; Rise       ; inst|inst2|inst1|clk                    ;
; 0.520  ; 0.520        ; 0.000          ; High Pulse Width ; CTR_INCDEC:inst|div_2048:inst6|26 ; Rise       ; inst|inst2|inst2|clk                    ;
; 0.520  ; 0.520        ; 0.000          ; High Pulse Width ; CTR_INCDEC:inst|div_2048:inst6|26 ; Rise       ; inst|inst2|inst|clk                     ;
; 0.520  ; 0.520        ; 0.000          ; High Pulse Width ; CTR_INCDEC:inst|div_2048:inst6|26 ; Rise       ; inst|inst3|inst1|clk                    ;
; 0.520  ; 0.520        ; 0.000          ; High Pulse Width ; CTR_INCDEC:inst|div_2048:inst6|26 ; Rise       ; inst|inst3|inst2|clk                    ;
; 0.520  ; 0.520        ; 0.000          ; High Pulse Width ; CTR_INCDEC:inst|div_2048:inst6|26 ; Rise       ; inst|inst3|inst|clk                     ;
; 0.520  ; 0.520        ; 0.000          ; High Pulse Width ; CTR_INCDEC:inst|div_2048:inst6|26 ; Rise       ; inst|inst4|inst21|clk                   ;
; 0.520  ; 0.520        ; 0.000          ; High Pulse Width ; CTR_INCDEC:inst|div_2048:inst6|26 ; Rise       ; inst|inst4|inst23|clk                   ;
; 0.529  ; 0.529        ; 0.000          ; High Pulse Width ; CTR_INCDEC:inst|div_2048:inst6|26 ; Rise       ; inst|inst4|inst22|clk                   ;
+--------+--------------+----------------+------------------+-----------------------------------+------------+-----------------------------------------+


+----------------------------------------------------------------------------------------------------------------+
; Setup Times                                                                                                    ;
+-----------+-----------------------------------+-------+-------+------------+-----------------------------------+
; Data Port ; Clock Port                        ; Rise  ; Fall  ; Clock Edge ; Clock Reference                   ;
+-----------+-----------------------------------+-------+-------+------------+-----------------------------------+
; boton1    ; CTR_INCDEC:inst|div_2048:inst6|26 ; 2.945 ; 3.290 ; Rise       ; CTR_INCDEC:inst|div_2048:inst6|26 ;
; boton2    ; CTR_INCDEC:inst|div_2048:inst6|26 ; 3.046 ; 3.403 ; Rise       ; CTR_INCDEC:inst|div_2048:inst6|26 ;
+-----------+-----------------------------------+-------+-------+------------+-----------------------------------+


+------------------------------------------------------------------------------------------------------------------+
; Hold Times                                                                                                       ;
+-----------+-----------------------------------+--------+--------+------------+-----------------------------------+
; Data Port ; Clock Port                        ; Rise   ; Fall   ; Clock Edge ; Clock Reference                   ;
+-----------+-----------------------------------+--------+--------+------------+-----------------------------------+
; boton1    ; CTR_INCDEC:inst|div_2048:inst6|26 ; -1.772 ; -2.138 ; Rise       ; CTR_INCDEC:inst|div_2048:inst6|26 ;
; boton2    ; CTR_INCDEC:inst|div_2048:inst6|26 ; -2.026 ; -2.386 ; Rise       ; CTR_INCDEC:inst|div_2048:inst6|26 ;
+-----------+-----------------------------------+--------+--------+------------+-----------------------------------+


+----------------------------------------------------------------------------------------------------------------+
; Clock to Output Times                                                                                          ;
+-----------+-----------------------------------+-------+-------+------------+-----------------------------------+
; Data Port ; Clock Port                        ; Rise  ; Fall  ; Clock Edge ; Clock Reference                   ;
+-----------+-----------------------------------+-------+-------+------------+-----------------------------------+
; Disp[*]   ; CTR_INCDEC:inst|div_2048:inst6|26 ; 6.140 ; 6.105 ; Rise       ; CTR_INCDEC:inst|div_2048:inst6|26 ;
;  Disp[0]  ; CTR_INCDEC:inst|div_2048:inst6|26 ; 6.140 ; 5.939 ; Rise       ; CTR_INCDEC:inst|div_2048:inst6|26 ;
;  Disp[1]  ; CTR_INCDEC:inst|div_2048:inst6|26 ; 5.947 ; 6.105 ; Rise       ; CTR_INCDEC:inst|div_2048:inst6|26 ;
;  Disp[2]  ; CTR_INCDEC:inst|div_2048:inst6|26 ; 5.605 ; 5.581 ; Rise       ; CTR_INCDEC:inst|div_2048:inst6|26 ;
;  Disp[3]  ; CTR_INCDEC:inst|div_2048:inst6|26 ; 5.654 ; 5.587 ; Rise       ; CTR_INCDEC:inst|div_2048:inst6|26 ;
;  Disp[4]  ; CTR_INCDEC:inst|div_2048:inst6|26 ; 5.662 ; 5.548 ; Rise       ; CTR_INCDEC:inst|div_2048:inst6|26 ;
;  Disp[5]  ; CTR_INCDEC:inst|div_2048:inst6|26 ; 5.591 ; 5.558 ; Rise       ; CTR_INCDEC:inst|div_2048:inst6|26 ;
;  Disp[6]  ; CTR_INCDEC:inst|div_2048:inst6|26 ; 5.647 ; 5.576 ; Rise       ; CTR_INCDEC:inst|div_2048:inst6|26 ;
+-----------+-----------------------------------+-------+-------+------------+-----------------------------------+


+----------------------------------------------------------------------------------------------------------------+
; Minimum Clock to Output Times                                                                                  ;
+-----------+-----------------------------------+-------+-------+------------+-----------------------------------+
; Data Port ; Clock Port                        ; Rise  ; Fall  ; Clock Edge ; Clock Reference                   ;
+-----------+-----------------------------------+-------+-------+------------+-----------------------------------+
; Disp[*]   ; CTR_INCDEC:inst|div_2048:inst6|26 ; 5.215 ; 5.100 ; Rise       ; CTR_INCDEC:inst|div_2048:inst6|26 ;
;  Disp[0]  ; CTR_INCDEC:inst|div_2048:inst6|26 ; 5.411 ; 5.287 ; Rise       ; CTR_INCDEC:inst|div_2048:inst6|26 ;
;  Disp[1]  ; CTR_INCDEC:inst|div_2048:inst6|26 ; 5.227 ; 5.347 ; Rise       ; CTR_INCDEC:inst|div_2048:inst6|26 ;
;  Disp[2]  ; CTR_INCDEC:inst|div_2048:inst6|26 ; 5.234 ; 5.123 ; Rise       ; CTR_INCDEC:inst|div_2048:inst6|26 ;
;  Disp[3]  ; CTR_INCDEC:inst|div_2048:inst6|26 ; 5.221 ; 5.128 ; Rise       ; CTR_INCDEC:inst|div_2048:inst6|26 ;
;  Disp[4]  ; CTR_INCDEC:inst|div_2048:inst6|26 ; 5.233 ; 5.158 ; Rise       ; CTR_INCDEC:inst|div_2048:inst6|26 ;
;  Disp[5]  ; CTR_INCDEC:inst|div_2048:inst6|26 ; 5.216 ; 5.100 ; Rise       ; CTR_INCDEC:inst|div_2048:inst6|26 ;
;  Disp[6]  ; CTR_INCDEC:inst|div_2048:inst6|26 ; 5.215 ; 5.118 ; Rise       ; CTR_INCDEC:inst|div_2048:inst6|26 ;
+-----------+-----------------------------------+-------+-------+------------+-----------------------------------+


---------------------------------------------
; Slow 1200mV 0C Model Metastability Report ;
---------------------------------------------
No synchronizer chains to report.


+------------------------------------------------------------+
; Fast 1200mV 0C Model Setup Summary                         ;
+-----------------------------------+--------+---------------+
; Clock                             ; Slack  ; End Point TNS ;
+-----------------------------------+--------+---------------+
; CTR_INCDEC:inst|div_2048:inst5|26 ; -0.168 ; -0.168        ;
; clk                               ; -0.159 ; -0.179        ;
; CTR_INCDEC:inst|div_2048:inst6|26 ; 0.011  ; 0.000         ;
+-----------------------------------+--------+---------------+


+------------------------------------------------------------+
; Fast 1200mV 0C Model Hold Summary                          ;
+-----------------------------------+--------+---------------+
; Clock                             ; Slack  ; End Point TNS ;
+-----------------------------------+--------+---------------+
; CTR_INCDEC:inst|div_2048:inst5|26 ; -0.201 ; -0.201        ;
; clk                               ; -0.073 ; -0.073        ;
; CTR_INCDEC:inst|div_2048:inst6|26 ; 0.138  ; 0.000         ;
+-----------------------------------+--------+---------------+


-----------------------------------------
; Fast 1200mV 0C Model Recovery Summary ;
-----------------------------------------
No paths to report.


----------------------------------------
; Fast 1200mV 0C Model Removal Summary ;
----------------------------------------
No paths to report.


+------------------------------------------------------------+
; Fast 1200mV 0C Model Minimum Pulse Width Summary           ;
+-----------------------------------+--------+---------------+
; Clock                             ; Slack  ; End Point TNS ;
+-----------------------------------+--------+---------------+
; clk                               ; -3.000 ; -14.616       ;
; CTR_INCDEC:inst|div_2048:inst5|26 ; -1.000 ; -11.000       ;
; CTR_INCDEC:inst|div_2048:inst6|26 ; -1.000 ; -9.000        ;
+-----------------------------------+--------+---------------+


+-------------------------------------------------------------------------------------------------------------------------------------------------------------------------------------------------+
; Fast 1200mV 0C Model Setup: 'CTR_INCDEC:inst|div_2048:inst5|26'                                                                                                                                 ;
+--------+-----------------------------------+-----------------------------------+-----------------------------------+-----------------------------------+--------------+------------+------------+
; Slack  ; From Node                         ; To Node                           ; Launch Clock                      ; Latch Clock                       ; Relationship ; Clock Skew ; Data Delay ;
+--------+-----------------------------------+-----------------------------------+-----------------------------------+-----------------------------------+--------------+------------+------------+
; -0.168 ; CTR_INCDEC:inst|div_2048:inst6|12 ; CTR_INCDEC:inst|div_2048:inst6|26 ; CTR_INCDEC:inst|div_2048:inst5|26 ; CTR_INCDEC:inst|div_2048:inst5|26 ; 1.000        ; -0.036     ; 1.119      ;
; -0.157 ; CTR_INCDEC:inst|div_2048:inst6|22 ; CTR_INCDEC:inst|div_2048:inst6|26 ; CTR_INCDEC:inst|div_2048:inst5|26 ; CTR_INCDEC:inst|div_2048:inst5|26 ; 1.000        ; -0.036     ; 1.108      ;
; -0.105 ; CTR_INCDEC:inst|div_2048:inst6|7  ; CTR_INCDEC:inst|div_2048:inst6|26 ; CTR_INCDEC:inst|div_2048:inst5|26 ; CTR_INCDEC:inst|div_2048:inst5|26 ; 1.000        ; -0.036     ; 1.056      ;
; -0.105 ; CTR_INCDEC:inst|div_2048:inst6|6  ; CTR_INCDEC:inst|div_2048:inst6|26 ; CTR_INCDEC:inst|div_2048:inst5|26 ; CTR_INCDEC:inst|div_2048:inst5|26 ; 1.000        ; -0.036     ; 1.056      ;
; -0.085 ; CTR_INCDEC:inst|div_2048:inst6|13 ; CTR_INCDEC:inst|div_2048:inst6|26 ; CTR_INCDEC:inst|div_2048:inst5|26 ; CTR_INCDEC:inst|div_2048:inst5|26 ; 1.000        ; -0.036     ; 1.036      ;
; -0.032 ; CTR_INCDEC:inst|div_2048:inst6|11 ; CTR_INCDEC:inst|div_2048:inst6|26 ; CTR_INCDEC:inst|div_2048:inst5|26 ; CTR_INCDEC:inst|div_2048:inst5|26 ; 1.000        ; -0.036     ; 0.983      ;
; -0.030 ; CTR_INCDEC:inst|div_2048:inst6|4  ; CTR_INCDEC:inst|div_2048:inst6|26 ; CTR_INCDEC:inst|div_2048:inst5|26 ; CTR_INCDEC:inst|div_2048:inst5|26 ; 1.000        ; -0.036     ; 0.981      ;
; 0.033  ; CTR_INCDEC:inst|div_2048:inst6|5  ; CTR_INCDEC:inst|div_2048:inst6|26 ; CTR_INCDEC:inst|div_2048:inst5|26 ; CTR_INCDEC:inst|div_2048:inst5|26 ; 1.000        ; -0.036     ; 0.918      ;
; 0.034  ; CTR_INCDEC:inst|div_2048:inst6|7  ; CTR_INCDEC:inst|div_2048:inst6|11 ; CTR_INCDEC:inst|div_2048:inst5|26 ; CTR_INCDEC:inst|div_2048:inst5|26 ; 1.000        ; -0.036     ; 0.917      ;
; 0.034  ; CTR_INCDEC:inst|div_2048:inst6|6  ; CTR_INCDEC:inst|div_2048:inst6|11 ; CTR_INCDEC:inst|div_2048:inst5|26 ; CTR_INCDEC:inst|div_2048:inst5|26 ; 1.000        ; -0.036     ; 0.917      ;
; 0.037  ; CTR_INCDEC:inst|div_2048:inst6|7  ; CTR_INCDEC:inst|div_2048:inst6|22 ; CTR_INCDEC:inst|div_2048:inst5|26 ; CTR_INCDEC:inst|div_2048:inst5|26 ; 1.000        ; -0.036     ; 0.914      ;
; 0.037  ; CTR_INCDEC:inst|div_2048:inst6|7  ; CTR_INCDEC:inst|div_2048:inst6|12 ; CTR_INCDEC:inst|div_2048:inst5|26 ; CTR_INCDEC:inst|div_2048:inst5|26 ; 1.000        ; -0.036     ; 0.914      ;
; 0.037  ; CTR_INCDEC:inst|div_2048:inst6|6  ; CTR_INCDEC:inst|div_2048:inst6|22 ; CTR_INCDEC:inst|div_2048:inst5|26 ; CTR_INCDEC:inst|div_2048:inst5|26 ; 1.000        ; -0.036     ; 0.914      ;
; 0.037  ; CTR_INCDEC:inst|div_2048:inst6|6  ; CTR_INCDEC:inst|div_2048:inst6|12 ; CTR_INCDEC:inst|div_2048:inst5|26 ; CTR_INCDEC:inst|div_2048:inst5|26 ; 1.000        ; -0.036     ; 0.914      ;
; 0.054  ; CTR_INCDEC:inst|div_2048:inst6|7  ; CTR_INCDEC:inst|div_2048:inst6|28 ; CTR_INCDEC:inst|div_2048:inst5|26 ; CTR_INCDEC:inst|div_2048:inst5|26 ; 1.000        ; -0.036     ; 0.897      ;
; 0.054  ; CTR_INCDEC:inst|div_2048:inst6|6  ; CTR_INCDEC:inst|div_2048:inst6|28 ; CTR_INCDEC:inst|div_2048:inst5|26 ; CTR_INCDEC:inst|div_2048:inst5|26 ; 1.000        ; -0.036     ; 0.897      ;
; 0.057  ; CTR_INCDEC:inst|div_2048:inst6|7  ; CTR_INCDEC:inst|div_2048:inst6|23 ; CTR_INCDEC:inst|div_2048:inst5|26 ; CTR_INCDEC:inst|div_2048:inst5|26 ; 1.000        ; -0.036     ; 0.894      ;
; 0.057  ; CTR_INCDEC:inst|div_2048:inst6|6  ; CTR_INCDEC:inst|div_2048:inst6|23 ; CTR_INCDEC:inst|div_2048:inst5|26 ; CTR_INCDEC:inst|div_2048:inst5|26 ; 1.000        ; -0.036     ; 0.894      ;
; 0.059  ; CTR_INCDEC:inst|div_2048:inst6|7  ; CTR_INCDEC:inst|div_2048:inst6|13 ; CTR_INCDEC:inst|div_2048:inst5|26 ; CTR_INCDEC:inst|div_2048:inst5|26 ; 1.000        ; -0.036     ; 0.892      ;
; 0.059  ; CTR_INCDEC:inst|div_2048:inst6|6  ; CTR_INCDEC:inst|div_2048:inst6|13 ; CTR_INCDEC:inst|div_2048:inst5|26 ; CTR_INCDEC:inst|div_2048:inst5|26 ; 1.000        ; -0.036     ; 0.892      ;
; 0.079  ; CTR_INCDEC:inst|div_2048:inst6|28 ; CTR_INCDEC:inst|div_2048:inst6|26 ; CTR_INCDEC:inst|div_2048:inst5|26 ; CTR_INCDEC:inst|div_2048:inst5|26 ; 1.000        ; -0.036     ; 0.872      ;
; 0.092  ; CTR_INCDEC:inst|div_2048:inst6|23 ; CTR_INCDEC:inst|div_2048:inst6|26 ; CTR_INCDEC:inst|div_2048:inst5|26 ; CTR_INCDEC:inst|div_2048:inst5|26 ; 1.000        ; -0.036     ; 0.859      ;
; 0.109  ; CTR_INCDEC:inst|div_2048:inst6|4  ; CTR_INCDEC:inst|div_2048:inst6|11 ; CTR_INCDEC:inst|div_2048:inst5|26 ; CTR_INCDEC:inst|div_2048:inst5|26 ; 1.000        ; -0.036     ; 0.842      ;
; 0.112  ; CTR_INCDEC:inst|div_2048:inst6|4  ; CTR_INCDEC:inst|div_2048:inst6|22 ; CTR_INCDEC:inst|div_2048:inst5|26 ; CTR_INCDEC:inst|div_2048:inst5|26 ; 1.000        ; -0.036     ; 0.839      ;
; 0.112  ; CTR_INCDEC:inst|div_2048:inst6|4  ; CTR_INCDEC:inst|div_2048:inst6|12 ; CTR_INCDEC:inst|div_2048:inst5|26 ; CTR_INCDEC:inst|div_2048:inst5|26 ; 1.000        ; -0.036     ; 0.839      ;
; 0.129  ; CTR_INCDEC:inst|div_2048:inst6|4  ; CTR_INCDEC:inst|div_2048:inst6|28 ; CTR_INCDEC:inst|div_2048:inst5|26 ; CTR_INCDEC:inst|div_2048:inst5|26 ; 1.000        ; -0.036     ; 0.822      ;
; 0.132  ; CTR_INCDEC:inst|div_2048:inst6|4  ; CTR_INCDEC:inst|div_2048:inst6|23 ; CTR_INCDEC:inst|div_2048:inst5|26 ; CTR_INCDEC:inst|div_2048:inst5|26 ; 1.000        ; -0.036     ; 0.819      ;
; 0.134  ; CTR_INCDEC:inst|div_2048:inst6|4  ; CTR_INCDEC:inst|div_2048:inst6|13 ; CTR_INCDEC:inst|div_2048:inst5|26 ; CTR_INCDEC:inst|div_2048:inst5|26 ; 1.000        ; -0.036     ; 0.817      ;
; 0.172  ; CTR_INCDEC:inst|div_2048:inst6|5  ; CTR_INCDEC:inst|div_2048:inst6|11 ; CTR_INCDEC:inst|div_2048:inst5|26 ; CTR_INCDEC:inst|div_2048:inst5|26 ; 1.000        ; -0.036     ; 0.779      ;
; 0.175  ; CTR_INCDEC:inst|div_2048:inst6|5  ; CTR_INCDEC:inst|div_2048:inst6|22 ; CTR_INCDEC:inst|div_2048:inst5|26 ; CTR_INCDEC:inst|div_2048:inst5|26 ; 1.000        ; -0.036     ; 0.776      ;
; 0.175  ; CTR_INCDEC:inst|div_2048:inst6|5  ; CTR_INCDEC:inst|div_2048:inst6|12 ; CTR_INCDEC:inst|div_2048:inst5|26 ; CTR_INCDEC:inst|div_2048:inst5|26 ; 1.000        ; -0.036     ; 0.776      ;
; 0.192  ; CTR_INCDEC:inst|div_2048:inst6|5  ; CTR_INCDEC:inst|div_2048:inst6|28 ; CTR_INCDEC:inst|div_2048:inst5|26 ; CTR_INCDEC:inst|div_2048:inst5|26 ; 1.000        ; -0.036     ; 0.759      ;
; 0.195  ; CTR_INCDEC:inst|div_2048:inst6|5  ; CTR_INCDEC:inst|div_2048:inst6|23 ; CTR_INCDEC:inst|div_2048:inst5|26 ; CTR_INCDEC:inst|div_2048:inst5|26 ; 1.000        ; -0.036     ; 0.756      ;
; 0.197  ; CTR_INCDEC:inst|div_2048:inst6|5  ; CTR_INCDEC:inst|div_2048:inst6|13 ; CTR_INCDEC:inst|div_2048:inst5|26 ; CTR_INCDEC:inst|div_2048:inst5|26 ; 1.000        ; -0.036     ; 0.754      ;
; 0.227  ; CTR_INCDEC:inst|div_2048:inst6|5  ; CTR_INCDEC:inst|div_2048:inst6|4  ; CTR_INCDEC:inst|div_2048:inst5|26 ; CTR_INCDEC:inst|div_2048:inst5|26 ; 1.000        ; -0.036     ; 0.724      ;
; 0.231  ; CTR_INCDEC:inst|div_2048:inst6|22 ; CTR_INCDEC:inst|div_2048:inst6|28 ; CTR_INCDEC:inst|div_2048:inst5|26 ; CTR_INCDEC:inst|div_2048:inst5|26 ; 1.000        ; -0.036     ; 0.720      ;
; 0.234  ; CTR_INCDEC:inst|div_2048:inst6|22 ; CTR_INCDEC:inst|div_2048:inst6|23 ; CTR_INCDEC:inst|div_2048:inst5|26 ; CTR_INCDEC:inst|div_2048:inst5|26 ; 1.000        ; -0.036     ; 0.717      ;
; 0.236  ; CTR_INCDEC:inst|div_2048:inst6|22 ; CTR_INCDEC:inst|div_2048:inst6|13 ; CTR_INCDEC:inst|div_2048:inst5|26 ; CTR_INCDEC:inst|div_2048:inst5|26 ; 1.000        ; -0.036     ; 0.715      ;
; 0.237  ; CTR_INCDEC:inst|div_2048:inst6|12 ; CTR_INCDEC:inst|div_2048:inst6|28 ; CTR_INCDEC:inst|div_2048:inst5|26 ; CTR_INCDEC:inst|div_2048:inst5|26 ; 1.000        ; -0.036     ; 0.714      ;
; 0.240  ; CTR_INCDEC:inst|div_2048:inst6|11 ; CTR_INCDEC:inst|div_2048:inst6|28 ; CTR_INCDEC:inst|div_2048:inst5|26 ; CTR_INCDEC:inst|div_2048:inst5|26 ; 1.000        ; -0.036     ; 0.711      ;
; 0.240  ; CTR_INCDEC:inst|div_2048:inst6|12 ; CTR_INCDEC:inst|div_2048:inst6|23 ; CTR_INCDEC:inst|div_2048:inst5|26 ; CTR_INCDEC:inst|div_2048:inst5|26 ; 1.000        ; -0.036     ; 0.711      ;
; 0.242  ; CTR_INCDEC:inst|div_2048:inst6|12 ; CTR_INCDEC:inst|div_2048:inst6|13 ; CTR_INCDEC:inst|div_2048:inst5|26 ; CTR_INCDEC:inst|div_2048:inst5|26 ; 1.000        ; -0.036     ; 0.709      ;
; 0.243  ; CTR_INCDEC:inst|div_2048:inst6|11 ; CTR_INCDEC:inst|div_2048:inst6|23 ; CTR_INCDEC:inst|div_2048:inst5|26 ; CTR_INCDEC:inst|div_2048:inst5|26 ; 1.000        ; -0.036     ; 0.708      ;
; 0.245  ; CTR_INCDEC:inst|div_2048:inst6|11 ; CTR_INCDEC:inst|div_2048:inst6|13 ; CTR_INCDEC:inst|div_2048:inst5|26 ; CTR_INCDEC:inst|div_2048:inst5|26 ; 1.000        ; -0.036     ; 0.706      ;
; 0.312  ; CTR_INCDEC:inst|div_2048:inst6|26 ; CTR_INCDEC:inst|div_2048:inst6|26 ; CTR_INCDEC:inst|div_2048:inst6|26 ; CTR_INCDEC:inst|div_2048:inst5|26 ; 0.500        ; 1.219      ; 1.499      ;
; 0.335  ; CTR_INCDEC:inst|div_2048:inst6|7  ; CTR_INCDEC:inst|div_2048:inst6|5  ; CTR_INCDEC:inst|div_2048:inst5|26 ; CTR_INCDEC:inst|div_2048:inst5|26 ; 1.000        ; -0.036     ; 0.616      ;
; 0.335  ; CTR_INCDEC:inst|div_2048:inst6|11 ; CTR_INCDEC:inst|div_2048:inst6|22 ; CTR_INCDEC:inst|div_2048:inst5|26 ; CTR_INCDEC:inst|div_2048:inst5|26 ; 1.000        ; -0.036     ; 0.616      ;
; 0.335  ; CTR_INCDEC:inst|div_2048:inst6|7  ; CTR_INCDEC:inst|div_2048:inst6|4  ; CTR_INCDEC:inst|div_2048:inst5|26 ; CTR_INCDEC:inst|div_2048:inst5|26 ; 1.000        ; -0.036     ; 0.616      ;
; 0.339  ; CTR_INCDEC:inst|div_2048:inst6|6  ; CTR_INCDEC:inst|div_2048:inst6|4  ; CTR_INCDEC:inst|div_2048:inst5|26 ; CTR_INCDEC:inst|div_2048:inst5|26 ; 1.000        ; -0.036     ; 0.612      ;
; 0.339  ; CTR_INCDEC:inst|div_2048:inst6|6  ; CTR_INCDEC:inst|div_2048:inst6|5  ; CTR_INCDEC:inst|div_2048:inst5|26 ; CTR_INCDEC:inst|div_2048:inst5|26 ; 1.000        ; -0.036     ; 0.612      ;
; 0.343  ; CTR_INCDEC:inst|div_2048:inst6|12 ; CTR_INCDEC:inst|div_2048:inst6|22 ; CTR_INCDEC:inst|div_2048:inst5|26 ; CTR_INCDEC:inst|div_2048:inst5|26 ; 1.000        ; -0.036     ; 0.608      ;
; 0.344  ; CTR_INCDEC:inst|div_2048:inst6|12 ; CTR_INCDEC:inst|div_2048:inst6|11 ; CTR_INCDEC:inst|div_2048:inst5|26 ; CTR_INCDEC:inst|div_2048:inst5|26 ; 1.000        ; -0.036     ; 0.607      ;
; 0.421  ; CTR_INCDEC:inst|div_2048:inst6|28 ; CTR_INCDEC:inst|div_2048:inst6|23 ; CTR_INCDEC:inst|div_2048:inst5|26 ; CTR_INCDEC:inst|div_2048:inst5|26 ; 1.000        ; -0.036     ; 0.530      ;
; 0.423  ; CTR_INCDEC:inst|div_2048:inst6|28 ; CTR_INCDEC:inst|div_2048:inst6|13 ; CTR_INCDEC:inst|div_2048:inst5|26 ; CTR_INCDEC:inst|div_2048:inst5|26 ; 1.000        ; -0.036     ; 0.528      ;
; 0.433  ; CTR_INCDEC:inst|div_2048:inst6|23 ; CTR_INCDEC:inst|div_2048:inst6|13 ; CTR_INCDEC:inst|div_2048:inst5|26 ; CTR_INCDEC:inst|div_2048:inst5|26 ; 1.000        ; -0.036     ; 0.518      ;
; 0.472  ; CTR_INCDEC:inst|div_2048:inst6|7  ; CTR_INCDEC:inst|div_2048:inst6|6  ; CTR_INCDEC:inst|div_2048:inst5|26 ; CTR_INCDEC:inst|div_2048:inst5|26 ; 1.000        ; -0.036     ; 0.479      ;
; 0.592  ; CTR_INCDEC:inst|div_2048:inst6|7  ; CTR_INCDEC:inst|div_2048:inst6|7  ; CTR_INCDEC:inst|div_2048:inst5|26 ; CTR_INCDEC:inst|div_2048:inst5|26 ; 1.000        ; -0.036     ; 0.359      ;
; 0.592  ; CTR_INCDEC:inst|div_2048:inst6|11 ; CTR_INCDEC:inst|div_2048:inst6|11 ; CTR_INCDEC:inst|div_2048:inst5|26 ; CTR_INCDEC:inst|div_2048:inst5|26 ; 1.000        ; -0.036     ; 0.359      ;
; 0.592  ; CTR_INCDEC:inst|div_2048:inst6|22 ; CTR_INCDEC:inst|div_2048:inst6|22 ; CTR_INCDEC:inst|div_2048:inst5|26 ; CTR_INCDEC:inst|div_2048:inst5|26 ; 1.000        ; -0.036     ; 0.359      ;
; 0.592  ; CTR_INCDEC:inst|div_2048:inst6|12 ; CTR_INCDEC:inst|div_2048:inst6|12 ; CTR_INCDEC:inst|div_2048:inst5|26 ; CTR_INCDEC:inst|div_2048:inst5|26 ; 1.000        ; -0.036     ; 0.359      ;
; 0.592  ; CTR_INCDEC:inst|div_2048:inst6|28 ; CTR_INCDEC:inst|div_2048:inst6|28 ; CTR_INCDEC:inst|div_2048:inst5|26 ; CTR_INCDEC:inst|div_2048:inst5|26 ; 1.000        ; -0.036     ; 0.359      ;
; 0.592  ; CTR_INCDEC:inst|div_2048:inst6|23 ; CTR_INCDEC:inst|div_2048:inst6|23 ; CTR_INCDEC:inst|div_2048:inst5|26 ; CTR_INCDEC:inst|div_2048:inst5|26 ; 1.000        ; -0.036     ; 0.359      ;
; 0.592  ; CTR_INCDEC:inst|div_2048:inst6|13 ; CTR_INCDEC:inst|div_2048:inst6|13 ; CTR_INCDEC:inst|div_2048:inst5|26 ; CTR_INCDEC:inst|div_2048:inst5|26 ; 1.000        ; -0.036     ; 0.359      ;
; 0.592  ; CTR_INCDEC:inst|div_2048:inst6|4  ; CTR_INCDEC:inst|div_2048:inst6|4  ; CTR_INCDEC:inst|div_2048:inst5|26 ; CTR_INCDEC:inst|div_2048:inst5|26 ; 1.000        ; -0.036     ; 0.359      ;
; 0.592  ; CTR_INCDEC:inst|div_2048:inst6|5  ; CTR_INCDEC:inst|div_2048:inst6|5  ; CTR_INCDEC:inst|div_2048:inst5|26 ; CTR_INCDEC:inst|div_2048:inst5|26 ; 1.000        ; -0.036     ; 0.359      ;
; 0.592  ; CTR_INCDEC:inst|div_2048:inst6|6  ; CTR_INCDEC:inst|div_2048:inst6|6  ; CTR_INCDEC:inst|div_2048:inst5|26 ; CTR_INCDEC:inst|div_2048:inst5|26 ; 1.000        ; -0.036     ; 0.359      ;
; 0.947  ; CTR_INCDEC:inst|div_2048:inst6|26 ; CTR_INCDEC:inst|div_2048:inst6|26 ; CTR_INCDEC:inst|div_2048:inst6|26 ; CTR_INCDEC:inst|div_2048:inst5|26 ; 1.000        ; 1.219      ; 1.364      ;
+--------+-----------------------------------+-----------------------------------+-----------------------------------+-----------------------------------+--------------+------------+------------+


+---------------------------------------------------------------------------------------------------------------------------------------------------------------------------+
; Fast 1200mV 0C Model Setup: 'clk'                                                                                                                                         ;
+--------+-----------------------------------+-----------------------------------+-----------------------------------+-------------+--------------+------------+------------+
; Slack  ; From Node                         ; To Node                           ; Launch Clock                      ; Latch Clock ; Relationship ; Clock Skew ; Data Delay ;
+--------+-----------------------------------+-----------------------------------+-----------------------------------+-------------+--------------+------------+------------+
; -0.159 ; CTR_INCDEC:inst|div_2048:inst5|22 ; CTR_INCDEC:inst|div_2048:inst5|26 ; clk                               ; clk         ; 1.000        ; -0.035     ; 1.111      ;
; -0.149 ; CTR_INCDEC:inst|div_2048:inst5|13 ; CTR_INCDEC:inst|div_2048:inst5|26 ; clk                               ; clk         ; 1.000        ; -0.035     ; 1.101      ;
; -0.100 ; CTR_INCDEC:inst|div_2048:inst5|7  ; CTR_INCDEC:inst|div_2048:inst5|26 ; clk                               ; clk         ; 1.000        ; -0.035     ; 1.052      ;
; -0.100 ; CTR_INCDEC:inst|div_2048:inst5|12 ; CTR_INCDEC:inst|div_2048:inst5|26 ; clk                               ; clk         ; 1.000        ; -0.035     ; 1.052      ;
; -0.092 ; CTR_INCDEC:inst|div_2048:inst5|4  ; CTR_INCDEC:inst|div_2048:inst5|26 ; clk                               ; clk         ; 1.000        ; -0.035     ; 1.044      ;
; -0.040 ; CTR_INCDEC:inst|div_2048:inst5|6  ; CTR_INCDEC:inst|div_2048:inst5|26 ; clk                               ; clk         ; 1.000        ; -0.035     ; 0.992      ;
; -0.025 ; CTR_INCDEC:inst|div_2048:inst5|11 ; CTR_INCDEC:inst|div_2048:inst5|26 ; clk                               ; clk         ; 1.000        ; -0.035     ; 0.977      ;
; -0.010 ; CTR_INCDEC:inst|div_2048:inst5|7  ; CTR_INCDEC:inst|div_2048:inst5|11 ; clk                               ; clk         ; 1.000        ; -0.035     ; 0.962      ;
; -0.010 ; CTR_INCDEC:inst|div_2048:inst5|7  ; CTR_INCDEC:inst|div_2048:inst5|12 ; clk                               ; clk         ; 1.000        ; -0.035     ; 0.962      ;
; -0.002 ; CTR_INCDEC:inst|div_2048:inst5|4  ; CTR_INCDEC:inst|div_2048:inst5|11 ; clk                               ; clk         ; 1.000        ; -0.035     ; 0.954      ;
; -0.002 ; CTR_INCDEC:inst|div_2048:inst5|4  ; CTR_INCDEC:inst|div_2048:inst5|12 ; clk                               ; clk         ; 1.000        ; -0.035     ; 0.954      ;
; 0.018  ; CTR_INCDEC:inst|div_2048:inst5|7  ; CTR_INCDEC:inst|div_2048:inst5|22 ; clk                               ; clk         ; 1.000        ; -0.035     ; 0.934      ;
; 0.026  ; CTR_INCDEC:inst|div_2048:inst5|4  ; CTR_INCDEC:inst|div_2048:inst5|22 ; clk                               ; clk         ; 1.000        ; -0.035     ; 0.926      ;
; 0.035  ; CTR_INCDEC:inst|div_2048:inst5|5  ; CTR_INCDEC:inst|div_2048:inst5|26 ; clk                               ; clk         ; 1.000        ; -0.035     ; 0.917      ;
; 0.050  ; CTR_INCDEC:inst|div_2048:inst5|6  ; CTR_INCDEC:inst|div_2048:inst5|11 ; clk                               ; clk         ; 1.000        ; -0.035     ; 0.902      ;
; 0.050  ; CTR_INCDEC:inst|div_2048:inst5|6  ; CTR_INCDEC:inst|div_2048:inst5|12 ; clk                               ; clk         ; 1.000        ; -0.035     ; 0.902      ;
; 0.061  ; CTR_INCDEC:inst|div_2048:inst5|7  ; CTR_INCDEC:inst|div_2048:inst5|13 ; clk                               ; clk         ; 1.000        ; -0.035     ; 0.891      ;
; 0.062  ; CTR_INCDEC:inst|div_2048:inst5|7  ; CTR_INCDEC:inst|div_2048:inst5|23 ; clk                               ; clk         ; 1.000        ; -0.035     ; 0.890      ;
; 0.062  ; CTR_INCDEC:inst|div_2048:inst5|7  ; CTR_INCDEC:inst|div_2048:inst5|28 ; clk                               ; clk         ; 1.000        ; -0.035     ; 0.890      ;
; 0.069  ; CTR_INCDEC:inst|div_2048:inst5|4  ; CTR_INCDEC:inst|div_2048:inst5|13 ; clk                               ; clk         ; 1.000        ; -0.035     ; 0.883      ;
; 0.070  ; CTR_INCDEC:inst|div_2048:inst5|4  ; CTR_INCDEC:inst|div_2048:inst5|23 ; clk                               ; clk         ; 1.000        ; -0.035     ; 0.882      ;
; 0.070  ; CTR_INCDEC:inst|div_2048:inst5|4  ; CTR_INCDEC:inst|div_2048:inst5|28 ; clk                               ; clk         ; 1.000        ; -0.035     ; 0.882      ;
; 0.077  ; CTR_INCDEC:inst|div_2048:inst5|26 ; CTR_INCDEC:inst|div_2048:inst5|26 ; CTR_INCDEC:inst|div_2048:inst5|26 ; clk         ; 0.500        ; 1.359      ; 1.864      ;
; 0.078  ; CTR_INCDEC:inst|div_2048:inst5|6  ; CTR_INCDEC:inst|div_2048:inst5|22 ; clk                               ; clk         ; 1.000        ; -0.035     ; 0.874      ;
; 0.084  ; CTR_INCDEC:inst|div_2048:inst5|28 ; CTR_INCDEC:inst|div_2048:inst5|26 ; clk                               ; clk         ; 1.000        ; -0.035     ; 0.868      ;
; 0.091  ; CTR_INCDEC:inst|div_2048:inst5|23 ; CTR_INCDEC:inst|div_2048:inst5|26 ; clk                               ; clk         ; 1.000        ; -0.035     ; 0.861      ;
; 0.121  ; CTR_INCDEC:inst|div_2048:inst5|6  ; CTR_INCDEC:inst|div_2048:inst5|13 ; clk                               ; clk         ; 1.000        ; -0.035     ; 0.831      ;
; 0.122  ; CTR_INCDEC:inst|div_2048:inst5|6  ; CTR_INCDEC:inst|div_2048:inst5|23 ; clk                               ; clk         ; 1.000        ; -0.035     ; 0.830      ;
; 0.122  ; CTR_INCDEC:inst|div_2048:inst5|6  ; CTR_INCDEC:inst|div_2048:inst5|28 ; clk                               ; clk         ; 1.000        ; -0.035     ; 0.830      ;
; 0.125  ; CTR_INCDEC:inst|div_2048:inst5|5  ; CTR_INCDEC:inst|div_2048:inst5|11 ; clk                               ; clk         ; 1.000        ; -0.035     ; 0.827      ;
; 0.125  ; CTR_INCDEC:inst|div_2048:inst5|5  ; CTR_INCDEC:inst|div_2048:inst5|12 ; clk                               ; clk         ; 1.000        ; -0.035     ; 0.827      ;
; 0.153  ; CTR_INCDEC:inst|div_2048:inst5|5  ; CTR_INCDEC:inst|div_2048:inst5|22 ; clk                               ; clk         ; 1.000        ; -0.035     ; 0.799      ;
; 0.196  ; CTR_INCDEC:inst|div_2048:inst5|5  ; CTR_INCDEC:inst|div_2048:inst5|13 ; clk                               ; clk         ; 1.000        ; -0.035     ; 0.756      ;
; 0.197  ; CTR_INCDEC:inst|div_2048:inst5|5  ; CTR_INCDEC:inst|div_2048:inst5|23 ; clk                               ; clk         ; 1.000        ; -0.035     ; 0.755      ;
; 0.197  ; CTR_INCDEC:inst|div_2048:inst5|5  ; CTR_INCDEC:inst|div_2048:inst5|28 ; clk                               ; clk         ; 1.000        ; -0.035     ; 0.755      ;
; 0.204  ; CTR_INCDEC:inst|div_2048:inst5|5  ; CTR_INCDEC:inst|div_2048:inst5|4  ; clk                               ; clk         ; 1.000        ; -0.035     ; 0.748      ;
; 0.234  ; CTR_INCDEC:inst|div_2048:inst5|22 ; CTR_INCDEC:inst|div_2048:inst5|13 ; clk                               ; clk         ; 1.000        ; -0.035     ; 0.718      ;
; 0.235  ; CTR_INCDEC:inst|div_2048:inst5|22 ; CTR_INCDEC:inst|div_2048:inst5|23 ; clk                               ; clk         ; 1.000        ; -0.035     ; 0.717      ;
; 0.235  ; CTR_INCDEC:inst|div_2048:inst5|22 ; CTR_INCDEC:inst|div_2048:inst5|28 ; clk                               ; clk         ; 1.000        ; -0.035     ; 0.717      ;
; 0.240  ; CTR_INCDEC:inst|div_2048:inst5|12 ; CTR_INCDEC:inst|div_2048:inst5|13 ; clk                               ; clk         ; 1.000        ; -0.035     ; 0.712      ;
; 0.241  ; CTR_INCDEC:inst|div_2048:inst5|12 ; CTR_INCDEC:inst|div_2048:inst5|23 ; clk                               ; clk         ; 1.000        ; -0.035     ; 0.711      ;
; 0.241  ; CTR_INCDEC:inst|div_2048:inst5|12 ; CTR_INCDEC:inst|div_2048:inst5|28 ; clk                               ; clk         ; 1.000        ; -0.035     ; 0.711      ;
; 0.243  ; CTR_INCDEC:inst|div_2048:inst5|11 ; CTR_INCDEC:inst|div_2048:inst5|13 ; clk                               ; clk         ; 1.000        ; -0.035     ; 0.709      ;
; 0.244  ; CTR_INCDEC:inst|div_2048:inst5|11 ; CTR_INCDEC:inst|div_2048:inst5|23 ; clk                               ; clk         ; 1.000        ; -0.035     ; 0.708      ;
; 0.244  ; CTR_INCDEC:inst|div_2048:inst5|11 ; CTR_INCDEC:inst|div_2048:inst5|28 ; clk                               ; clk         ; 1.000        ; -0.035     ; 0.708      ;
; 0.317  ; CTR_INCDEC:inst|div_2048:inst5|12 ; CTR_INCDEC:inst|div_2048:inst5|11 ; clk                               ; clk         ; 1.000        ; -0.035     ; 0.635      ;
; 0.343  ; CTR_INCDEC:inst|div_2048:inst5|12 ; CTR_INCDEC:inst|div_2048:inst5|22 ; clk                               ; clk         ; 1.000        ; -0.035     ; 0.609      ;
; 0.344  ; CTR_INCDEC:inst|div_2048:inst5|6  ; CTR_INCDEC:inst|div_2048:inst5|5  ; clk                               ; clk         ; 1.000        ; -0.035     ; 0.608      ;
; 0.345  ; CTR_INCDEC:inst|div_2048:inst5|7  ; CTR_INCDEC:inst|div_2048:inst5|4  ; clk                               ; clk         ; 1.000        ; -0.035     ; 0.607      ;
; 0.423  ; CTR_INCDEC:inst|div_2048:inst5|28 ; CTR_INCDEC:inst|div_2048:inst5|13 ; clk                               ; clk         ; 1.000        ; -0.035     ; 0.529      ;
; 0.425  ; CTR_INCDEC:inst|div_2048:inst5|28 ; CTR_INCDEC:inst|div_2048:inst5|23 ; clk                               ; clk         ; 1.000        ; -0.035     ; 0.527      ;
; 0.434  ; CTR_INCDEC:inst|div_2048:inst5|23 ; CTR_INCDEC:inst|div_2048:inst5|13 ; clk                               ; clk         ; 1.000        ; -0.035     ; 0.518      ;
; 0.480  ; CTR_INCDEC:inst|div_2048:inst5|7  ; CTR_INCDEC:inst|div_2048:inst5|5  ; clk                               ; clk         ; 1.000        ; -0.035     ; 0.472      ;
; 0.481  ; CTR_INCDEC:inst|div_2048:inst5|7  ; CTR_INCDEC:inst|div_2048:inst5|6  ; clk                               ; clk         ; 1.000        ; -0.035     ; 0.471      ;
; 0.484  ; CTR_INCDEC:inst|div_2048:inst5|6  ; CTR_INCDEC:inst|div_2048:inst5|4  ; clk                               ; clk         ; 1.000        ; -0.035     ; 0.468      ;
; 0.488  ; CTR_INCDEC:inst|div_2048:inst5|11 ; CTR_INCDEC:inst|div_2048:inst5|22 ; clk                               ; clk         ; 1.000        ; -0.035     ; 0.464      ;
; 0.593  ; CTR_INCDEC:inst|div_2048:inst5|7  ; CTR_INCDEC:inst|div_2048:inst5|7  ; clk                               ; clk         ; 1.000        ; -0.035     ; 0.359      ;
; 0.593  ; CTR_INCDEC:inst|div_2048:inst5|11 ; CTR_INCDEC:inst|div_2048:inst5|11 ; clk                               ; clk         ; 1.000        ; -0.035     ; 0.359      ;
; 0.593  ; CTR_INCDEC:inst|div_2048:inst5|12 ; CTR_INCDEC:inst|div_2048:inst5|12 ; clk                               ; clk         ; 1.000        ; -0.035     ; 0.359      ;
; 0.593  ; CTR_INCDEC:inst|div_2048:inst5|22 ; CTR_INCDEC:inst|div_2048:inst5|22 ; clk                               ; clk         ; 1.000        ; -0.035     ; 0.359      ;
; 0.593  ; CTR_INCDEC:inst|div_2048:inst5|13 ; CTR_INCDEC:inst|div_2048:inst5|13 ; clk                               ; clk         ; 1.000        ; -0.035     ; 0.359      ;
; 0.593  ; CTR_INCDEC:inst|div_2048:inst5|23 ; CTR_INCDEC:inst|div_2048:inst5|23 ; clk                               ; clk         ; 1.000        ; -0.035     ; 0.359      ;
; 0.593  ; CTR_INCDEC:inst|div_2048:inst5|28 ; CTR_INCDEC:inst|div_2048:inst5|28 ; clk                               ; clk         ; 1.000        ; -0.035     ; 0.359      ;
; 0.593  ; CTR_INCDEC:inst|div_2048:inst5|4  ; CTR_INCDEC:inst|div_2048:inst5|4  ; clk                               ; clk         ; 1.000        ; -0.035     ; 0.359      ;
; 0.593  ; CTR_INCDEC:inst|div_2048:inst5|5  ; CTR_INCDEC:inst|div_2048:inst5|5  ; clk                               ; clk         ; 1.000        ; -0.035     ; 0.359      ;
; 0.593  ; CTR_INCDEC:inst|div_2048:inst5|6  ; CTR_INCDEC:inst|div_2048:inst5|6  ; clk                               ; clk         ; 1.000        ; -0.035     ; 0.359      ;
; 0.798  ; CTR_INCDEC:inst|div_2048:inst5|26 ; CTR_INCDEC:inst|div_2048:inst5|26 ; CTR_INCDEC:inst|div_2048:inst5|26 ; clk         ; 1.000        ; 1.359      ; 1.643      ;
+--------+-----------------------------------+-----------------------------------+-----------------------------------+-------------+--------------+------------+------------+


+------------------------------------------------------------------------------------------------------------------------------------------------------------------------------------------------------------+
; Fast 1200mV 0C Model Setup: 'CTR_INCDEC:inst|div_2048:inst6|26'                                                                                                                                            ;
+-------+-----------------------------------------+-----------------------------------------+-----------------------------------+-----------------------------------+--------------+------------+------------+
; Slack ; From Node                               ; To Node                                 ; Launch Clock                      ; Latch Clock                       ; Relationship ; Clock Skew ; Data Delay ;
+-------+-----------------------------------------+-----------------------------------------+-----------------------------------+-----------------------------------+--------------+------------+------------+
; 0.011 ; CTR_INCDEC:inst|CONTADOR_6:inst4|inst22 ; CTR_INCDEC:inst|CONTADOR_6:inst4|inst21 ; CTR_INCDEC:inst|div_2048:inst6|26 ; CTR_INCDEC:inst|div_2048:inst6|26 ; 1.000        ; -0.232     ; 0.744      ;
; 0.055 ; CTR_INCDEC:inst|CTRL_Cont6:inst3|inst2  ; CTR_INCDEC:inst|CONTADOR_6:inst4|inst21 ; CTR_INCDEC:inst|div_2048:inst6|26 ; CTR_INCDEC:inst|div_2048:inst6|26 ; 1.000        ; -0.036     ; 0.896      ;
; 0.080 ; CTR_INCDEC:inst|CTRL_Cont6:inst3|inst2  ; CTR_INCDEC:inst|CONTADOR_6:inst4|inst23 ; CTR_INCDEC:inst|div_2048:inst6|26 ; CTR_INCDEC:inst|div_2048:inst6|26 ; 1.000        ; -0.036     ; 0.871      ;
; 0.081 ; CTR_INCDEC:inst|CTRL_Cont6:inst2|inst2  ; CTR_INCDEC:inst|CONTADOR_6:inst4|inst21 ; CTR_INCDEC:inst|div_2048:inst6|26 ; CTR_INCDEC:inst|div_2048:inst6|26 ; 1.000        ; -0.036     ; 0.870      ;
; 0.125 ; CTR_INCDEC:inst|CTRL_Cont6:inst3|inst1  ; CTR_INCDEC:inst|CONTADOR_6:inst4|inst21 ; CTR_INCDEC:inst|div_2048:inst6|26 ; CTR_INCDEC:inst|div_2048:inst6|26 ; 1.000        ; -0.036     ; 0.826      ;
; 0.132 ; CTR_INCDEC:inst|CTRL_Cont6:inst3|inst2  ; CTR_INCDEC:inst|CONTADOR_6:inst4|inst22 ; CTR_INCDEC:inst|div_2048:inst6|26 ; CTR_INCDEC:inst|div_2048:inst6|26 ; 1.000        ; 0.152      ; 1.007      ;
; 0.133 ; CTR_INCDEC:inst|CTRL_Cont6:inst3|inst1  ; CTR_INCDEC:inst|CONTADOR_6:inst4|inst23 ; CTR_INCDEC:inst|div_2048:inst6|26 ; CTR_INCDEC:inst|div_2048:inst6|26 ; 1.000        ; -0.036     ; 0.818      ;
; 0.155 ; CTR_INCDEC:inst|CTRL_Cont6:inst2|inst1  ; CTR_INCDEC:inst|CONTADOR_6:inst4|inst21 ; CTR_INCDEC:inst|div_2048:inst6|26 ; CTR_INCDEC:inst|div_2048:inst6|26 ; 1.000        ; -0.036     ; 0.796      ;
; 0.171 ; CTR_INCDEC:inst|CTRL_Cont6:inst2|inst2  ; CTR_INCDEC:inst|CTRL_Cont6:inst2|inst1  ; CTR_INCDEC:inst|div_2048:inst6|26 ; CTR_INCDEC:inst|div_2048:inst6|26 ; 1.000        ; -0.036     ; 0.780      ;
; 0.176 ; CTR_INCDEC:inst|CTRL_Cont6:inst3|inst1  ; CTR_INCDEC:inst|CONTADOR_6:inst4|inst22 ; CTR_INCDEC:inst|div_2048:inst6|26 ; CTR_INCDEC:inst|div_2048:inst6|26 ; 1.000        ; 0.152      ; 0.963      ;
; 0.190 ; CTR_INCDEC:inst|CONTADOR_6:inst4|inst23 ; CTR_INCDEC:inst|CONTADOR_6:inst4|inst21 ; CTR_INCDEC:inst|div_2048:inst6|26 ; CTR_INCDEC:inst|div_2048:inst6|26 ; 1.000        ; -0.036     ; 0.761      ;
; 0.194 ; CTR_INCDEC:inst|CTRL_Cont6:inst3|inst   ; CTR_INCDEC:inst|CONTADOR_6:inst4|inst21 ; CTR_INCDEC:inst|div_2048:inst6|26 ; CTR_INCDEC:inst|div_2048:inst6|26 ; 1.000        ; -0.036     ; 0.757      ;
; 0.197 ; CTR_INCDEC:inst|CTRL_Cont6:inst2|inst2  ; CTR_INCDEC:inst|CTRL_Cont6:inst2|inst   ; CTR_INCDEC:inst|div_2048:inst6|26 ; CTR_INCDEC:inst|div_2048:inst6|26 ; 1.000        ; -0.036     ; 0.754      ;
; 0.202 ; CTR_INCDEC:inst|CTRL_Cont6:inst3|inst   ; CTR_INCDEC:inst|CONTADOR_6:inst4|inst23 ; CTR_INCDEC:inst|div_2048:inst6|26 ; CTR_INCDEC:inst|div_2048:inst6|26 ; 1.000        ; -0.036     ; 0.749      ;
; 0.229 ; CTR_INCDEC:inst|CONTADOR_6:inst4|inst21 ; CTR_INCDEC:inst|CONTADOR_6:inst4|inst21 ; CTR_INCDEC:inst|div_2048:inst6|26 ; CTR_INCDEC:inst|div_2048:inst6|26 ; 1.000        ; -0.036     ; 0.722      ;
; 0.229 ; CTR_INCDEC:inst|CTRL_Cont6:inst2|inst   ; CTR_INCDEC:inst|CONTADOR_6:inst4|inst21 ; CTR_INCDEC:inst|div_2048:inst6|26 ; CTR_INCDEC:inst|div_2048:inst6|26 ; 1.000        ; -0.036     ; 0.722      ;
; 0.231 ; CTR_INCDEC:inst|CTRL_Cont6:inst2|inst2  ; CTR_INCDEC:inst|CONTADOR_6:inst4|inst23 ; CTR_INCDEC:inst|div_2048:inst6|26 ; CTR_INCDEC:inst|div_2048:inst6|26 ; 1.000        ; -0.036     ; 0.720      ;
; 0.245 ; CTR_INCDEC:inst|CTRL_Cont6:inst3|inst   ; CTR_INCDEC:inst|CONTADOR_6:inst4|inst22 ; CTR_INCDEC:inst|div_2048:inst6|26 ; CTR_INCDEC:inst|div_2048:inst6|26 ; 1.000        ; 0.152      ; 0.894      ;
; 0.260 ; CTR_INCDEC:inst|CTRL_Cont6:inst2|inst2  ; CTR_INCDEC:inst|CONTADOR_6:inst4|inst22 ; CTR_INCDEC:inst|div_2048:inst6|26 ; CTR_INCDEC:inst|div_2048:inst6|26 ; 1.000        ; 0.152      ; 0.879      ;
; 0.308 ; CTR_INCDEC:inst|CTRL_Cont6:inst2|inst1  ; CTR_INCDEC:inst|CONTADOR_6:inst4|inst23 ; CTR_INCDEC:inst|div_2048:inst6|26 ; CTR_INCDEC:inst|div_2048:inst6|26 ; 1.000        ; -0.036     ; 0.643      ;
; 0.314 ; CTR_INCDEC:inst|CTRL_Cont6:inst2|inst1  ; CTR_INCDEC:inst|CTRL_Cont6:inst2|inst   ; CTR_INCDEC:inst|div_2048:inst6|26 ; CTR_INCDEC:inst|div_2048:inst6|26 ; 1.000        ; -0.036     ; 0.637      ;
; 0.316 ; CTR_INCDEC:inst|CTRL_Cont6:inst2|inst1  ; CTR_INCDEC:inst|CTRL_Cont6:inst2|inst2  ; CTR_INCDEC:inst|div_2048:inst6|26 ; CTR_INCDEC:inst|div_2048:inst6|26 ; 1.000        ; -0.036     ; 0.635      ;
; 0.316 ; CTR_INCDEC:inst|CTRL_Cont6:inst2|inst   ; CTR_INCDEC:inst|CTRL_Cont6:inst2|inst2  ; CTR_INCDEC:inst|div_2048:inst6|26 ; CTR_INCDEC:inst|div_2048:inst6|26 ; 1.000        ; -0.036     ; 0.635      ;
; 0.325 ; CTR_INCDEC:inst|CTRL_Cont6:inst2|inst1  ; CTR_INCDEC:inst|CONTADOR_6:inst4|inst22 ; CTR_INCDEC:inst|div_2048:inst6|26 ; CTR_INCDEC:inst|div_2048:inst6|26 ; 1.000        ; 0.152      ; 0.814      ;
; 0.347 ; CTR_INCDEC:inst|CTRL_Cont6:inst2|inst   ; CTR_INCDEC:inst|CTRL_Cont6:inst2|inst1  ; CTR_INCDEC:inst|div_2048:inst6|26 ; CTR_INCDEC:inst|div_2048:inst6|26 ; 1.000        ; -0.036     ; 0.604      ;
; 0.353 ; CTR_INCDEC:inst|CTRL_Cont6:inst3|inst   ; CTR_INCDEC:inst|CTRL_Cont6:inst3|inst1  ; CTR_INCDEC:inst|div_2048:inst6|26 ; CTR_INCDEC:inst|div_2048:inst6|26 ; 1.000        ; -0.036     ; 0.598      ;
; 0.382 ; CTR_INCDEC:inst|CTRL_Cont6:inst2|inst   ; CTR_INCDEC:inst|CONTADOR_6:inst4|inst23 ; CTR_INCDEC:inst|div_2048:inst6|26 ; CTR_INCDEC:inst|div_2048:inst6|26 ; 1.000        ; -0.036     ; 0.569      ;
; 0.392 ; CTR_INCDEC:inst|CONTADOR_6:inst4|inst23 ; CTR_INCDEC:inst|CONTADOR_6:inst4|inst22 ; CTR_INCDEC:inst|div_2048:inst6|26 ; CTR_INCDEC:inst|div_2048:inst6|26 ; 1.000        ; 0.152      ; 0.747      ;
; 0.399 ; CTR_INCDEC:inst|CTRL_Cont6:inst2|inst   ; CTR_INCDEC:inst|CONTADOR_6:inst4|inst22 ; CTR_INCDEC:inst|div_2048:inst6|26 ; CTR_INCDEC:inst|div_2048:inst6|26 ; 1.000        ; 0.152      ; 0.740      ;
; 0.447 ; CTR_INCDEC:inst|CTRL_Cont6:inst3|inst1  ; CTR_INCDEC:inst|CTRL_Cont6:inst3|inst2  ; CTR_INCDEC:inst|div_2048:inst6|26 ; CTR_INCDEC:inst|div_2048:inst6|26 ; 1.000        ; -0.036     ; 0.504      ;
; 0.448 ; CTR_INCDEC:inst|CTRL_Cont6:inst3|inst1  ; CTR_INCDEC:inst|CTRL_Cont6:inst3|inst   ; CTR_INCDEC:inst|div_2048:inst6|26 ; CTR_INCDEC:inst|div_2048:inst6|26 ; 1.000        ; -0.036     ; 0.503      ;
; 0.485 ; CTR_INCDEC:inst|CTRL_Cont6:inst3|inst2  ; CTR_INCDEC:inst|CTRL_Cont6:inst3|inst1  ; CTR_INCDEC:inst|div_2048:inst6|26 ; CTR_INCDEC:inst|div_2048:inst6|26 ; 1.000        ; -0.036     ; 0.466      ;
; 0.485 ; CTR_INCDEC:inst|CTRL_Cont6:inst3|inst2  ; CTR_INCDEC:inst|CTRL_Cont6:inst3|inst   ; CTR_INCDEC:inst|div_2048:inst6|26 ; CTR_INCDEC:inst|div_2048:inst6|26 ; 1.000        ; -0.036     ; 0.466      ;
; 0.527 ; CTR_INCDEC:inst|CONTADOR_6:inst4|inst21 ; CTR_INCDEC:inst|CONTADOR_6:inst4|inst22 ; CTR_INCDEC:inst|div_2048:inst6|26 ; CTR_INCDEC:inst|div_2048:inst6|26 ; 1.000        ; 0.152      ; 0.612      ;
; 0.564 ; CTR_INCDEC:inst|CTRL_Cont6:inst3|inst   ; CTR_INCDEC:inst|CTRL_Cont6:inst3|inst2  ; CTR_INCDEC:inst|div_2048:inst6|26 ; CTR_INCDEC:inst|div_2048:inst6|26 ; 1.000        ; -0.036     ; 0.387      ;
; 0.584 ; CTR_INCDEC:inst|CONTADOR_6:inst4|inst22 ; CTR_INCDEC:inst|CONTADOR_6:inst4|inst22 ; CTR_INCDEC:inst|div_2048:inst6|26 ; CTR_INCDEC:inst|div_2048:inst6|26 ; 1.000        ; -0.044     ; 0.359      ;
; 0.592 ; CTR_INCDEC:inst|CONTADOR_6:inst4|inst23 ; CTR_INCDEC:inst|CONTADOR_6:inst4|inst23 ; CTR_INCDEC:inst|div_2048:inst6|26 ; CTR_INCDEC:inst|div_2048:inst6|26 ; 1.000        ; -0.036     ; 0.359      ;
; 0.592 ; CTR_INCDEC:inst|CTRL_Cont6:inst2|inst1  ; CTR_INCDEC:inst|CTRL_Cont6:inst2|inst1  ; CTR_INCDEC:inst|div_2048:inst6|26 ; CTR_INCDEC:inst|div_2048:inst6|26 ; 1.000        ; -0.036     ; 0.359      ;
; 0.592 ; CTR_INCDEC:inst|CTRL_Cont6:inst2|inst2  ; CTR_INCDEC:inst|CTRL_Cont6:inst2|inst2  ; CTR_INCDEC:inst|div_2048:inst6|26 ; CTR_INCDEC:inst|div_2048:inst6|26 ; 1.000        ; -0.036     ; 0.359      ;
; 0.592 ; CTR_INCDEC:inst|CTRL_Cont6:inst3|inst1  ; CTR_INCDEC:inst|CTRL_Cont6:inst3|inst1  ; CTR_INCDEC:inst|div_2048:inst6|26 ; CTR_INCDEC:inst|div_2048:inst6|26 ; 1.000        ; -0.036     ; 0.359      ;
; 0.592 ; CTR_INCDEC:inst|CTRL_Cont6:inst3|inst2  ; CTR_INCDEC:inst|CTRL_Cont6:inst3|inst2  ; CTR_INCDEC:inst|div_2048:inst6|26 ; CTR_INCDEC:inst|div_2048:inst6|26 ; 1.000        ; -0.036     ; 0.359      ;
; 0.601 ; CTR_INCDEC:inst|CTRL_Cont6:inst2|inst   ; CTR_INCDEC:inst|CTRL_Cont6:inst2|inst   ; CTR_INCDEC:inst|div_2048:inst6|26 ; CTR_INCDEC:inst|div_2048:inst6|26 ; 1.000        ; -0.036     ; 0.350      ;
; 0.601 ; CTR_INCDEC:inst|CTRL_Cont6:inst3|inst   ; CTR_INCDEC:inst|CTRL_Cont6:inst3|inst   ; CTR_INCDEC:inst|div_2048:inst6|26 ; CTR_INCDEC:inst|div_2048:inst6|26 ; 1.000        ; -0.036     ; 0.350      ;
+-------+-----------------------------------------+-----------------------------------------+-----------------------------------+-----------------------------------+--------------+------------+------------+


+-------------------------------------------------------------------------------------------------------------------------------------------------------------------------------------------------+
; Fast 1200mV 0C Model Hold: 'CTR_INCDEC:inst|div_2048:inst5|26'                                                                                                                                  ;
+--------+-----------------------------------+-----------------------------------+-----------------------------------+-----------------------------------+--------------+------------+------------+
; Slack  ; From Node                         ; To Node                           ; Launch Clock                      ; Latch Clock                       ; Relationship ; Clock Skew ; Data Delay ;
+--------+-----------------------------------+-----------------------------------+-----------------------------------+-----------------------------------+--------------+------------+------------+
; -0.201 ; CTR_INCDEC:inst|div_2048:inst6|26 ; CTR_INCDEC:inst|div_2048:inst6|26 ; CTR_INCDEC:inst|div_2048:inst6|26 ; CTR_INCDEC:inst|div_2048:inst5|26 ; 0.000        ; 1.282      ; 1.290      ;
; 0.187  ; CTR_INCDEC:inst|div_2048:inst6|13 ; CTR_INCDEC:inst|div_2048:inst6|13 ; CTR_INCDEC:inst|div_2048:inst5|26 ; CTR_INCDEC:inst|div_2048:inst5|26 ; 0.000        ; 0.036      ; 0.307      ;
; 0.187  ; CTR_INCDEC:inst|div_2048:inst6|23 ; CTR_INCDEC:inst|div_2048:inst6|23 ; CTR_INCDEC:inst|div_2048:inst5|26 ; CTR_INCDEC:inst|div_2048:inst5|26 ; 0.000        ; 0.036      ; 0.307      ;
; 0.187  ; CTR_INCDEC:inst|div_2048:inst6|28 ; CTR_INCDEC:inst|div_2048:inst6|28 ; CTR_INCDEC:inst|div_2048:inst5|26 ; CTR_INCDEC:inst|div_2048:inst5|26 ; 0.000        ; 0.036      ; 0.307      ;
; 0.187  ; CTR_INCDEC:inst|div_2048:inst6|22 ; CTR_INCDEC:inst|div_2048:inst6|22 ; CTR_INCDEC:inst|div_2048:inst5|26 ; CTR_INCDEC:inst|div_2048:inst5|26 ; 0.000        ; 0.036      ; 0.307      ;
; 0.187  ; CTR_INCDEC:inst|div_2048:inst6|11 ; CTR_INCDEC:inst|div_2048:inst6|11 ; CTR_INCDEC:inst|div_2048:inst5|26 ; CTR_INCDEC:inst|div_2048:inst5|26 ; 0.000        ; 0.036      ; 0.307      ;
; 0.187  ; CTR_INCDEC:inst|div_2048:inst6|12 ; CTR_INCDEC:inst|div_2048:inst6|12 ; CTR_INCDEC:inst|div_2048:inst5|26 ; CTR_INCDEC:inst|div_2048:inst5|26 ; 0.000        ; 0.036      ; 0.307      ;
; 0.187  ; CTR_INCDEC:inst|div_2048:inst6|4  ; CTR_INCDEC:inst|div_2048:inst6|4  ; CTR_INCDEC:inst|div_2048:inst5|26 ; CTR_INCDEC:inst|div_2048:inst5|26 ; 0.000        ; 0.036      ; 0.307      ;
; 0.187  ; CTR_INCDEC:inst|div_2048:inst6|5  ; CTR_INCDEC:inst|div_2048:inst6|5  ; CTR_INCDEC:inst|div_2048:inst5|26 ; CTR_INCDEC:inst|div_2048:inst5|26 ; 0.000        ; 0.036      ; 0.307      ;
; 0.187  ; CTR_INCDEC:inst|div_2048:inst6|6  ; CTR_INCDEC:inst|div_2048:inst6|6  ; CTR_INCDEC:inst|div_2048:inst5|26 ; CTR_INCDEC:inst|div_2048:inst5|26 ; 0.000        ; 0.036      ; 0.307      ;
; 0.194  ; CTR_INCDEC:inst|div_2048:inst6|7  ; CTR_INCDEC:inst|div_2048:inst6|7  ; CTR_INCDEC:inst|div_2048:inst5|26 ; CTR_INCDEC:inst|div_2048:inst5|26 ; 0.000        ; 0.036      ; 0.314      ;
; 0.286  ; CTR_INCDEC:inst|div_2048:inst6|7  ; CTR_INCDEC:inst|div_2048:inst6|6  ; CTR_INCDEC:inst|div_2048:inst5|26 ; CTR_INCDEC:inst|div_2048:inst5|26 ; 0.000        ; 0.036      ; 0.406      ;
; 0.300  ; CTR_INCDEC:inst|div_2048:inst6|23 ; CTR_INCDEC:inst|div_2048:inst6|13 ; CTR_INCDEC:inst|div_2048:inst5|26 ; CTR_INCDEC:inst|div_2048:inst5|26 ; 0.000        ; 0.036      ; 0.420      ;
; 0.307  ; CTR_INCDEC:inst|div_2048:inst6|28 ; CTR_INCDEC:inst|div_2048:inst6|23 ; CTR_INCDEC:inst|div_2048:inst5|26 ; CTR_INCDEC:inst|div_2048:inst5|26 ; 0.000        ; 0.036      ; 0.427      ;
; 0.308  ; CTR_INCDEC:inst|div_2048:inst6|28 ; CTR_INCDEC:inst|div_2048:inst6|13 ; CTR_INCDEC:inst|div_2048:inst5|26 ; CTR_INCDEC:inst|div_2048:inst5|26 ; 0.000        ; 0.036      ; 0.428      ;
; 0.378  ; CTR_INCDEC:inst|div_2048:inst6|12 ; CTR_INCDEC:inst|div_2048:inst6|11 ; CTR_INCDEC:inst|div_2048:inst5|26 ; CTR_INCDEC:inst|div_2048:inst5|26 ; 0.000        ; 0.036      ; 0.498      ;
; 0.379  ; CTR_INCDEC:inst|div_2048:inst6|12 ; CTR_INCDEC:inst|div_2048:inst6|22 ; CTR_INCDEC:inst|div_2048:inst5|26 ; CTR_INCDEC:inst|div_2048:inst5|26 ; 0.000        ; 0.036      ; 0.499      ;
; 0.385  ; CTR_INCDEC:inst|div_2048:inst6|7  ; CTR_INCDEC:inst|div_2048:inst6|5  ; CTR_INCDEC:inst|div_2048:inst5|26 ; CTR_INCDEC:inst|div_2048:inst5|26 ; 0.000        ; 0.036      ; 0.505      ;
; 0.386  ; CTR_INCDEC:inst|div_2048:inst6|7  ; CTR_INCDEC:inst|div_2048:inst6|4  ; CTR_INCDEC:inst|div_2048:inst5|26 ; CTR_INCDEC:inst|div_2048:inst5|26 ; 0.000        ; 0.036      ; 0.506      ;
; 0.391  ; CTR_INCDEC:inst|div_2048:inst6|11 ; CTR_INCDEC:inst|div_2048:inst6|22 ; CTR_INCDEC:inst|div_2048:inst5|26 ; CTR_INCDEC:inst|div_2048:inst5|26 ; 0.000        ; 0.036      ; 0.511      ;
; 0.394  ; CTR_INCDEC:inst|div_2048:inst6|6  ; CTR_INCDEC:inst|div_2048:inst6|4  ; CTR_INCDEC:inst|div_2048:inst5|26 ; CTR_INCDEC:inst|div_2048:inst5|26 ; 0.000        ; 0.036      ; 0.514      ;
; 0.395  ; CTR_INCDEC:inst|div_2048:inst6|6  ; CTR_INCDEC:inst|div_2048:inst6|5  ; CTR_INCDEC:inst|div_2048:inst5|26 ; CTR_INCDEC:inst|div_2048:inst5|26 ; 0.000        ; 0.036      ; 0.515      ;
; 0.409  ; CTR_INCDEC:inst|div_2048:inst6|26 ; CTR_INCDEC:inst|div_2048:inst6|26 ; CTR_INCDEC:inst|div_2048:inst6|26 ; CTR_INCDEC:inst|div_2048:inst5|26 ; -0.500       ; 1.282      ; 1.400      ;
; 0.470  ; CTR_INCDEC:inst|div_2048:inst6|12 ; CTR_INCDEC:inst|div_2048:inst6|13 ; CTR_INCDEC:inst|div_2048:inst5|26 ; CTR_INCDEC:inst|div_2048:inst5|26 ; 0.000        ; 0.036      ; 0.590      ;
; 0.471  ; CTR_INCDEC:inst|div_2048:inst6|12 ; CTR_INCDEC:inst|div_2048:inst6|23 ; CTR_INCDEC:inst|div_2048:inst5|26 ; CTR_INCDEC:inst|div_2048:inst5|26 ; 0.000        ; 0.036      ; 0.591      ;
; 0.471  ; CTR_INCDEC:inst|div_2048:inst6|12 ; CTR_INCDEC:inst|div_2048:inst6|28 ; CTR_INCDEC:inst|div_2048:inst5|26 ; CTR_INCDEC:inst|div_2048:inst5|26 ; 0.000        ; 0.036      ; 0.591      ;
; 0.471  ; CTR_INCDEC:inst|div_2048:inst6|11 ; CTR_INCDEC:inst|div_2048:inst6|13 ; CTR_INCDEC:inst|div_2048:inst5|26 ; CTR_INCDEC:inst|div_2048:inst5|26 ; 0.000        ; 0.036      ; 0.591      ;
; 0.472  ; CTR_INCDEC:inst|div_2048:inst6|11 ; CTR_INCDEC:inst|div_2048:inst6|23 ; CTR_INCDEC:inst|div_2048:inst5|26 ; CTR_INCDEC:inst|div_2048:inst5|26 ; 0.000        ; 0.036      ; 0.592      ;
; 0.472  ; CTR_INCDEC:inst|div_2048:inst6|11 ; CTR_INCDEC:inst|div_2048:inst6|28 ; CTR_INCDEC:inst|div_2048:inst5|26 ; CTR_INCDEC:inst|div_2048:inst5|26 ; 0.000        ; 0.036      ; 0.592      ;
; 0.482  ; CTR_INCDEC:inst|div_2048:inst6|5  ; CTR_INCDEC:inst|div_2048:inst6|4  ; CTR_INCDEC:inst|div_2048:inst5|26 ; CTR_INCDEC:inst|div_2048:inst5|26 ; 0.000        ; 0.036      ; 0.602      ;
; 0.493  ; CTR_INCDEC:inst|div_2048:inst6|22 ; CTR_INCDEC:inst|div_2048:inst6|13 ; CTR_INCDEC:inst|div_2048:inst5|26 ; CTR_INCDEC:inst|div_2048:inst5|26 ; 0.000        ; 0.036      ; 0.613      ;
; 0.494  ; CTR_INCDEC:inst|div_2048:inst6|22 ; CTR_INCDEC:inst|div_2048:inst6|23 ; CTR_INCDEC:inst|div_2048:inst5|26 ; CTR_INCDEC:inst|div_2048:inst5|26 ; 0.000        ; 0.036      ; 0.614      ;
; 0.494  ; CTR_INCDEC:inst|div_2048:inst6|22 ; CTR_INCDEC:inst|div_2048:inst6|28 ; CTR_INCDEC:inst|div_2048:inst5|26 ; CTR_INCDEC:inst|div_2048:inst5|26 ; 0.000        ; 0.036      ; 0.614      ;
; 0.532  ; CTR_INCDEC:inst|div_2048:inst6|5  ; CTR_INCDEC:inst|div_2048:inst6|13 ; CTR_INCDEC:inst|div_2048:inst5|26 ; CTR_INCDEC:inst|div_2048:inst5|26 ; 0.000        ; 0.036      ; 0.652      ;
; 0.533  ; CTR_INCDEC:inst|div_2048:inst6|5  ; CTR_INCDEC:inst|div_2048:inst6|23 ; CTR_INCDEC:inst|div_2048:inst5|26 ; CTR_INCDEC:inst|div_2048:inst5|26 ; 0.000        ; 0.036      ; 0.653      ;
; 0.533  ; CTR_INCDEC:inst|div_2048:inst6|5  ; CTR_INCDEC:inst|div_2048:inst6|28 ; CTR_INCDEC:inst|div_2048:inst5|26 ; CTR_INCDEC:inst|div_2048:inst5|26 ; 0.000        ; 0.036      ; 0.653      ;
; 0.550  ; CTR_INCDEC:inst|div_2048:inst6|5  ; CTR_INCDEC:inst|div_2048:inst6|22 ; CTR_INCDEC:inst|div_2048:inst5|26 ; CTR_INCDEC:inst|div_2048:inst5|26 ; 0.000        ; 0.036      ; 0.670      ;
; 0.550  ; CTR_INCDEC:inst|div_2048:inst6|5  ; CTR_INCDEC:inst|div_2048:inst6|12 ; CTR_INCDEC:inst|div_2048:inst5|26 ; CTR_INCDEC:inst|div_2048:inst5|26 ; 0.000        ; 0.036      ; 0.670      ;
; 0.553  ; CTR_INCDEC:inst|div_2048:inst6|5  ; CTR_INCDEC:inst|div_2048:inst6|11 ; CTR_INCDEC:inst|div_2048:inst5|26 ; CTR_INCDEC:inst|div_2048:inst5|26 ; 0.000        ; 0.036      ; 0.673      ;
; 0.581  ; CTR_INCDEC:inst|div_2048:inst6|4  ; CTR_INCDEC:inst|div_2048:inst6|13 ; CTR_INCDEC:inst|div_2048:inst5|26 ; CTR_INCDEC:inst|div_2048:inst5|26 ; 0.000        ; 0.036      ; 0.701      ;
; 0.582  ; CTR_INCDEC:inst|div_2048:inst6|4  ; CTR_INCDEC:inst|div_2048:inst6|23 ; CTR_INCDEC:inst|div_2048:inst5|26 ; CTR_INCDEC:inst|div_2048:inst5|26 ; 0.000        ; 0.036      ; 0.702      ;
; 0.582  ; CTR_INCDEC:inst|div_2048:inst6|4  ; CTR_INCDEC:inst|div_2048:inst6|28 ; CTR_INCDEC:inst|div_2048:inst5|26 ; CTR_INCDEC:inst|div_2048:inst5|26 ; 0.000        ; 0.036      ; 0.702      ;
; 0.599  ; CTR_INCDEC:inst|div_2048:inst6|4  ; CTR_INCDEC:inst|div_2048:inst6|22 ; CTR_INCDEC:inst|div_2048:inst5|26 ; CTR_INCDEC:inst|div_2048:inst5|26 ; 0.000        ; 0.036      ; 0.719      ;
; 0.599  ; CTR_INCDEC:inst|div_2048:inst6|4  ; CTR_INCDEC:inst|div_2048:inst6|12 ; CTR_INCDEC:inst|div_2048:inst5|26 ; CTR_INCDEC:inst|div_2048:inst5|26 ; 0.000        ; 0.036      ; 0.719      ;
; 0.602  ; CTR_INCDEC:inst|div_2048:inst6|4  ; CTR_INCDEC:inst|div_2048:inst6|11 ; CTR_INCDEC:inst|div_2048:inst5|26 ; CTR_INCDEC:inst|div_2048:inst5|26 ; 0.000        ; 0.036      ; 0.722      ;
; 0.607  ; CTR_INCDEC:inst|div_2048:inst6|23 ; CTR_INCDEC:inst|div_2048:inst6|26 ; CTR_INCDEC:inst|div_2048:inst5|26 ; CTR_INCDEC:inst|div_2048:inst5|26 ; 0.000        ; 0.036      ; 0.727      ;
; 0.615  ; CTR_INCDEC:inst|div_2048:inst6|28 ; CTR_INCDEC:inst|div_2048:inst6|26 ; CTR_INCDEC:inst|div_2048:inst5|26 ; CTR_INCDEC:inst|div_2048:inst5|26 ; 0.000        ; 0.036      ; 0.735      ;
; 0.633  ; CTR_INCDEC:inst|div_2048:inst6|7  ; CTR_INCDEC:inst|div_2048:inst6|13 ; CTR_INCDEC:inst|div_2048:inst5|26 ; CTR_INCDEC:inst|div_2048:inst5|26 ; 0.000        ; 0.036      ; 0.753      ;
; 0.634  ; CTR_INCDEC:inst|div_2048:inst6|7  ; CTR_INCDEC:inst|div_2048:inst6|23 ; CTR_INCDEC:inst|div_2048:inst5|26 ; CTR_INCDEC:inst|div_2048:inst5|26 ; 0.000        ; 0.036      ; 0.754      ;
; 0.634  ; CTR_INCDEC:inst|div_2048:inst6|7  ; CTR_INCDEC:inst|div_2048:inst6|28 ; CTR_INCDEC:inst|div_2048:inst5|26 ; CTR_INCDEC:inst|div_2048:inst5|26 ; 0.000        ; 0.036      ; 0.754      ;
; 0.637  ; CTR_INCDEC:inst|div_2048:inst6|6  ; CTR_INCDEC:inst|div_2048:inst6|13 ; CTR_INCDEC:inst|div_2048:inst5|26 ; CTR_INCDEC:inst|div_2048:inst5|26 ; 0.000        ; 0.036      ; 0.757      ;
; 0.638  ; CTR_INCDEC:inst|div_2048:inst6|6  ; CTR_INCDEC:inst|div_2048:inst6|23 ; CTR_INCDEC:inst|div_2048:inst5|26 ; CTR_INCDEC:inst|div_2048:inst5|26 ; 0.000        ; 0.036      ; 0.758      ;
; 0.638  ; CTR_INCDEC:inst|div_2048:inst6|6  ; CTR_INCDEC:inst|div_2048:inst6|28 ; CTR_INCDEC:inst|div_2048:inst5|26 ; CTR_INCDEC:inst|div_2048:inst5|26 ; 0.000        ; 0.036      ; 0.758      ;
; 0.651  ; CTR_INCDEC:inst|div_2048:inst6|7  ; CTR_INCDEC:inst|div_2048:inst6|22 ; CTR_INCDEC:inst|div_2048:inst5|26 ; CTR_INCDEC:inst|div_2048:inst5|26 ; 0.000        ; 0.036      ; 0.771      ;
; 0.651  ; CTR_INCDEC:inst|div_2048:inst6|7  ; CTR_INCDEC:inst|div_2048:inst6|12 ; CTR_INCDEC:inst|div_2048:inst5|26 ; CTR_INCDEC:inst|div_2048:inst5|26 ; 0.000        ; 0.036      ; 0.771      ;
; 0.654  ; CTR_INCDEC:inst|div_2048:inst6|7  ; CTR_INCDEC:inst|div_2048:inst6|11 ; CTR_INCDEC:inst|div_2048:inst5|26 ; CTR_INCDEC:inst|div_2048:inst5|26 ; 0.000        ; 0.036      ; 0.774      ;
; 0.655  ; CTR_INCDEC:inst|div_2048:inst6|6  ; CTR_INCDEC:inst|div_2048:inst6|22 ; CTR_INCDEC:inst|div_2048:inst5|26 ; CTR_INCDEC:inst|div_2048:inst5|26 ; 0.000        ; 0.036      ; 0.775      ;
; 0.655  ; CTR_INCDEC:inst|div_2048:inst6|6  ; CTR_INCDEC:inst|div_2048:inst6|12 ; CTR_INCDEC:inst|div_2048:inst5|26 ; CTR_INCDEC:inst|div_2048:inst5|26 ; 0.000        ; 0.036      ; 0.775      ;
; 0.658  ; CTR_INCDEC:inst|div_2048:inst6|6  ; CTR_INCDEC:inst|div_2048:inst6|11 ; CTR_INCDEC:inst|div_2048:inst5|26 ; CTR_INCDEC:inst|div_2048:inst5|26 ; 0.000        ; 0.036      ; 0.778      ;
; 0.681  ; CTR_INCDEC:inst|div_2048:inst6|5  ; CTR_INCDEC:inst|div_2048:inst6|26 ; CTR_INCDEC:inst|div_2048:inst5|26 ; CTR_INCDEC:inst|div_2048:inst5|26 ; 0.000        ; 0.036      ; 0.801      ;
; 0.730  ; CTR_INCDEC:inst|div_2048:inst6|4  ; CTR_INCDEC:inst|div_2048:inst6|26 ; CTR_INCDEC:inst|div_2048:inst5|26 ; CTR_INCDEC:inst|div_2048:inst5|26 ; 0.000        ; 0.036      ; 0.850      ;
; 0.731  ; CTR_INCDEC:inst|div_2048:inst6|11 ; CTR_INCDEC:inst|div_2048:inst6|26 ; CTR_INCDEC:inst|div_2048:inst5|26 ; CTR_INCDEC:inst|div_2048:inst5|26 ; 0.000        ; 0.036      ; 0.851      ;
; 0.774  ; CTR_INCDEC:inst|div_2048:inst6|13 ; CTR_INCDEC:inst|div_2048:inst6|26 ; CTR_INCDEC:inst|div_2048:inst5|26 ; CTR_INCDEC:inst|div_2048:inst5|26 ; 0.000        ; 0.036      ; 0.894      ;
; 0.782  ; CTR_INCDEC:inst|div_2048:inst6|7  ; CTR_INCDEC:inst|div_2048:inst6|26 ; CTR_INCDEC:inst|div_2048:inst5|26 ; CTR_INCDEC:inst|div_2048:inst5|26 ; 0.000        ; 0.036      ; 0.902      ;
; 0.786  ; CTR_INCDEC:inst|div_2048:inst6|6  ; CTR_INCDEC:inst|div_2048:inst6|26 ; CTR_INCDEC:inst|div_2048:inst5|26 ; CTR_INCDEC:inst|div_2048:inst5|26 ; 0.000        ; 0.036      ; 0.906      ;
; 0.827  ; CTR_INCDEC:inst|div_2048:inst6|22 ; CTR_INCDEC:inst|div_2048:inst6|26 ; CTR_INCDEC:inst|div_2048:inst5|26 ; CTR_INCDEC:inst|div_2048:inst5|26 ; 0.000        ; 0.036      ; 0.947      ;
; 0.832  ; CTR_INCDEC:inst|div_2048:inst6|12 ; CTR_INCDEC:inst|div_2048:inst6|26 ; CTR_INCDEC:inst|div_2048:inst5|26 ; CTR_INCDEC:inst|div_2048:inst5|26 ; 0.000        ; 0.036      ; 0.952      ;
+--------+-----------------------------------+-----------------------------------+-----------------------------------+-----------------------------------+--------------+------------+------------+


+---------------------------------------------------------------------------------------------------------------------------------------------------------------------------+
; Fast 1200mV 0C Model Hold: 'clk'                                                                                                                                          ;
+--------+-----------------------------------+-----------------------------------+-----------------------------------+-------------+--------------+------------+------------+
; Slack  ; From Node                         ; To Node                           ; Launch Clock                      ; Latch Clock ; Relationship ; Clock Skew ; Data Delay ;
+--------+-----------------------------------+-----------------------------------+-----------------------------------+-------------+--------------+------------+------------+
; -0.073 ; CTR_INCDEC:inst|div_2048:inst5|26 ; CTR_INCDEC:inst|div_2048:inst5|26 ; CTR_INCDEC:inst|div_2048:inst5|26 ; clk         ; 0.000        ; 1.408      ; 1.554      ;
; 0.188  ; CTR_INCDEC:inst|div_2048:inst5|13 ; CTR_INCDEC:inst|div_2048:inst5|13 ; clk                               ; clk         ; 0.000        ; 0.035      ; 0.307      ;
; 0.188  ; CTR_INCDEC:inst|div_2048:inst5|23 ; CTR_INCDEC:inst|div_2048:inst5|23 ; clk                               ; clk         ; 0.000        ; 0.035      ; 0.307      ;
; 0.188  ; CTR_INCDEC:inst|div_2048:inst5|28 ; CTR_INCDEC:inst|div_2048:inst5|28 ; clk                               ; clk         ; 0.000        ; 0.035      ; 0.307      ;
; 0.188  ; CTR_INCDEC:inst|div_2048:inst5|22 ; CTR_INCDEC:inst|div_2048:inst5|22 ; clk                               ; clk         ; 0.000        ; 0.035      ; 0.307      ;
; 0.188  ; CTR_INCDEC:inst|div_2048:inst5|11 ; CTR_INCDEC:inst|div_2048:inst5|11 ; clk                               ; clk         ; 0.000        ; 0.035      ; 0.307      ;
; 0.188  ; CTR_INCDEC:inst|div_2048:inst5|12 ; CTR_INCDEC:inst|div_2048:inst5|12 ; clk                               ; clk         ; 0.000        ; 0.035      ; 0.307      ;
; 0.188  ; CTR_INCDEC:inst|div_2048:inst5|4  ; CTR_INCDEC:inst|div_2048:inst5|4  ; clk                               ; clk         ; 0.000        ; 0.035      ; 0.307      ;
; 0.188  ; CTR_INCDEC:inst|div_2048:inst5|5  ; CTR_INCDEC:inst|div_2048:inst5|5  ; clk                               ; clk         ; 0.000        ; 0.035      ; 0.307      ;
; 0.188  ; CTR_INCDEC:inst|div_2048:inst5|6  ; CTR_INCDEC:inst|div_2048:inst5|6  ; clk                               ; clk         ; 0.000        ; 0.035      ; 0.307      ;
; 0.195  ; CTR_INCDEC:inst|div_2048:inst5|7  ; CTR_INCDEC:inst|div_2048:inst5|7  ; clk                               ; clk         ; 0.000        ; 0.035      ; 0.314      ;
; 0.275  ; CTR_INCDEC:inst|div_2048:inst5|11 ; CTR_INCDEC:inst|div_2048:inst5|22 ; clk                               ; clk         ; 0.000        ; 0.035      ; 0.394      ;
; 0.279  ; CTR_INCDEC:inst|div_2048:inst5|6  ; CTR_INCDEC:inst|div_2048:inst5|4  ; clk                               ; clk         ; 0.000        ; 0.035      ; 0.398      ;
; 0.283  ; CTR_INCDEC:inst|div_2048:inst5|7  ; CTR_INCDEC:inst|div_2048:inst5|6  ; clk                               ; clk         ; 0.000        ; 0.035      ; 0.402      ;
; 0.284  ; CTR_INCDEC:inst|div_2048:inst5|7  ; CTR_INCDEC:inst|div_2048:inst5|5  ; clk                               ; clk         ; 0.000        ; 0.035      ; 0.403      ;
; 0.301  ; CTR_INCDEC:inst|div_2048:inst5|23 ; CTR_INCDEC:inst|div_2048:inst5|13 ; clk                               ; clk         ; 0.000        ; 0.035      ; 0.420      ;
; 0.306  ; CTR_INCDEC:inst|div_2048:inst5|28 ; CTR_INCDEC:inst|div_2048:inst5|13 ; clk                               ; clk         ; 0.000        ; 0.035      ; 0.425      ;
; 0.308  ; CTR_INCDEC:inst|div_2048:inst5|28 ; CTR_INCDEC:inst|div_2048:inst5|23 ; clk                               ; clk         ; 0.000        ; 0.035      ; 0.427      ;
; 0.379  ; CTR_INCDEC:inst|div_2048:inst5|12 ; CTR_INCDEC:inst|div_2048:inst5|11 ; clk                               ; clk         ; 0.000        ; 0.035      ; 0.498      ;
; 0.381  ; CTR_INCDEC:inst|div_2048:inst5|6  ; CTR_INCDEC:inst|div_2048:inst5|5  ; clk                               ; clk         ; 0.000        ; 0.035      ; 0.500      ;
; 0.382  ; CTR_INCDEC:inst|div_2048:inst5|12 ; CTR_INCDEC:inst|div_2048:inst5|22 ; clk                               ; clk         ; 0.000        ; 0.035      ; 0.501      ;
; 0.383  ; CTR_INCDEC:inst|div_2048:inst5|7  ; CTR_INCDEC:inst|div_2048:inst5|4  ; clk                               ; clk         ; 0.000        ; 0.035      ; 0.502      ;
; 0.472  ; CTR_INCDEC:inst|div_2048:inst5|12 ; CTR_INCDEC:inst|div_2048:inst5|13 ; clk                               ; clk         ; 0.000        ; 0.035      ; 0.591      ;
; 0.473  ; CTR_INCDEC:inst|div_2048:inst5|12 ; CTR_INCDEC:inst|div_2048:inst5|23 ; clk                               ; clk         ; 0.000        ; 0.035      ; 0.592      ;
; 0.473  ; CTR_INCDEC:inst|div_2048:inst5|12 ; CTR_INCDEC:inst|div_2048:inst5|28 ; clk                               ; clk         ; 0.000        ; 0.035      ; 0.592      ;
; 0.473  ; CTR_INCDEC:inst|div_2048:inst5|11 ; CTR_INCDEC:inst|div_2048:inst5|13 ; clk                               ; clk         ; 0.000        ; 0.035      ; 0.592      ;
; 0.474  ; CTR_INCDEC:inst|div_2048:inst5|11 ; CTR_INCDEC:inst|div_2048:inst5|23 ; clk                               ; clk         ; 0.000        ; 0.035      ; 0.593      ;
; 0.474  ; CTR_INCDEC:inst|div_2048:inst5|11 ; CTR_INCDEC:inst|div_2048:inst5|28 ; clk                               ; clk         ; 0.000        ; 0.035      ; 0.593      ;
; 0.495  ; CTR_INCDEC:inst|div_2048:inst5|22 ; CTR_INCDEC:inst|div_2048:inst5|13 ; clk                               ; clk         ; 0.000        ; 0.035      ; 0.614      ;
; 0.496  ; CTR_INCDEC:inst|div_2048:inst5|22 ; CTR_INCDEC:inst|div_2048:inst5|23 ; clk                               ; clk         ; 0.000        ; 0.035      ; 0.615      ;
; 0.496  ; CTR_INCDEC:inst|div_2048:inst5|22 ; CTR_INCDEC:inst|div_2048:inst5|28 ; clk                               ; clk         ; 0.000        ; 0.035      ; 0.615      ;
; 0.503  ; CTR_INCDEC:inst|div_2048:inst5|5  ; CTR_INCDEC:inst|div_2048:inst5|4  ; clk                               ; clk         ; 0.000        ; 0.035      ; 0.622      ;
; 0.533  ; CTR_INCDEC:inst|div_2048:inst5|5  ; CTR_INCDEC:inst|div_2048:inst5|13 ; clk                               ; clk         ; 0.000        ; 0.035      ; 0.652      ;
; 0.534  ; CTR_INCDEC:inst|div_2048:inst5|5  ; CTR_INCDEC:inst|div_2048:inst5|23 ; clk                               ; clk         ; 0.000        ; 0.035      ; 0.653      ;
; 0.534  ; CTR_INCDEC:inst|div_2048:inst5|5  ; CTR_INCDEC:inst|div_2048:inst5|28 ; clk                               ; clk         ; 0.000        ; 0.035      ; 0.653      ;
; 0.549  ; CTR_INCDEC:inst|div_2048:inst5|5  ; CTR_INCDEC:inst|div_2048:inst5|12 ; clk                               ; clk         ; 0.000        ; 0.035      ; 0.668      ;
; 0.550  ; CTR_INCDEC:inst|div_2048:inst5|5  ; CTR_INCDEC:inst|div_2048:inst5|11 ; clk                               ; clk         ; 0.000        ; 0.035      ; 0.669      ;
; 0.552  ; CTR_INCDEC:inst|div_2048:inst5|5  ; CTR_INCDEC:inst|div_2048:inst5|22 ; clk                               ; clk         ; 0.000        ; 0.035      ; 0.671      ;
; 0.593  ; CTR_INCDEC:inst|div_2048:inst5|6  ; CTR_INCDEC:inst|div_2048:inst5|13 ; clk                               ; clk         ; 0.000        ; 0.035      ; 0.712      ;
; 0.594  ; CTR_INCDEC:inst|div_2048:inst5|6  ; CTR_INCDEC:inst|div_2048:inst5|23 ; clk                               ; clk         ; 0.000        ; 0.035      ; 0.713      ;
; 0.594  ; CTR_INCDEC:inst|div_2048:inst5|6  ; CTR_INCDEC:inst|div_2048:inst5|28 ; clk                               ; clk         ; 0.000        ; 0.035      ; 0.713      ;
; 0.605  ; CTR_INCDEC:inst|div_2048:inst5|26 ; CTR_INCDEC:inst|div_2048:inst5|26 ; CTR_INCDEC:inst|div_2048:inst5|26 ; clk         ; -0.500       ; 1.408      ; 1.732      ;
; 0.609  ; CTR_INCDEC:inst|div_2048:inst5|6  ; CTR_INCDEC:inst|div_2048:inst5|12 ; clk                               ; clk         ; 0.000        ; 0.035      ; 0.728      ;
; 0.610  ; CTR_INCDEC:inst|div_2048:inst5|23 ; CTR_INCDEC:inst|div_2048:inst5|26 ; clk                               ; clk         ; 0.000        ; 0.035      ; 0.729      ;
; 0.610  ; CTR_INCDEC:inst|div_2048:inst5|6  ; CTR_INCDEC:inst|div_2048:inst5|11 ; clk                               ; clk         ; 0.000        ; 0.035      ; 0.729      ;
; 0.611  ; CTR_INCDEC:inst|div_2048:inst5|28 ; CTR_INCDEC:inst|div_2048:inst5|26 ; clk                               ; clk         ; 0.000        ; 0.035      ; 0.730      ;
; 0.612  ; CTR_INCDEC:inst|div_2048:inst5|6  ; CTR_INCDEC:inst|div_2048:inst5|22 ; clk                               ; clk         ; 0.000        ; 0.035      ; 0.731      ;
; 0.624  ; CTR_INCDEC:inst|div_2048:inst5|4  ; CTR_INCDEC:inst|div_2048:inst5|13 ; clk                               ; clk         ; 0.000        ; 0.035      ; 0.743      ;
; 0.625  ; CTR_INCDEC:inst|div_2048:inst5|4  ; CTR_INCDEC:inst|div_2048:inst5|23 ; clk                               ; clk         ; 0.000        ; 0.035      ; 0.744      ;
; 0.625  ; CTR_INCDEC:inst|div_2048:inst5|4  ; CTR_INCDEC:inst|div_2048:inst5|28 ; clk                               ; clk         ; 0.000        ; 0.035      ; 0.744      ;
; 0.635  ; CTR_INCDEC:inst|div_2048:inst5|7  ; CTR_INCDEC:inst|div_2048:inst5|13 ; clk                               ; clk         ; 0.000        ; 0.035      ; 0.754      ;
; 0.636  ; CTR_INCDEC:inst|div_2048:inst5|7  ; CTR_INCDEC:inst|div_2048:inst5|23 ; clk                               ; clk         ; 0.000        ; 0.035      ; 0.755      ;
; 0.636  ; CTR_INCDEC:inst|div_2048:inst5|7  ; CTR_INCDEC:inst|div_2048:inst5|28 ; clk                               ; clk         ; 0.000        ; 0.035      ; 0.755      ;
; 0.640  ; CTR_INCDEC:inst|div_2048:inst5|4  ; CTR_INCDEC:inst|div_2048:inst5|12 ; clk                               ; clk         ; 0.000        ; 0.035      ; 0.759      ;
; 0.641  ; CTR_INCDEC:inst|div_2048:inst5|4  ; CTR_INCDEC:inst|div_2048:inst5|11 ; clk                               ; clk         ; 0.000        ; 0.035      ; 0.760      ;
; 0.643  ; CTR_INCDEC:inst|div_2048:inst5|4  ; CTR_INCDEC:inst|div_2048:inst5|22 ; clk                               ; clk         ; 0.000        ; 0.035      ; 0.762      ;
; 0.651  ; CTR_INCDEC:inst|div_2048:inst5|7  ; CTR_INCDEC:inst|div_2048:inst5|12 ; clk                               ; clk         ; 0.000        ; 0.035      ; 0.770      ;
; 0.652  ; CTR_INCDEC:inst|div_2048:inst5|7  ; CTR_INCDEC:inst|div_2048:inst5|11 ; clk                               ; clk         ; 0.000        ; 0.035      ; 0.771      ;
; 0.654  ; CTR_INCDEC:inst|div_2048:inst5|7  ; CTR_INCDEC:inst|div_2048:inst5|22 ; clk                               ; clk         ; 0.000        ; 0.035      ; 0.773      ;
; 0.680  ; CTR_INCDEC:inst|div_2048:inst5|5  ; CTR_INCDEC:inst|div_2048:inst5|26 ; clk                               ; clk         ; 0.000        ; 0.035      ; 0.799      ;
; 0.727  ; CTR_INCDEC:inst|div_2048:inst5|11 ; CTR_INCDEC:inst|div_2048:inst5|26 ; clk                               ; clk         ; 0.000        ; 0.035      ; 0.846      ;
; 0.740  ; CTR_INCDEC:inst|div_2048:inst5|6  ; CTR_INCDEC:inst|div_2048:inst5|26 ; clk                               ; clk         ; 0.000        ; 0.035      ; 0.859      ;
; 0.771  ; CTR_INCDEC:inst|div_2048:inst5|4  ; CTR_INCDEC:inst|div_2048:inst5|26 ; clk                               ; clk         ; 0.000        ; 0.035      ; 0.890      ;
; 0.782  ; CTR_INCDEC:inst|div_2048:inst5|7  ; CTR_INCDEC:inst|div_2048:inst5|26 ; clk                               ; clk         ; 0.000        ; 0.035      ; 0.901      ;
; 0.787  ; CTR_INCDEC:inst|div_2048:inst5|12 ; CTR_INCDEC:inst|div_2048:inst5|26 ; clk                               ; clk         ; 0.000        ; 0.035      ; 0.906      ;
; 0.813  ; CTR_INCDEC:inst|div_2048:inst5|13 ; CTR_INCDEC:inst|div_2048:inst5|26 ; clk                               ; clk         ; 0.000        ; 0.035      ; 0.932      ;
; 0.829  ; CTR_INCDEC:inst|div_2048:inst5|22 ; CTR_INCDEC:inst|div_2048:inst5|26 ; clk                               ; clk         ; 0.000        ; 0.035      ; 0.948      ;
+--------+-----------------------------------+-----------------------------------+-----------------------------------+-------------+--------------+------------+------------+


+------------------------------------------------------------------------------------------------------------------------------------------------------------------------------------------------------------+
; Fast 1200mV 0C Model Hold: 'CTR_INCDEC:inst|div_2048:inst6|26'                                                                                                                                             ;
+-------+-----------------------------------------+-----------------------------------------+-----------------------------------+-----------------------------------+--------------+------------+------------+
; Slack ; From Node                               ; To Node                                 ; Launch Clock                      ; Latch Clock                       ; Relationship ; Clock Skew ; Data Delay ;
+-------+-----------------------------------------+-----------------------------------------+-----------------------------------+-----------------------------------+--------------+------------+------------+
; 0.138 ; CTR_INCDEC:inst|CONTADOR_6:inst4|inst23 ; CTR_INCDEC:inst|CONTADOR_6:inst4|inst22 ; CTR_INCDEC:inst|div_2048:inst6|26 ; CTR_INCDEC:inst|div_2048:inst6|26 ; 0.000        ; 0.232      ; 0.454      ;
; 0.179 ; CTR_INCDEC:inst|CONTADOR_6:inst4|inst22 ; CTR_INCDEC:inst|CONTADOR_6:inst4|inst22 ; CTR_INCDEC:inst|div_2048:inst6|26 ; CTR_INCDEC:inst|div_2048:inst6|26 ; 0.000        ; 0.044      ; 0.307      ;
; 0.187 ; CTR_INCDEC:inst|CONTADOR_6:inst4|inst21 ; CTR_INCDEC:inst|CONTADOR_6:inst4|inst21 ; CTR_INCDEC:inst|div_2048:inst6|26 ; CTR_INCDEC:inst|div_2048:inst6|26 ; 0.000        ; 0.036      ; 0.307      ;
; 0.187 ; CTR_INCDEC:inst|CONTADOR_6:inst4|inst23 ; CTR_INCDEC:inst|CONTADOR_6:inst4|inst23 ; CTR_INCDEC:inst|div_2048:inst6|26 ; CTR_INCDEC:inst|div_2048:inst6|26 ; 0.000        ; 0.036      ; 0.307      ;
; 0.187 ; CTR_INCDEC:inst|CTRL_Cont6:inst3|inst   ; CTR_INCDEC:inst|CTRL_Cont6:inst3|inst   ; CTR_INCDEC:inst|div_2048:inst6|26 ; CTR_INCDEC:inst|div_2048:inst6|26 ; 0.000        ; 0.036      ; 0.307      ;
; 0.187 ; CTR_INCDEC:inst|CTRL_Cont6:inst3|inst1  ; CTR_INCDEC:inst|CTRL_Cont6:inst3|inst1  ; CTR_INCDEC:inst|div_2048:inst6|26 ; CTR_INCDEC:inst|div_2048:inst6|26 ; 0.000        ; 0.036      ; 0.307      ;
; 0.187 ; CTR_INCDEC:inst|CTRL_Cont6:inst2|inst1  ; CTR_INCDEC:inst|CTRL_Cont6:inst2|inst1  ; CTR_INCDEC:inst|div_2048:inst6|26 ; CTR_INCDEC:inst|div_2048:inst6|26 ; 0.000        ; 0.036      ; 0.307      ;
; 0.187 ; CTR_INCDEC:inst|CTRL_Cont6:inst2|inst   ; CTR_INCDEC:inst|CTRL_Cont6:inst2|inst   ; CTR_INCDEC:inst|div_2048:inst6|26 ; CTR_INCDEC:inst|div_2048:inst6|26 ; 0.000        ; 0.036      ; 0.307      ;
; 0.191 ; CTR_INCDEC:inst|CONTADOR_6:inst4|inst21 ; CTR_INCDEC:inst|CONTADOR_6:inst4|inst22 ; CTR_INCDEC:inst|div_2048:inst6|26 ; CTR_INCDEC:inst|div_2048:inst6|26 ; 0.000        ; 0.232      ; 0.507      ;
; 0.194 ; CTR_INCDEC:inst|CTRL_Cont6:inst3|inst2  ; CTR_INCDEC:inst|CTRL_Cont6:inst3|inst2  ; CTR_INCDEC:inst|div_2048:inst6|26 ; CTR_INCDEC:inst|div_2048:inst6|26 ; 0.000        ; 0.036      ; 0.314      ;
; 0.194 ; CTR_INCDEC:inst|CTRL_Cont6:inst2|inst2  ; CTR_INCDEC:inst|CTRL_Cont6:inst2|inst2  ; CTR_INCDEC:inst|div_2048:inst6|26 ; CTR_INCDEC:inst|div_2048:inst6|26 ; 0.000        ; 0.036      ; 0.314      ;
; 0.215 ; CTR_INCDEC:inst|CTRL_Cont6:inst3|inst   ; CTR_INCDEC:inst|CTRL_Cont6:inst3|inst2  ; CTR_INCDEC:inst|div_2048:inst6|26 ; CTR_INCDEC:inst|div_2048:inst6|26 ; 0.000        ; 0.036      ; 0.335      ;
; 0.277 ; CTR_INCDEC:inst|CTRL_Cont6:inst3|inst2  ; CTR_INCDEC:inst|CTRL_Cont6:inst3|inst   ; CTR_INCDEC:inst|div_2048:inst6|26 ; CTR_INCDEC:inst|div_2048:inst6|26 ; 0.000        ; 0.036      ; 0.397      ;
; 0.277 ; CTR_INCDEC:inst|CTRL_Cont6:inst3|inst2  ; CTR_INCDEC:inst|CTRL_Cont6:inst3|inst1  ; CTR_INCDEC:inst|div_2048:inst6|26 ; CTR_INCDEC:inst|div_2048:inst6|26 ; 0.000        ; 0.036      ; 0.397      ;
; 0.310 ; CTR_INCDEC:inst|CTRL_Cont6:inst3|inst1  ; CTR_INCDEC:inst|CTRL_Cont6:inst3|inst   ; CTR_INCDEC:inst|div_2048:inst6|26 ; CTR_INCDEC:inst|div_2048:inst6|26 ; 0.000        ; 0.036      ; 0.430      ;
; 0.319 ; CTR_INCDEC:inst|CTRL_Cont6:inst3|inst1  ; CTR_INCDEC:inst|CTRL_Cont6:inst3|inst2  ; CTR_INCDEC:inst|div_2048:inst6|26 ; CTR_INCDEC:inst|div_2048:inst6|26 ; 0.000        ; 0.036      ; 0.439      ;
; 0.322 ; CTR_INCDEC:inst|CTRL_Cont6:inst2|inst   ; CTR_INCDEC:inst|CONTADOR_6:inst4|inst22 ; CTR_INCDEC:inst|div_2048:inst6|26 ; CTR_INCDEC:inst|div_2048:inst6|26 ; 0.000        ; 0.232      ; 0.638      ;
; 0.341 ; CTR_INCDEC:inst|CONTADOR_6:inst4|inst23 ; CTR_INCDEC:inst|CONTADOR_6:inst4|inst21 ; CTR_INCDEC:inst|div_2048:inst6|26 ; CTR_INCDEC:inst|div_2048:inst6|26 ; 0.000        ; 0.036      ; 0.461      ;
; 0.366 ; CTR_INCDEC:inst|CTRL_Cont6:inst2|inst   ; CTR_INCDEC:inst|CONTADOR_6:inst4|inst23 ; CTR_INCDEC:inst|div_2048:inst6|26 ; CTR_INCDEC:inst|div_2048:inst6|26 ; 0.000        ; 0.036      ; 0.486      ;
; 0.381 ; CTR_INCDEC:inst|CTRL_Cont6:inst2|inst1  ; CTR_INCDEC:inst|CONTADOR_6:inst4|inst22 ; CTR_INCDEC:inst|div_2048:inst6|26 ; CTR_INCDEC:inst|div_2048:inst6|26 ; 0.000        ; 0.232      ; 0.697      ;
; 0.406 ; CTR_INCDEC:inst|CTRL_Cont6:inst2|inst1  ; CTR_INCDEC:inst|CTRL_Cont6:inst2|inst   ; CTR_INCDEC:inst|div_2048:inst6|26 ; CTR_INCDEC:inst|div_2048:inst6|26 ; 0.000        ; 0.036      ; 0.526      ;
; 0.407 ; CTR_INCDEC:inst|CTRL_Cont6:inst3|inst   ; CTR_INCDEC:inst|CTRL_Cont6:inst3|inst1  ; CTR_INCDEC:inst|div_2048:inst6|26 ; CTR_INCDEC:inst|div_2048:inst6|26 ; 0.000        ; 0.036      ; 0.527      ;
; 0.411 ; CTR_INCDEC:inst|CTRL_Cont6:inst2|inst   ; CTR_INCDEC:inst|CTRL_Cont6:inst2|inst1  ; CTR_INCDEC:inst|div_2048:inst6|26 ; CTR_INCDEC:inst|div_2048:inst6|26 ; 0.000        ; 0.036      ; 0.531      ;
; 0.425 ; CTR_INCDEC:inst|CTRL_Cont6:inst2|inst1  ; CTR_INCDEC:inst|CONTADOR_6:inst4|inst23 ; CTR_INCDEC:inst|div_2048:inst6|26 ; CTR_INCDEC:inst|div_2048:inst6|26 ; 0.000        ; 0.036      ; 0.545      ;
; 0.429 ; CTR_INCDEC:inst|CTRL_Cont6:inst2|inst1  ; CTR_INCDEC:inst|CTRL_Cont6:inst2|inst2  ; CTR_INCDEC:inst|div_2048:inst6|26 ; CTR_INCDEC:inst|div_2048:inst6|26 ; 0.000        ; 0.036      ; 0.549      ;
; 0.431 ; CTR_INCDEC:inst|CTRL_Cont6:inst2|inst   ; CTR_INCDEC:inst|CTRL_Cont6:inst2|inst2  ; CTR_INCDEC:inst|div_2048:inst6|26 ; CTR_INCDEC:inst|div_2048:inst6|26 ; 0.000        ; 0.036      ; 0.551      ;
; 0.460 ; CTR_INCDEC:inst|CTRL_Cont6:inst3|inst   ; CTR_INCDEC:inst|CONTADOR_6:inst4|inst22 ; CTR_INCDEC:inst|div_2048:inst6|26 ; CTR_INCDEC:inst|div_2048:inst6|26 ; 0.000        ; 0.232      ; 0.776      ;
; 0.465 ; CTR_INCDEC:inst|CTRL_Cont6:inst2|inst   ; CTR_INCDEC:inst|CONTADOR_6:inst4|inst21 ; CTR_INCDEC:inst|div_2048:inst6|26 ; CTR_INCDEC:inst|div_2048:inst6|26 ; 0.000        ; 0.036      ; 0.585      ;
; 0.505 ; CTR_INCDEC:inst|CTRL_Cont6:inst2|inst2  ; CTR_INCDEC:inst|CONTADOR_6:inst4|inst22 ; CTR_INCDEC:inst|div_2048:inst6|26 ; CTR_INCDEC:inst|div_2048:inst6|26 ; 0.000        ; 0.232      ; 0.821      ;
; 0.511 ; CTR_INCDEC:inst|CTRL_Cont6:inst3|inst   ; CTR_INCDEC:inst|CONTADOR_6:inst4|inst23 ; CTR_INCDEC:inst|div_2048:inst6|26 ; CTR_INCDEC:inst|div_2048:inst6|26 ; 0.000        ; 0.036      ; 0.631      ;
; 0.512 ; CTR_INCDEC:inst|CTRL_Cont6:inst3|inst1  ; CTR_INCDEC:inst|CONTADOR_6:inst4|inst22 ; CTR_INCDEC:inst|div_2048:inst6|26 ; CTR_INCDEC:inst|div_2048:inst6|26 ; 0.000        ; 0.232      ; 0.828      ;
; 0.519 ; CTR_INCDEC:inst|CTRL_Cont6:inst2|inst2  ; CTR_INCDEC:inst|CTRL_Cont6:inst2|inst   ; CTR_INCDEC:inst|div_2048:inst6|26 ; CTR_INCDEC:inst|div_2048:inst6|26 ; 0.000        ; 0.036      ; 0.639      ;
; 0.524 ; CTR_INCDEC:inst|CTRL_Cont6:inst2|inst1  ; CTR_INCDEC:inst|CONTADOR_6:inst4|inst21 ; CTR_INCDEC:inst|div_2048:inst6|26 ; CTR_INCDEC:inst|div_2048:inst6|26 ; 0.000        ; 0.036      ; 0.644      ;
; 0.537 ; CTR_INCDEC:inst|CTRL_Cont6:inst2|inst2  ; CTR_INCDEC:inst|CONTADOR_6:inst4|inst23 ; CTR_INCDEC:inst|div_2048:inst6|26 ; CTR_INCDEC:inst|div_2048:inst6|26 ; 0.000        ; 0.036      ; 0.657      ;
; 0.537 ; CTR_INCDEC:inst|CTRL_Cont6:inst3|inst   ; CTR_INCDEC:inst|CONTADOR_6:inst4|inst21 ; CTR_INCDEC:inst|div_2048:inst6|26 ; CTR_INCDEC:inst|div_2048:inst6|26 ; 0.000        ; 0.036      ; 0.657      ;
; 0.539 ; CTR_INCDEC:inst|CTRL_Cont6:inst2|inst2  ; CTR_INCDEC:inst|CTRL_Cont6:inst2|inst1  ; CTR_INCDEC:inst|div_2048:inst6|26 ; CTR_INCDEC:inst|div_2048:inst6|26 ; 0.000        ; 0.036      ; 0.659      ;
; 0.563 ; CTR_INCDEC:inst|CTRL_Cont6:inst3|inst1  ; CTR_INCDEC:inst|CONTADOR_6:inst4|inst23 ; CTR_INCDEC:inst|div_2048:inst6|26 ; CTR_INCDEC:inst|div_2048:inst6|26 ; 0.000        ; 0.036      ; 0.683      ;
; 0.589 ; CTR_INCDEC:inst|CTRL_Cont6:inst3|inst1  ; CTR_INCDEC:inst|CONTADOR_6:inst4|inst21 ; CTR_INCDEC:inst|div_2048:inst6|26 ; CTR_INCDEC:inst|div_2048:inst6|26 ; 0.000        ; 0.036      ; 0.709      ;
; 0.634 ; CTR_INCDEC:inst|CTRL_Cont6:inst3|inst2  ; CTR_INCDEC:inst|CONTADOR_6:inst4|inst22 ; CTR_INCDEC:inst|div_2048:inst6|26 ; CTR_INCDEC:inst|div_2048:inst6|26 ; 0.000        ; 0.232      ; 0.950      ;
; 0.660 ; CTR_INCDEC:inst|CTRL_Cont6:inst2|inst2  ; CTR_INCDEC:inst|CONTADOR_6:inst4|inst21 ; CTR_INCDEC:inst|div_2048:inst6|26 ; CTR_INCDEC:inst|div_2048:inst6|26 ; 0.000        ; 0.036      ; 0.780      ;
; 0.660 ; CTR_INCDEC:inst|CONTADOR_6:inst4|inst22 ; CTR_INCDEC:inst|CONTADOR_6:inst4|inst21 ; CTR_INCDEC:inst|div_2048:inst6|26 ; CTR_INCDEC:inst|div_2048:inst6|26 ; 0.000        ; -0.152     ; 0.592      ;
; 0.671 ; CTR_INCDEC:inst|CTRL_Cont6:inst3|inst2  ; CTR_INCDEC:inst|CONTADOR_6:inst4|inst23 ; CTR_INCDEC:inst|div_2048:inst6|26 ; CTR_INCDEC:inst|div_2048:inst6|26 ; 0.000        ; 0.036      ; 0.791      ;
; 0.690 ; CTR_INCDEC:inst|CTRL_Cont6:inst3|inst2  ; CTR_INCDEC:inst|CONTADOR_6:inst4|inst21 ; CTR_INCDEC:inst|div_2048:inst6|26 ; CTR_INCDEC:inst|div_2048:inst6|26 ; 0.000        ; 0.036      ; 0.810      ;
+-------+-----------------------------------------+-----------------------------------------+-----------------------------------+-----------------------------------+--------------+------------+------------+


+--------------------------------------------------------------------------------------------------------------------+
; Fast 1200mV 0C Model Minimum Pulse Width: 'clk'                                                                    ;
+--------+--------------+----------------+------------------+-------+------------+-----------------------------------+
; Slack  ; Actual Width ; Required Width ; Type             ; Clock ; Clock Edge ; Target                            ;
+--------+--------------+----------------+------------------+-------+------------+-----------------------------------+
; -3.000 ; 1.000        ; 4.000          ; Port Rate        ; clk   ; Rise       ; clk                               ;
; -1.000 ; 1.000        ; 2.000          ; Min Period       ; clk   ; Rise       ; CTR_INCDEC:inst|div_2048:inst5|11 ;
; -1.000 ; 1.000        ; 2.000          ; Min Period       ; clk   ; Rise       ; CTR_INCDEC:inst|div_2048:inst5|12 ;
; -1.000 ; 1.000        ; 2.000          ; Min Period       ; clk   ; Rise       ; CTR_INCDEC:inst|div_2048:inst5|13 ;
; -1.000 ; 1.000        ; 2.000          ; Min Period       ; clk   ; Rise       ; CTR_INCDEC:inst|div_2048:inst5|22 ;
; -1.000 ; 1.000        ; 2.000          ; Min Period       ; clk   ; Rise       ; CTR_INCDEC:inst|div_2048:inst5|23 ;
; -1.000 ; 1.000        ; 2.000          ; Min Period       ; clk   ; Rise       ; CTR_INCDEC:inst|div_2048:inst5|26 ;
; -1.000 ; 1.000        ; 2.000          ; Min Period       ; clk   ; Rise       ; CTR_INCDEC:inst|div_2048:inst5|28 ;
; -1.000 ; 1.000        ; 2.000          ; Min Period       ; clk   ; Rise       ; CTR_INCDEC:inst|div_2048:inst5|4  ;
; -1.000 ; 1.000        ; 2.000          ; Min Period       ; clk   ; Rise       ; CTR_INCDEC:inst|div_2048:inst5|5  ;
; -1.000 ; 1.000        ; 2.000          ; Min Period       ; clk   ; Rise       ; CTR_INCDEC:inst|div_2048:inst5|6  ;
; -1.000 ; 1.000        ; 2.000          ; Min Period       ; clk   ; Rise       ; CTR_INCDEC:inst|div_2048:inst5|7  ;
; -0.056 ; 0.128        ; 0.184          ; Low Pulse Width  ; clk   ; Rise       ; CTR_INCDEC:inst|div_2048:inst5|11 ;
; -0.056 ; 0.128        ; 0.184          ; Low Pulse Width  ; clk   ; Rise       ; CTR_INCDEC:inst|div_2048:inst5|12 ;
; -0.056 ; 0.128        ; 0.184          ; Low Pulse Width  ; clk   ; Rise       ; CTR_INCDEC:inst|div_2048:inst5|13 ;
; -0.056 ; 0.128        ; 0.184          ; Low Pulse Width  ; clk   ; Rise       ; CTR_INCDEC:inst|div_2048:inst5|22 ;
; -0.056 ; 0.128        ; 0.184          ; Low Pulse Width  ; clk   ; Rise       ; CTR_INCDEC:inst|div_2048:inst5|23 ;
; -0.056 ; 0.128        ; 0.184          ; Low Pulse Width  ; clk   ; Rise       ; CTR_INCDEC:inst|div_2048:inst5|26 ;
; -0.056 ; 0.128        ; 0.184          ; Low Pulse Width  ; clk   ; Rise       ; CTR_INCDEC:inst|div_2048:inst5|28 ;
; -0.056 ; 0.128        ; 0.184          ; Low Pulse Width  ; clk   ; Rise       ; CTR_INCDEC:inst|div_2048:inst5|4  ;
; -0.056 ; 0.128        ; 0.184          ; Low Pulse Width  ; clk   ; Rise       ; CTR_INCDEC:inst|div_2048:inst5|5  ;
; -0.056 ; 0.128        ; 0.184          ; Low Pulse Width  ; clk   ; Rise       ; CTR_INCDEC:inst|div_2048:inst5|6  ;
; -0.056 ; 0.128        ; 0.184          ; Low Pulse Width  ; clk   ; Rise       ; CTR_INCDEC:inst|div_2048:inst5|7  ;
; 0.118  ; 0.118        ; 0.000          ; Low Pulse Width  ; clk   ; Rise       ; clk~input|o                       ;
; 0.124  ; 0.124        ; 0.000          ; Low Pulse Width  ; clk   ; Rise       ; inst|inst5|11|clk                 ;
; 0.124  ; 0.124        ; 0.000          ; Low Pulse Width  ; clk   ; Rise       ; inst|inst5|12|clk                 ;
; 0.124  ; 0.124        ; 0.000          ; Low Pulse Width  ; clk   ; Rise       ; inst|inst5|13|clk                 ;
; 0.124  ; 0.124        ; 0.000          ; Low Pulse Width  ; clk   ; Rise       ; inst|inst5|22|clk                 ;
; 0.124  ; 0.124        ; 0.000          ; Low Pulse Width  ; clk   ; Rise       ; inst|inst5|23|clk                 ;
; 0.124  ; 0.124        ; 0.000          ; Low Pulse Width  ; clk   ; Rise       ; inst|inst5|26|clk                 ;
; 0.124  ; 0.124        ; 0.000          ; Low Pulse Width  ; clk   ; Rise       ; inst|inst5|28|clk                 ;
; 0.124  ; 0.124        ; 0.000          ; Low Pulse Width  ; clk   ; Rise       ; inst|inst5|4|clk                  ;
; 0.124  ; 0.124        ; 0.000          ; Low Pulse Width  ; clk   ; Rise       ; inst|inst5|5|clk                  ;
; 0.124  ; 0.124        ; 0.000          ; Low Pulse Width  ; clk   ; Rise       ; inst|inst5|6|clk                  ;
; 0.124  ; 0.124        ; 0.000          ; Low Pulse Width  ; clk   ; Rise       ; inst|inst5|7|clk                  ;
; 0.132  ; 0.132        ; 0.000          ; Low Pulse Width  ; clk   ; Rise       ; clk~inputclkctrl|inclk[0]         ;
; 0.132  ; 0.132        ; 0.000          ; Low Pulse Width  ; clk   ; Rise       ; clk~inputclkctrl|outclk           ;
; 0.500  ; 0.500        ; 0.000          ; High Pulse Width ; clk   ; Rise       ; clk~input|i                       ;
; 0.500  ; 0.500        ; 0.000          ; Low Pulse Width  ; clk   ; Rise       ; clk~input|i                       ;
; 0.654  ; 0.870        ; 0.216          ; High Pulse Width ; clk   ; Rise       ; CTR_INCDEC:inst|div_2048:inst5|11 ;
; 0.654  ; 0.870        ; 0.216          ; High Pulse Width ; clk   ; Rise       ; CTR_INCDEC:inst|div_2048:inst5|12 ;
; 0.654  ; 0.870        ; 0.216          ; High Pulse Width ; clk   ; Rise       ; CTR_INCDEC:inst|div_2048:inst5|13 ;
; 0.654  ; 0.870        ; 0.216          ; High Pulse Width ; clk   ; Rise       ; CTR_INCDEC:inst|div_2048:inst5|22 ;
; 0.654  ; 0.870        ; 0.216          ; High Pulse Width ; clk   ; Rise       ; CTR_INCDEC:inst|div_2048:inst5|23 ;
; 0.654  ; 0.870        ; 0.216          ; High Pulse Width ; clk   ; Rise       ; CTR_INCDEC:inst|div_2048:inst5|26 ;
; 0.654  ; 0.870        ; 0.216          ; High Pulse Width ; clk   ; Rise       ; CTR_INCDEC:inst|div_2048:inst5|28 ;
; 0.654  ; 0.870        ; 0.216          ; High Pulse Width ; clk   ; Rise       ; CTR_INCDEC:inst|div_2048:inst5|4  ;
; 0.654  ; 0.870        ; 0.216          ; High Pulse Width ; clk   ; Rise       ; CTR_INCDEC:inst|div_2048:inst5|5  ;
; 0.654  ; 0.870        ; 0.216          ; High Pulse Width ; clk   ; Rise       ; CTR_INCDEC:inst|div_2048:inst5|6  ;
; 0.654  ; 0.870        ; 0.216          ; High Pulse Width ; clk   ; Rise       ; CTR_INCDEC:inst|div_2048:inst5|7  ;
; 0.867  ; 0.867        ; 0.000          ; High Pulse Width ; clk   ; Rise       ; clk~inputclkctrl|inclk[0]         ;
; 0.867  ; 0.867        ; 0.000          ; High Pulse Width ; clk   ; Rise       ; clk~inputclkctrl|outclk           ;
; 0.876  ; 0.876        ; 0.000          ; High Pulse Width ; clk   ; Rise       ; inst|inst5|11|clk                 ;
; 0.876  ; 0.876        ; 0.000          ; High Pulse Width ; clk   ; Rise       ; inst|inst5|12|clk                 ;
; 0.876  ; 0.876        ; 0.000          ; High Pulse Width ; clk   ; Rise       ; inst|inst5|13|clk                 ;
; 0.876  ; 0.876        ; 0.000          ; High Pulse Width ; clk   ; Rise       ; inst|inst5|22|clk                 ;
; 0.876  ; 0.876        ; 0.000          ; High Pulse Width ; clk   ; Rise       ; inst|inst5|23|clk                 ;
; 0.876  ; 0.876        ; 0.000          ; High Pulse Width ; clk   ; Rise       ; inst|inst5|26|clk                 ;
; 0.876  ; 0.876        ; 0.000          ; High Pulse Width ; clk   ; Rise       ; inst|inst5|28|clk                 ;
; 0.876  ; 0.876        ; 0.000          ; High Pulse Width ; clk   ; Rise       ; inst|inst5|4|clk                  ;
; 0.876  ; 0.876        ; 0.000          ; High Pulse Width ; clk   ; Rise       ; inst|inst5|5|clk                  ;
; 0.876  ; 0.876        ; 0.000          ; High Pulse Width ; clk   ; Rise       ; inst|inst5|6|clk                  ;
; 0.876  ; 0.876        ; 0.000          ; High Pulse Width ; clk   ; Rise       ; inst|inst5|7|clk                  ;
; 0.882  ; 0.882        ; 0.000          ; High Pulse Width ; clk   ; Rise       ; clk~input|o                       ;
+--------+--------------+----------------+------------------+-------+------------+-----------------------------------+


+------------------------------------------------------------------------------------------------------------------------------------------------+
; Fast 1200mV 0C Model Minimum Pulse Width: 'CTR_INCDEC:inst|div_2048:inst5|26'                                                                  ;
+--------+--------------+----------------+------------------+-----------------------------------+------------+-----------------------------------+
; Slack  ; Actual Width ; Required Width ; Type             ; Clock                             ; Clock Edge ; Target                            ;
+--------+--------------+----------------+------------------+-----------------------------------+------------+-----------------------------------+
; -1.000 ; 1.000        ; 2.000          ; Min Period       ; CTR_INCDEC:inst|div_2048:inst5|26 ; Rise       ; CTR_INCDEC:inst|div_2048:inst6|11 ;
; -1.000 ; 1.000        ; 2.000          ; Min Period       ; CTR_INCDEC:inst|div_2048:inst5|26 ; Rise       ; CTR_INCDEC:inst|div_2048:inst6|12 ;
; -1.000 ; 1.000        ; 2.000          ; Min Period       ; CTR_INCDEC:inst|div_2048:inst5|26 ; Rise       ; CTR_INCDEC:inst|div_2048:inst6|13 ;
; -1.000 ; 1.000        ; 2.000          ; Min Period       ; CTR_INCDEC:inst|div_2048:inst5|26 ; Rise       ; CTR_INCDEC:inst|div_2048:inst6|22 ;
; -1.000 ; 1.000        ; 2.000          ; Min Period       ; CTR_INCDEC:inst|div_2048:inst5|26 ; Rise       ; CTR_INCDEC:inst|div_2048:inst6|23 ;
; -1.000 ; 1.000        ; 2.000          ; Min Period       ; CTR_INCDEC:inst|div_2048:inst5|26 ; Rise       ; CTR_INCDEC:inst|div_2048:inst6|26 ;
; -1.000 ; 1.000        ; 2.000          ; Min Period       ; CTR_INCDEC:inst|div_2048:inst5|26 ; Rise       ; CTR_INCDEC:inst|div_2048:inst6|28 ;
; -1.000 ; 1.000        ; 2.000          ; Min Period       ; CTR_INCDEC:inst|div_2048:inst5|26 ; Rise       ; CTR_INCDEC:inst|div_2048:inst6|4  ;
; -1.000 ; 1.000        ; 2.000          ; Min Period       ; CTR_INCDEC:inst|div_2048:inst5|26 ; Rise       ; CTR_INCDEC:inst|div_2048:inst6|5  ;
; -1.000 ; 1.000        ; 2.000          ; Min Period       ; CTR_INCDEC:inst|div_2048:inst5|26 ; Rise       ; CTR_INCDEC:inst|div_2048:inst6|6  ;
; -1.000 ; 1.000        ; 2.000          ; Min Period       ; CTR_INCDEC:inst|div_2048:inst5|26 ; Rise       ; CTR_INCDEC:inst|div_2048:inst6|7  ;
; 0.278  ; 0.462        ; 0.184          ; Low Pulse Width  ; CTR_INCDEC:inst|div_2048:inst5|26 ; Rise       ; CTR_INCDEC:inst|div_2048:inst6|11 ;
; 0.278  ; 0.462        ; 0.184          ; Low Pulse Width  ; CTR_INCDEC:inst|div_2048:inst5|26 ; Rise       ; CTR_INCDEC:inst|div_2048:inst6|12 ;
; 0.278  ; 0.462        ; 0.184          ; Low Pulse Width  ; CTR_INCDEC:inst|div_2048:inst5|26 ; Rise       ; CTR_INCDEC:inst|div_2048:inst6|13 ;
; 0.278  ; 0.462        ; 0.184          ; Low Pulse Width  ; CTR_INCDEC:inst|div_2048:inst5|26 ; Rise       ; CTR_INCDEC:inst|div_2048:inst6|22 ;
; 0.278  ; 0.462        ; 0.184          ; Low Pulse Width  ; CTR_INCDEC:inst|div_2048:inst5|26 ; Rise       ; CTR_INCDEC:inst|div_2048:inst6|23 ;
; 0.278  ; 0.462        ; 0.184          ; Low Pulse Width  ; CTR_INCDEC:inst|div_2048:inst5|26 ; Rise       ; CTR_INCDEC:inst|div_2048:inst6|26 ;
; 0.278  ; 0.462        ; 0.184          ; Low Pulse Width  ; CTR_INCDEC:inst|div_2048:inst5|26 ; Rise       ; CTR_INCDEC:inst|div_2048:inst6|28 ;
; 0.278  ; 0.462        ; 0.184          ; Low Pulse Width  ; CTR_INCDEC:inst|div_2048:inst5|26 ; Rise       ; CTR_INCDEC:inst|div_2048:inst6|4  ;
; 0.278  ; 0.462        ; 0.184          ; Low Pulse Width  ; CTR_INCDEC:inst|div_2048:inst5|26 ; Rise       ; CTR_INCDEC:inst|div_2048:inst6|5  ;
; 0.278  ; 0.462        ; 0.184          ; Low Pulse Width  ; CTR_INCDEC:inst|div_2048:inst5|26 ; Rise       ; CTR_INCDEC:inst|div_2048:inst6|6  ;
; 0.278  ; 0.462        ; 0.184          ; Low Pulse Width  ; CTR_INCDEC:inst|div_2048:inst5|26 ; Rise       ; CTR_INCDEC:inst|div_2048:inst6|7  ;
; 0.320  ; 0.536        ; 0.216          ; High Pulse Width ; CTR_INCDEC:inst|div_2048:inst5|26 ; Rise       ; CTR_INCDEC:inst|div_2048:inst6|11 ;
; 0.320  ; 0.536        ; 0.216          ; High Pulse Width ; CTR_INCDEC:inst|div_2048:inst5|26 ; Rise       ; CTR_INCDEC:inst|div_2048:inst6|12 ;
; 0.320  ; 0.536        ; 0.216          ; High Pulse Width ; CTR_INCDEC:inst|div_2048:inst5|26 ; Rise       ; CTR_INCDEC:inst|div_2048:inst6|13 ;
; 0.320  ; 0.536        ; 0.216          ; High Pulse Width ; CTR_INCDEC:inst|div_2048:inst5|26 ; Rise       ; CTR_INCDEC:inst|div_2048:inst6|22 ;
; 0.320  ; 0.536        ; 0.216          ; High Pulse Width ; CTR_INCDEC:inst|div_2048:inst5|26 ; Rise       ; CTR_INCDEC:inst|div_2048:inst6|23 ;
; 0.320  ; 0.536        ; 0.216          ; High Pulse Width ; CTR_INCDEC:inst|div_2048:inst5|26 ; Rise       ; CTR_INCDEC:inst|div_2048:inst6|26 ;
; 0.320  ; 0.536        ; 0.216          ; High Pulse Width ; CTR_INCDEC:inst|div_2048:inst5|26 ; Rise       ; CTR_INCDEC:inst|div_2048:inst6|28 ;
; 0.320  ; 0.536        ; 0.216          ; High Pulse Width ; CTR_INCDEC:inst|div_2048:inst5|26 ; Rise       ; CTR_INCDEC:inst|div_2048:inst6|4  ;
; 0.320  ; 0.536        ; 0.216          ; High Pulse Width ; CTR_INCDEC:inst|div_2048:inst5|26 ; Rise       ; CTR_INCDEC:inst|div_2048:inst6|5  ;
; 0.320  ; 0.536        ; 0.216          ; High Pulse Width ; CTR_INCDEC:inst|div_2048:inst5|26 ; Rise       ; CTR_INCDEC:inst|div_2048:inst6|6  ;
; 0.320  ; 0.536        ; 0.216          ; High Pulse Width ; CTR_INCDEC:inst|div_2048:inst5|26 ; Rise       ; CTR_INCDEC:inst|div_2048:inst6|7  ;
; 0.458  ; 0.458        ; 0.000          ; Low Pulse Width  ; CTR_INCDEC:inst|div_2048:inst5|26 ; Rise       ; inst|inst6|11|clk                 ;
; 0.458  ; 0.458        ; 0.000          ; Low Pulse Width  ; CTR_INCDEC:inst|div_2048:inst5|26 ; Rise       ; inst|inst6|12|clk                 ;
; 0.458  ; 0.458        ; 0.000          ; Low Pulse Width  ; CTR_INCDEC:inst|div_2048:inst5|26 ; Rise       ; inst|inst6|13|clk                 ;
; 0.458  ; 0.458        ; 0.000          ; Low Pulse Width  ; CTR_INCDEC:inst|div_2048:inst5|26 ; Rise       ; inst|inst6|22|clk                 ;
; 0.458  ; 0.458        ; 0.000          ; Low Pulse Width  ; CTR_INCDEC:inst|div_2048:inst5|26 ; Rise       ; inst|inst6|23|clk                 ;
; 0.458  ; 0.458        ; 0.000          ; Low Pulse Width  ; CTR_INCDEC:inst|div_2048:inst5|26 ; Rise       ; inst|inst6|26|clk                 ;
; 0.458  ; 0.458        ; 0.000          ; Low Pulse Width  ; CTR_INCDEC:inst|div_2048:inst5|26 ; Rise       ; inst|inst6|28|clk                 ;
; 0.458  ; 0.458        ; 0.000          ; Low Pulse Width  ; CTR_INCDEC:inst|div_2048:inst5|26 ; Rise       ; inst|inst6|4|clk                  ;
; 0.458  ; 0.458        ; 0.000          ; Low Pulse Width  ; CTR_INCDEC:inst|div_2048:inst5|26 ; Rise       ; inst|inst6|5|clk                  ;
; 0.458  ; 0.458        ; 0.000          ; Low Pulse Width  ; CTR_INCDEC:inst|div_2048:inst5|26 ; Rise       ; inst|inst6|6|clk                  ;
; 0.458  ; 0.458        ; 0.000          ; Low Pulse Width  ; CTR_INCDEC:inst|div_2048:inst5|26 ; Rise       ; inst|inst6|7|clk                  ;
; 0.465  ; 0.465        ; 0.000          ; Low Pulse Width  ; CTR_INCDEC:inst|div_2048:inst5|26 ; Rise       ; inst|inst5|26~clkctrl|inclk[0]    ;
; 0.465  ; 0.465        ; 0.000          ; Low Pulse Width  ; CTR_INCDEC:inst|div_2048:inst5|26 ; Rise       ; inst|inst5|26~clkctrl|outclk      ;
; 0.500  ; 0.500        ; 0.000          ; High Pulse Width ; CTR_INCDEC:inst|div_2048:inst5|26 ; Rise       ; inst|inst5|26|q                   ;
; 0.500  ; 0.500        ; 0.000          ; Low Pulse Width  ; CTR_INCDEC:inst|div_2048:inst5|26 ; Rise       ; inst|inst5|26|q                   ;
; 0.534  ; 0.534        ; 0.000          ; High Pulse Width ; CTR_INCDEC:inst|div_2048:inst5|26 ; Rise       ; inst|inst5|26~clkctrl|inclk[0]    ;
; 0.534  ; 0.534        ; 0.000          ; High Pulse Width ; CTR_INCDEC:inst|div_2048:inst5|26 ; Rise       ; inst|inst5|26~clkctrl|outclk      ;
; 0.542  ; 0.542        ; 0.000          ; High Pulse Width ; CTR_INCDEC:inst|div_2048:inst5|26 ; Rise       ; inst|inst6|11|clk                 ;
; 0.542  ; 0.542        ; 0.000          ; High Pulse Width ; CTR_INCDEC:inst|div_2048:inst5|26 ; Rise       ; inst|inst6|12|clk                 ;
; 0.542  ; 0.542        ; 0.000          ; High Pulse Width ; CTR_INCDEC:inst|div_2048:inst5|26 ; Rise       ; inst|inst6|13|clk                 ;
; 0.542  ; 0.542        ; 0.000          ; High Pulse Width ; CTR_INCDEC:inst|div_2048:inst5|26 ; Rise       ; inst|inst6|22|clk                 ;
; 0.542  ; 0.542        ; 0.000          ; High Pulse Width ; CTR_INCDEC:inst|div_2048:inst5|26 ; Rise       ; inst|inst6|23|clk                 ;
; 0.542  ; 0.542        ; 0.000          ; High Pulse Width ; CTR_INCDEC:inst|div_2048:inst5|26 ; Rise       ; inst|inst6|26|clk                 ;
; 0.542  ; 0.542        ; 0.000          ; High Pulse Width ; CTR_INCDEC:inst|div_2048:inst5|26 ; Rise       ; inst|inst6|28|clk                 ;
; 0.542  ; 0.542        ; 0.000          ; High Pulse Width ; CTR_INCDEC:inst|div_2048:inst5|26 ; Rise       ; inst|inst6|4|clk                  ;
; 0.542  ; 0.542        ; 0.000          ; High Pulse Width ; CTR_INCDEC:inst|div_2048:inst5|26 ; Rise       ; inst|inst6|5|clk                  ;
; 0.542  ; 0.542        ; 0.000          ; High Pulse Width ; CTR_INCDEC:inst|div_2048:inst5|26 ; Rise       ; inst|inst6|6|clk                  ;
; 0.542  ; 0.542        ; 0.000          ; High Pulse Width ; CTR_INCDEC:inst|div_2048:inst5|26 ; Rise       ; inst|inst6|7|clk                  ;
+--------+--------------+----------------+------------------+-----------------------------------+------------+-----------------------------------+


+------------------------------------------------------------------------------------------------------------------------------------------------------+
; Fast 1200mV 0C Model Minimum Pulse Width: 'CTR_INCDEC:inst|div_2048:inst6|26'                                                                        ;
+--------+--------------+----------------+------------------+-----------------------------------+------------+-----------------------------------------+
; Slack  ; Actual Width ; Required Width ; Type             ; Clock                             ; Clock Edge ; Target                                  ;
+--------+--------------+----------------+------------------+-----------------------------------+------------+-----------------------------------------+
; -1.000 ; 1.000        ; 2.000          ; Min Period       ; CTR_INCDEC:inst|div_2048:inst6|26 ; Rise       ; CTR_INCDEC:inst|CONTADOR_6:inst4|inst21 ;
; -1.000 ; 1.000        ; 2.000          ; Min Period       ; CTR_INCDEC:inst|div_2048:inst6|26 ; Rise       ; CTR_INCDEC:inst|CONTADOR_6:inst4|inst22 ;
; -1.000 ; 1.000        ; 2.000          ; Min Period       ; CTR_INCDEC:inst|div_2048:inst6|26 ; Rise       ; CTR_INCDEC:inst|CONTADOR_6:inst4|inst23 ;
; -1.000 ; 1.000        ; 2.000          ; Min Period       ; CTR_INCDEC:inst|div_2048:inst6|26 ; Rise       ; CTR_INCDEC:inst|CTRL_Cont6:inst2|inst   ;
; -1.000 ; 1.000        ; 2.000          ; Min Period       ; CTR_INCDEC:inst|div_2048:inst6|26 ; Rise       ; CTR_INCDEC:inst|CTRL_Cont6:inst2|inst1  ;
; -1.000 ; 1.000        ; 2.000          ; Min Period       ; CTR_INCDEC:inst|div_2048:inst6|26 ; Rise       ; CTR_INCDEC:inst|CTRL_Cont6:inst2|inst2  ;
; -1.000 ; 1.000        ; 2.000          ; Min Period       ; CTR_INCDEC:inst|div_2048:inst6|26 ; Rise       ; CTR_INCDEC:inst|CTRL_Cont6:inst3|inst   ;
; -1.000 ; 1.000        ; 2.000          ; Min Period       ; CTR_INCDEC:inst|div_2048:inst6|26 ; Rise       ; CTR_INCDEC:inst|CTRL_Cont6:inst3|inst1  ;
; -1.000 ; 1.000        ; 2.000          ; Min Period       ; CTR_INCDEC:inst|div_2048:inst6|26 ; Rise       ; CTR_INCDEC:inst|CTRL_Cont6:inst3|inst2  ;
; 0.248  ; 0.432        ; 0.184          ; Low Pulse Width  ; CTR_INCDEC:inst|div_2048:inst6|26 ; Rise       ; CTR_INCDEC:inst|CONTADOR_6:inst4|inst22 ;
; 0.277  ; 0.461        ; 0.184          ; Low Pulse Width  ; CTR_INCDEC:inst|div_2048:inst6|26 ; Rise       ; CTR_INCDEC:inst|CONTADOR_6:inst4|inst21 ;
; 0.277  ; 0.461        ; 0.184          ; Low Pulse Width  ; CTR_INCDEC:inst|div_2048:inst6|26 ; Rise       ; CTR_INCDEC:inst|CONTADOR_6:inst4|inst23 ;
; 0.277  ; 0.461        ; 0.184          ; Low Pulse Width  ; CTR_INCDEC:inst|div_2048:inst6|26 ; Rise       ; CTR_INCDEC:inst|CTRL_Cont6:inst2|inst   ;
; 0.277  ; 0.461        ; 0.184          ; Low Pulse Width  ; CTR_INCDEC:inst|div_2048:inst6|26 ; Rise       ; CTR_INCDEC:inst|CTRL_Cont6:inst2|inst1  ;
; 0.277  ; 0.461        ; 0.184          ; Low Pulse Width  ; CTR_INCDEC:inst|div_2048:inst6|26 ; Rise       ; CTR_INCDEC:inst|CTRL_Cont6:inst2|inst2  ;
; 0.277  ; 0.461        ; 0.184          ; Low Pulse Width  ; CTR_INCDEC:inst|div_2048:inst6|26 ; Rise       ; CTR_INCDEC:inst|CTRL_Cont6:inst3|inst   ;
; 0.277  ; 0.461        ; 0.184          ; Low Pulse Width  ; CTR_INCDEC:inst|div_2048:inst6|26 ; Rise       ; CTR_INCDEC:inst|CTRL_Cont6:inst3|inst1  ;
; 0.277  ; 0.461        ; 0.184          ; Low Pulse Width  ; CTR_INCDEC:inst|div_2048:inst6|26 ; Rise       ; CTR_INCDEC:inst|CTRL_Cont6:inst3|inst2  ;
; 0.319  ; 0.535        ; 0.216          ; High Pulse Width ; CTR_INCDEC:inst|div_2048:inst6|26 ; Rise       ; CTR_INCDEC:inst|CONTADOR_6:inst4|inst21 ;
; 0.319  ; 0.535        ; 0.216          ; High Pulse Width ; CTR_INCDEC:inst|div_2048:inst6|26 ; Rise       ; CTR_INCDEC:inst|CONTADOR_6:inst4|inst23 ;
; 0.319  ; 0.535        ; 0.216          ; High Pulse Width ; CTR_INCDEC:inst|div_2048:inst6|26 ; Rise       ; CTR_INCDEC:inst|CTRL_Cont6:inst2|inst   ;
; 0.319  ; 0.535        ; 0.216          ; High Pulse Width ; CTR_INCDEC:inst|div_2048:inst6|26 ; Rise       ; CTR_INCDEC:inst|CTRL_Cont6:inst2|inst1  ;
; 0.319  ; 0.535        ; 0.216          ; High Pulse Width ; CTR_INCDEC:inst|div_2048:inst6|26 ; Rise       ; CTR_INCDEC:inst|CTRL_Cont6:inst2|inst2  ;
; 0.319  ; 0.535        ; 0.216          ; High Pulse Width ; CTR_INCDEC:inst|div_2048:inst6|26 ; Rise       ; CTR_INCDEC:inst|CTRL_Cont6:inst3|inst   ;
; 0.319  ; 0.535        ; 0.216          ; High Pulse Width ; CTR_INCDEC:inst|div_2048:inst6|26 ; Rise       ; CTR_INCDEC:inst|CTRL_Cont6:inst3|inst1  ;
; 0.319  ; 0.535        ; 0.216          ; High Pulse Width ; CTR_INCDEC:inst|div_2048:inst6|26 ; Rise       ; CTR_INCDEC:inst|CTRL_Cont6:inst3|inst2  ;
; 0.346  ; 0.562        ; 0.216          ; High Pulse Width ; CTR_INCDEC:inst|div_2048:inst6|26 ; Rise       ; CTR_INCDEC:inst|CONTADOR_6:inst4|inst22 ;
; 0.428  ; 0.428        ; 0.000          ; Low Pulse Width  ; CTR_INCDEC:inst|div_2048:inst6|26 ; Rise       ; inst|inst4|inst22|clk                   ;
; 0.457  ; 0.457        ; 0.000          ; Low Pulse Width  ; CTR_INCDEC:inst|div_2048:inst6|26 ; Rise       ; inst|inst2|inst1|clk                    ;
; 0.457  ; 0.457        ; 0.000          ; Low Pulse Width  ; CTR_INCDEC:inst|div_2048:inst6|26 ; Rise       ; inst|inst2|inst2|clk                    ;
; 0.457  ; 0.457        ; 0.000          ; Low Pulse Width  ; CTR_INCDEC:inst|div_2048:inst6|26 ; Rise       ; inst|inst2|inst|clk                     ;
; 0.457  ; 0.457        ; 0.000          ; Low Pulse Width  ; CTR_INCDEC:inst|div_2048:inst6|26 ; Rise       ; inst|inst3|inst1|clk                    ;
; 0.457  ; 0.457        ; 0.000          ; Low Pulse Width  ; CTR_INCDEC:inst|div_2048:inst6|26 ; Rise       ; inst|inst3|inst2|clk                    ;
; 0.457  ; 0.457        ; 0.000          ; Low Pulse Width  ; CTR_INCDEC:inst|div_2048:inst6|26 ; Rise       ; inst|inst3|inst|clk                     ;
; 0.457  ; 0.457        ; 0.000          ; Low Pulse Width  ; CTR_INCDEC:inst|div_2048:inst6|26 ; Rise       ; inst|inst4|inst21|clk                   ;
; 0.457  ; 0.457        ; 0.000          ; Low Pulse Width  ; CTR_INCDEC:inst|div_2048:inst6|26 ; Rise       ; inst|inst4|inst23|clk                   ;
; 0.465  ; 0.465        ; 0.000          ; Low Pulse Width  ; CTR_INCDEC:inst|div_2048:inst6|26 ; Rise       ; inst|inst6|26~clkctrl|inclk[0]          ;
; 0.465  ; 0.465        ; 0.000          ; Low Pulse Width  ; CTR_INCDEC:inst|div_2048:inst6|26 ; Rise       ; inst|inst6|26~clkctrl|outclk            ;
; 0.500  ; 0.500        ; 0.000          ; High Pulse Width ; CTR_INCDEC:inst|div_2048:inst6|26 ; Rise       ; inst|inst6|26|q                         ;
; 0.500  ; 0.500        ; 0.000          ; Low Pulse Width  ; CTR_INCDEC:inst|div_2048:inst6|26 ; Rise       ; inst|inst6|26|q                         ;
; 0.533  ; 0.533        ; 0.000          ; High Pulse Width ; CTR_INCDEC:inst|div_2048:inst6|26 ; Rise       ; inst|inst6|26~clkctrl|inclk[0]          ;
; 0.533  ; 0.533        ; 0.000          ; High Pulse Width ; CTR_INCDEC:inst|div_2048:inst6|26 ; Rise       ; inst|inst6|26~clkctrl|outclk            ;
; 0.541  ; 0.541        ; 0.000          ; High Pulse Width ; CTR_INCDEC:inst|div_2048:inst6|26 ; Rise       ; inst|inst2|inst1|clk                    ;
; 0.541  ; 0.541        ; 0.000          ; High Pulse Width ; CTR_INCDEC:inst|div_2048:inst6|26 ; Rise       ; inst|inst2|inst2|clk                    ;
; 0.541  ; 0.541        ; 0.000          ; High Pulse Width ; CTR_INCDEC:inst|div_2048:inst6|26 ; Rise       ; inst|inst2|inst|clk                     ;
; 0.541  ; 0.541        ; 0.000          ; High Pulse Width ; CTR_INCDEC:inst|div_2048:inst6|26 ; Rise       ; inst|inst3|inst1|clk                    ;
; 0.541  ; 0.541        ; 0.000          ; High Pulse Width ; CTR_INCDEC:inst|div_2048:inst6|26 ; Rise       ; inst|inst3|inst2|clk                    ;
; 0.541  ; 0.541        ; 0.000          ; High Pulse Width ; CTR_INCDEC:inst|div_2048:inst6|26 ; Rise       ; inst|inst3|inst|clk                     ;
; 0.541  ; 0.541        ; 0.000          ; High Pulse Width ; CTR_INCDEC:inst|div_2048:inst6|26 ; Rise       ; inst|inst4|inst21|clk                   ;
; 0.541  ; 0.541        ; 0.000          ; High Pulse Width ; CTR_INCDEC:inst|div_2048:inst6|26 ; Rise       ; inst|inst4|inst23|clk                   ;
; 0.568  ; 0.568        ; 0.000          ; High Pulse Width ; CTR_INCDEC:inst|div_2048:inst6|26 ; Rise       ; inst|inst4|inst22|clk                   ;
+--------+--------------+----------------+------------------+-----------------------------------+------------+-----------------------------------------+


+----------------------------------------------------------------------------------------------------------------+
; Setup Times                                                                                                    ;
+-----------+-----------------------------------+-------+-------+------------+-----------------------------------+
; Data Port ; Clock Port                        ; Rise  ; Fall  ; Clock Edge ; Clock Reference                   ;
+-----------+-----------------------------------+-------+-------+------------+-----------------------------------+
; boton1    ; CTR_INCDEC:inst|div_2048:inst6|26 ; 1.855 ; 2.479 ; Rise       ; CTR_INCDEC:inst|div_2048:inst6|26 ;
; boton2    ; CTR_INCDEC:inst|div_2048:inst6|26 ; 1.929 ; 2.565 ; Rise       ; CTR_INCDEC:inst|div_2048:inst6|26 ;
+-----------+-----------------------------------+-------+-------+------------+-----------------------------------+


+------------------------------------------------------------------------------------------------------------------+
; Hold Times                                                                                                       ;
+-----------+-----------------------------------+--------+--------+------------+-----------------------------------+
; Data Port ; Clock Port                        ; Rise   ; Fall   ; Clock Edge ; Clock Reference                   ;
+-----------+-----------------------------------+--------+--------+------------+-----------------------------------+
; boton1    ; CTR_INCDEC:inst|div_2048:inst6|26 ; -1.130 ; -1.753 ; Rise       ; CTR_INCDEC:inst|div_2048:inst6|26 ;
; boton2    ; CTR_INCDEC:inst|div_2048:inst6|26 ; -1.286 ; -1.923 ; Rise       ; CTR_INCDEC:inst|div_2048:inst6|26 ;
+-----------+-----------------------------------+--------+--------+------------+-----------------------------------+


+----------------------------------------------------------------------------------------------------------------+
; Clock to Output Times                                                                                          ;
+-----------+-----------------------------------+-------+-------+------------+-----------------------------------+
; Data Port ; Clock Port                        ; Rise  ; Fall  ; Clock Edge ; Clock Reference                   ;
+-----------+-----------------------------------+-------+-------+------------+-----------------------------------+
; Disp[*]   ; CTR_INCDEC:inst|div_2048:inst6|26 ; 3.814 ; 3.799 ; Rise       ; CTR_INCDEC:inst|div_2048:inst6|26 ;
;  Disp[0]  ; CTR_INCDEC:inst|div_2048:inst6|26 ; 3.814 ; 3.799 ; Rise       ; CTR_INCDEC:inst|div_2048:inst6|26 ;
;  Disp[1]  ; CTR_INCDEC:inst|div_2048:inst6|26 ; 3.814 ; 3.798 ; Rise       ; CTR_INCDEC:inst|div_2048:inst6|26 ;
;  Disp[2]  ; CTR_INCDEC:inst|div_2048:inst6|26 ; 3.536 ; 3.564 ; Rise       ; CTR_INCDEC:inst|div_2048:inst6|26 ;
;  Disp[3]  ; CTR_INCDEC:inst|div_2048:inst6|26 ; 3.542 ; 3.567 ; Rise       ; CTR_INCDEC:inst|div_2048:inst6|26 ;
;  Disp[4]  ; CTR_INCDEC:inst|div_2048:inst6|26 ; 3.541 ; 3.552 ; Rise       ; CTR_INCDEC:inst|div_2048:inst6|26 ;
;  Disp[5]  ; CTR_INCDEC:inst|div_2048:inst6|26 ; 3.473 ; 3.547 ; Rise       ; CTR_INCDEC:inst|div_2048:inst6|26 ;
;  Disp[6]  ; CTR_INCDEC:inst|div_2048:inst6|26 ; 3.532 ; 3.557 ; Rise       ; CTR_INCDEC:inst|div_2048:inst6|26 ;
+-----------+-----------------------------------+-------+-------+------------+-----------------------------------+


+----------------------------------------------------------------------------------------------------------------+
; Minimum Clock to Output Times                                                                                  ;
+-----------+-----------------------------------+-------+-------+------------+-----------------------------------+
; Data Port ; Clock Port                        ; Rise  ; Fall  ; Clock Edge ; Clock Reference                   ;
+-----------+-----------------------------------+-------+-------+------------+-----------------------------------+
; Disp[*]   ; CTR_INCDEC:inst|div_2048:inst6|26 ; 3.226 ; 3.226 ; Rise       ; CTR_INCDEC:inst|div_2048:inst6|26 ;
;  Disp[0]  ; CTR_INCDEC:inst|div_2048:inst6|26 ; 3.355 ; 3.401 ; Rise       ; CTR_INCDEC:inst|div_2048:inst6|26 ;
;  Disp[1]  ; CTR_INCDEC:inst|div_2048:inst6|26 ; 3.367 ; 3.322 ; Rise       ; CTR_INCDEC:inst|div_2048:inst6|26 ;
;  Disp[2]  ; CTR_INCDEC:inst|div_2048:inst6|26 ; 3.291 ; 3.242 ; Rise       ; CTR_INCDEC:inst|div_2048:inst6|26 ;
;  Disp[3]  ; CTR_INCDEC:inst|div_2048:inst6|26 ; 3.236 ; 3.247 ; Rise       ; CTR_INCDEC:inst|div_2048:inst6|26 ;
;  Disp[4]  ; CTR_INCDEC:inst|div_2048:inst6|26 ; 3.239 ; 3.306 ; Rise       ; CTR_INCDEC:inst|div_2048:inst6|26 ;
;  Disp[5]  ; CTR_INCDEC:inst|div_2048:inst6|26 ; 3.280 ; 3.226 ; Rise       ; CTR_INCDEC:inst|div_2048:inst6|26 ;
;  Disp[6]  ; CTR_INCDEC:inst|div_2048:inst6|26 ; 3.226 ; 3.236 ; Rise       ; CTR_INCDEC:inst|div_2048:inst6|26 ;
+-----------+-----------------------------------+-------+-------+------------+-----------------------------------+


---------------------------------------------
; Fast 1200mV 0C Model Metastability Report ;
---------------------------------------------
No synchronizer chains to report.


+--------------------------------------------------------------------------------------------------+
; Multicorner Timing Analysis Summary                                                              ;
+------------------------------------+---------+--------+----------+---------+---------------------+
; Clock                              ; Setup   ; Hold   ; Recovery ; Removal ; Minimum Pulse Width ;
+------------------------------------+---------+--------+----------+---------+---------------------+
; Worst-case Slack                   ; -1.098  ; -0.241 ; N/A      ; N/A     ; -3.000              ;
;  CTR_INCDEC:inst|div_2048:inst5|26 ; -1.098  ; -0.241 ; N/A      ; N/A     ; -1.000              ;
;  CTR_INCDEC:inst|div_2048:inst6|26 ; -0.779  ; 0.138  ; N/A      ; N/A     ; -1.000              ;
;  clk                               ; -1.080  ; -0.090 ; N/A      ; N/A     ; -3.000              ;
; Design-wide TNS                    ; -15.133 ; -0.316 ; 0.0      ; 0.0     ; -34.616             ;
;  CTR_INCDEC:inst|div_2048:inst5|26 ; -5.838  ; -0.241 ; N/A      ; N/A     ; -11.000             ;
;  CTR_INCDEC:inst|div_2048:inst6|26 ; -3.263  ; 0.000  ; N/A      ; N/A     ; -9.000              ;
;  clk                               ; -6.032  ; -0.090 ; N/A      ; N/A     ; -14.616             ;
+------------------------------------+---------+--------+----------+---------+---------------------+


+----------------------------------------------------------------------------------------------------------------+
; Setup Times                                                                                                    ;
+-----------+-----------------------------------+-------+-------+------------+-----------------------------------+
; Data Port ; Clock Port                        ; Rise  ; Fall  ; Clock Edge ; Clock Reference                   ;
+-----------+-----------------------------------+-------+-------+------------+-----------------------------------+
; boton1    ; CTR_INCDEC:inst|div_2048:inst6|26 ; 3.280 ; 3.747 ; Rise       ; CTR_INCDEC:inst|div_2048:inst6|26 ;
; boton2    ; CTR_INCDEC:inst|div_2048:inst6|26 ; 3.390 ; 3.844 ; Rise       ; CTR_INCDEC:inst|div_2048:inst6|26 ;
+-----------+-----------------------------------+-------+-------+------------+-----------------------------------+


+------------------------------------------------------------------------------------------------------------------+
; Hold Times                                                                                                       ;
+-----------+-----------------------------------+--------+--------+------------+-----------------------------------+
; Data Port ; Clock Port                        ; Rise   ; Fall   ; Clock Edge ; Clock Reference                   ;
+-----------+-----------------------------------+--------+--------+------------+-----------------------------------+
; boton1    ; CTR_INCDEC:inst|div_2048:inst6|26 ; -1.130 ; -1.753 ; Rise       ; CTR_INCDEC:inst|div_2048:inst6|26 ;
; boton2    ; CTR_INCDEC:inst|div_2048:inst6|26 ; -1.286 ; -1.923 ; Rise       ; CTR_INCDEC:inst|div_2048:inst6|26 ;
+-----------+-----------------------------------+--------+--------+------------+-----------------------------------+


+----------------------------------------------------------------------------------------------------------------+
; Clock to Output Times                                                                                          ;
+-----------+-----------------------------------+-------+-------+------------+-----------------------------------+
; Data Port ; Clock Port                        ; Rise  ; Fall  ; Clock Edge ; Clock Reference                   ;
+-----------+-----------------------------------+-------+-------+------------+-----------------------------------+
; Disp[*]   ; CTR_INCDEC:inst|div_2048:inst6|26 ; 6.576 ; 6.530 ; Rise       ; CTR_INCDEC:inst|div_2048:inst6|26 ;
;  Disp[0]  ; CTR_INCDEC:inst|div_2048:inst6|26 ; 6.576 ; 6.399 ; Rise       ; CTR_INCDEC:inst|div_2048:inst6|26 ;
;  Disp[1]  ; CTR_INCDEC:inst|div_2048:inst6|26 ; 6.411 ; 6.530 ; Rise       ; CTR_INCDEC:inst|div_2048:inst6|26 ;
;  Disp[2]  ; CTR_INCDEC:inst|div_2048:inst6|26 ; 6.006 ; 6.001 ; Rise       ; CTR_INCDEC:inst|div_2048:inst6|26 ;
;  Disp[3]  ; CTR_INCDEC:inst|div_2048:inst6|26 ; 6.050 ; 6.005 ; Rise       ; CTR_INCDEC:inst|div_2048:inst6|26 ;
;  Disp[4]  ; CTR_INCDEC:inst|div_2048:inst6|26 ; 6.059 ; 5.969 ; Rise       ; CTR_INCDEC:inst|div_2048:inst6|26 ;
;  Disp[5]  ; CTR_INCDEC:inst|div_2048:inst6|26 ; 5.971 ; 5.972 ; Rise       ; CTR_INCDEC:inst|div_2048:inst6|26 ;
;  Disp[6]  ; CTR_INCDEC:inst|div_2048:inst6|26 ; 6.041 ; 5.992 ; Rise       ; CTR_INCDEC:inst|div_2048:inst6|26 ;
+-----------+-----------------------------------+-------+-------+------------+-----------------------------------+


+----------------------------------------------------------------------------------------------------------------+
; Minimum Clock to Output Times                                                                                  ;
+-----------+-----------------------------------+-------+-------+------------+-----------------------------------+
; Data Port ; Clock Port                        ; Rise  ; Fall  ; Clock Edge ; Clock Reference                   ;
+-----------+-----------------------------------+-------+-------+------------+-----------------------------------+
; Disp[*]   ; CTR_INCDEC:inst|div_2048:inst6|26 ; 3.226 ; 3.226 ; Rise       ; CTR_INCDEC:inst|div_2048:inst6|26 ;
;  Disp[0]  ; CTR_INCDEC:inst|div_2048:inst6|26 ; 3.355 ; 3.401 ; Rise       ; CTR_INCDEC:inst|div_2048:inst6|26 ;
;  Disp[1]  ; CTR_INCDEC:inst|div_2048:inst6|26 ; 3.367 ; 3.322 ; Rise       ; CTR_INCDEC:inst|div_2048:inst6|26 ;
;  Disp[2]  ; CTR_INCDEC:inst|div_2048:inst6|26 ; 3.291 ; 3.242 ; Rise       ; CTR_INCDEC:inst|div_2048:inst6|26 ;
;  Disp[3]  ; CTR_INCDEC:inst|div_2048:inst6|26 ; 3.236 ; 3.247 ; Rise       ; CTR_INCDEC:inst|div_2048:inst6|26 ;
;  Disp[4]  ; CTR_INCDEC:inst|div_2048:inst6|26 ; 3.239 ; 3.306 ; Rise       ; CTR_INCDEC:inst|div_2048:inst6|26 ;
;  Disp[5]  ; CTR_INCDEC:inst|div_2048:inst6|26 ; 3.280 ; 3.226 ; Rise       ; CTR_INCDEC:inst|div_2048:inst6|26 ;
;  Disp[6]  ; CTR_INCDEC:inst|div_2048:inst6|26 ; 3.226 ; 3.236 ; Rise       ; CTR_INCDEC:inst|div_2048:inst6|26 ;
+-----------+-----------------------------------+-------+-------+------------+-----------------------------------+


+------------------------------------------------------------------------------------------------------------------------------------------------------------------------------------------------------------------------------------------------------------------------------------------------------------------------------------------------------------------------------------------------------------------+
; Board Trace Model Assignments                                                                                                                                                                                                                                                                                                                                                                                    ;
+---------------+--------------+-------------------+-------------------------+-------------------------+---------------+---------------------+----------------+------------------+--------+------------------+------------------------+------------------------+--------------+---------------+-----------------+-------+---------------------+--------------------+---------------+-----------------+-------------+
; Pin           ; I/O Standard ; Near Tline Length ; Near Tline L per Length ; Near Tline C per Length ; Near Series R ; Near Differential R ; Near Pull-up R ; Near Pull-down R ; Near C ; Far Tline Length ; Far Tline L per Length ; Far Tline C per Length ; Far Series R ; Far Pull-up R ; Far Pull-down R ; Far C ; Termination Voltage ; Far Differential R ; EBD File Name ; EBD Signal Name ; EBD Far-end ;
+---------------+--------------+-------------------+-------------------------+-------------------------+---------------+---------------------+----------------+------------------+--------+------------------+------------------------+------------------------+--------------+---------------+-----------------+-------+---------------------+--------------------+---------------+-----------------+-------------+
; Disp[6]       ; 2.5 V        ; 0 in              ; 0 H/in                  ; 0 F/in                  ; short         ; -                   ; open           ; open             ; open   ; 0 in             ; 0 H/in                 ; 0 F/in                 ; short        ; open          ; open            ; open  ; 0 V                 ; -                  ; n/a           ; n/a             ; n/a         ;
; Disp[5]       ; 2.5 V        ; 0 in              ; 0 H/in                  ; 0 F/in                  ; short         ; -                   ; open           ; open             ; open   ; 0 in             ; 0 H/in                 ; 0 F/in                 ; short        ; open          ; open            ; open  ; 0 V                 ; -                  ; n/a           ; n/a             ; n/a         ;
; Disp[4]       ; 2.5 V        ; 0 in              ; 0 H/in                  ; 0 F/in                  ; short         ; -                   ; open           ; open             ; open   ; 0 in             ; 0 H/in                 ; 0 F/in                 ; short        ; open          ; open            ; open  ; 0 V                 ; -                  ; n/a           ; n/a             ; n/a         ;
; Disp[3]       ; 2.5 V        ; 0 in              ; 0 H/in                  ; 0 F/in                  ; short         ; -                   ; open           ; open             ; open   ; 0 in             ; 0 H/in                 ; 0 F/in                 ; short        ; open          ; open            ; open  ; 0 V                 ; -                  ; n/a           ; n/a             ; n/a         ;
; Disp[2]       ; 2.5 V        ; 0 in              ; 0 H/in                  ; 0 F/in                  ; short         ; -                   ; open           ; open             ; open   ; 0 in             ; 0 H/in                 ; 0 F/in                 ; short        ; open          ; open            ; open  ; 0 V                 ; -                  ; n/a           ; n/a             ; n/a         ;
; Disp[1]       ; 2.5 V        ; 0 in              ; 0 H/in                  ; 0 F/in                  ; short         ; -                   ; open           ; open             ; open   ; 0 in             ; 0 H/in                 ; 0 F/in                 ; short        ; open          ; open            ; open  ; 0 V                 ; -                  ; n/a           ; n/a             ; n/a         ;
; Disp[0]       ; 2.5 V        ; 0 in              ; 0 H/in                  ; 0 F/in                  ; short         ; -                   ; open           ; open             ; open   ; 0 in             ; 0 H/in                 ; 0 F/in                 ; short        ; open          ; open            ; open  ; 0 V                 ; -                  ; n/a           ; n/a             ; n/a         ;
; ~ALTERA_DCLK~ ; 2.5 V        ; 0 in              ; 0 H/in                  ; 0 F/in                  ; short         ; -                   ; open           ; open             ; open   ; 0 in             ; 0 H/in                 ; 0 F/in                 ; short        ; open          ; open            ; open  ; 0 V                 ; -                  ; n/a           ; n/a             ; n/a         ;
; ~ALTERA_nCEO~ ; 2.5 V        ; 0 in              ; 0 H/in                  ; 0 F/in                  ; short         ; -                   ; open           ; open             ; open   ; 0 in             ; 0 H/in                 ; 0 F/in                 ; short        ; open          ; open            ; open  ; 0 V                 ; -                  ; n/a           ; n/a             ; n/a         ;
+---------------+--------------+-------------------+-------------------------+-------------------------+---------------+---------------------+----------------+------------------+--------+------------------+------------------------+------------------------+--------------+---------------+-----------------+-------+---------------------+--------------------+---------------+-----------------+-------------+


+----------------------------------------------------------------------------+
; Input Transition Times                                                     ;
+-------------------------+--------------+-----------------+-----------------+
; Pin                     ; I/O Standard ; 10-90 Rise Time ; 90-10 Fall Time ;
+-------------------------+--------------+-----------------+-----------------+
; boton1                  ; 2.5 V        ; 2000 ps         ; 2000 ps         ;
; boton2                  ; 2.5 V        ; 2000 ps         ; 2000 ps         ;
; reset                   ; 2.5 V        ; 2000 ps         ; 2000 ps         ;
; clk                     ; 2.5 V        ; 2000 ps         ; 2000 ps         ;
; ~ALTERA_ASDO_DATA1~     ; 2.5 V        ; 2000 ps         ; 2000 ps         ;
; ~ALTERA_FLASH_nCE_nCSO~ ; 2.5 V        ; 2000 ps         ; 2000 ps         ;
; ~ALTERA_DATA0~          ; 2.5 V        ; 2000 ps         ; 2000 ps         ;
+-------------------------+--------------+-----------------+-----------------+


+--------------------------------------------------------------------------------------------------------------------------------------------------------------------------------------------------------------------------------------------------------------------------------------------------------------------------------------------------------------------------------------------------------------------------------------------------------------------------------------------------------------------------------------------------------------------------------------------------------------------------------------------------------------------------------------------+
; Slow Corner Signal Integrity Metrics                                                                                                                                                                                                                                                                                                                                                                                                                                                                                                                                                                                                                                                       ;
+---------------+--------------+---------------------+---------------------+------------------------------+------------------------------+---------------------+---------------------+--------------------------------------+--------------------------------------+-----------------------------+-----------------------------+----------------------------+----------------------------+-----------------------------+-----------------------------+--------------------+--------------------+-------------------------------------+-------------------------------------+----------------------------+----------------------------+---------------------------+---------------------------+
; Pin           ; I/O Standard ; Board Delay on Rise ; Board Delay on Fall ; Steady State Voh at FPGA Pin ; Steady State Vol at FPGA Pin ; Voh Max at FPGA Pin ; Vol Min at FPGA Pin ; Ringback Voltage on Rise at FPGA Pin ; Ringback Voltage on Fall at FPGA Pin ; 10-90 Rise Time at FPGA Pin ; 90-10 Fall Time at FPGA Pin ; Monotonic Rise at FPGA Pin ; Monotonic Fall at FPGA Pin ; Steady State Voh at Far-end ; Steady State Vol at Far-end ; Voh Max at Far-end ; Vol Min at Far-end ; Ringback Voltage on Rise at Far-end ; Ringback Voltage on Fall at Far-end ; 10-90 Rise Time at Far-end ; 90-10 Fall Time at Far-end ; Monotonic Rise at Far-end ; Monotonic Fall at Far-end ;
+---------------+--------------+---------------------+---------------------+------------------------------+------------------------------+---------------------+---------------------+--------------------------------------+--------------------------------------+-----------------------------+-----------------------------+----------------------------+----------------------------+-----------------------------+-----------------------------+--------------------+--------------------+-------------------------------------+-------------------------------------+----------------------------+----------------------------+---------------------------+---------------------------+
; Disp[6]       ; 2.5 V        ; 0 s                 ; 0 s                 ; 2.32 V                       ; 1.08e-06 V                   ; 2.36 V              ; -0.0113 V           ; 0.122 V                              ; 0.022 V                              ; 4.5e-10 s                   ; 4.45e-10 s                  ; Yes                        ; Yes                        ; 2.32 V                      ; 1.08e-06 V                  ; 2.36 V             ; -0.0113 V          ; 0.122 V                             ; 0.022 V                             ; 4.5e-10 s                  ; 4.45e-10 s                 ; Yes                       ; Yes                       ;
; Disp[5]       ; 2.5 V        ; 0 s                 ; 0 s                 ; 2.32 V                       ; 1.08e-06 V                   ; 2.36 V              ; -0.0113 V           ; 0.122 V                              ; 0.022 V                              ; 4.5e-10 s                   ; 4.45e-10 s                  ; Yes                        ; Yes                        ; 2.32 V                      ; 1.08e-06 V                  ; 2.36 V             ; -0.0113 V          ; 0.122 V                             ; 0.022 V                             ; 4.5e-10 s                  ; 4.45e-10 s                 ; Yes                       ; Yes                       ;
; Disp[4]       ; 2.5 V        ; 0 s                 ; 0 s                 ; 2.32 V                       ; 1.08e-06 V                   ; 2.36 V              ; -0.0113 V           ; 0.122 V                              ; 0.022 V                              ; 4.5e-10 s                   ; 4.45e-10 s                  ; Yes                        ; Yes                        ; 2.32 V                      ; 1.08e-06 V                  ; 2.36 V             ; -0.0113 V          ; 0.122 V                             ; 0.022 V                             ; 4.5e-10 s                  ; 4.45e-10 s                 ; Yes                       ; Yes                       ;
; Disp[3]       ; 2.5 V        ; 0 s                 ; 0 s                 ; 2.32 V                       ; 1.08e-06 V                   ; 2.36 V              ; -0.0113 V           ; 0.122 V                              ; 0.022 V                              ; 4.5e-10 s                   ; 4.45e-10 s                  ; Yes                        ; Yes                        ; 2.32 V                      ; 1.08e-06 V                  ; 2.36 V             ; -0.0113 V          ; 0.122 V                             ; 0.022 V                             ; 4.5e-10 s                  ; 4.45e-10 s                 ; Yes                       ; Yes                       ;
; Disp[2]       ; 2.5 V        ; 0 s                 ; 0 s                 ; 2.32 V                       ; 1.08e-06 V                   ; 2.36 V              ; -0.0113 V           ; 0.122 V                              ; 0.022 V                              ; 4.5e-10 s                   ; 4.45e-10 s                  ; Yes                        ; Yes                        ; 2.32 V                      ; 1.08e-06 V                  ; 2.36 V             ; -0.0113 V          ; 0.122 V                             ; 0.022 V                             ; 4.5e-10 s                  ; 4.45e-10 s                 ; Yes                       ; Yes                       ;
; Disp[1]       ; 2.5 V        ; 0 s                 ; 0 s                 ; 2.32 V                       ; 1.08e-06 V                   ; 2.36 V              ; -0.0113 V           ; 0.122 V                              ; 0.022 V                              ; 4.5e-10 s                   ; 4.45e-10 s                  ; Yes                        ; Yes                        ; 2.32 V                      ; 1.08e-06 V                  ; 2.36 V             ; -0.0113 V          ; 0.122 V                             ; 0.022 V                             ; 4.5e-10 s                  ; 4.45e-10 s                 ; Yes                       ; Yes                       ;
; Disp[0]       ; 2.5 V        ; 0 s                 ; 0 s                 ; 2.32 V                       ; 1.08e-06 V                   ; 2.36 V              ; -0.0113 V           ; 0.122 V                              ; 0.022 V                              ; 4.5e-10 s                   ; 4.45e-10 s                  ; Yes                        ; Yes                        ; 2.32 V                      ; 1.08e-06 V                  ; 2.36 V             ; -0.0113 V          ; 0.122 V                             ; 0.022 V                             ; 4.5e-10 s                  ; 4.45e-10 s                 ; Yes                       ; Yes                       ;
; ~ALTERA_DCLK~ ; 2.5 V        ; 0 s                 ; 0 s                 ; 2.32 V                       ; 5.68e-07 V                   ; 2.35 V              ; -0.0132 V           ; 0.2 V                                ; 0.027 V                              ; 5.26e-10 s                  ; 4.81e-10 s                  ; Yes                        ; Yes                        ; 2.32 V                      ; 5.68e-07 V                  ; 2.35 V             ; -0.0132 V          ; 0.2 V                               ; 0.027 V                             ; 5.26e-10 s                 ; 4.81e-10 s                 ; Yes                       ; Yes                       ;
; ~ALTERA_nCEO~ ; 2.5 V        ; 0 s                 ; 0 s                 ; 2.32 V                       ; 9.36e-07 V                   ; 2.35 V              ; -0.00444 V          ; 0.18 V                               ; 0.019 V                              ; 7.23e-10 s                  ; 9.82e-10 s                  ; Yes                        ; Yes                        ; 2.32 V                      ; 9.36e-07 V                  ; 2.35 V             ; -0.00444 V         ; 0.18 V                              ; 0.019 V                             ; 7.23e-10 s                 ; 9.82e-10 s                 ; Yes                       ; Yes                       ;
+---------------+--------------+---------------------+---------------------+------------------------------+------------------------------+---------------------+---------------------+--------------------------------------+--------------------------------------+-----------------------------+-----------------------------+----------------------------+----------------------------+-----------------------------+-----------------------------+--------------------+--------------------+-------------------------------------+-------------------------------------+----------------------------+----------------------------+---------------------------+---------------------------+


+--------------------------------------------------------------------------------------------------------------------------------------------------------------------------------------------------------------------------------------------------------------------------------------------------------------------------------------------------------------------------------------------------------------------------------------------------------------------------------------------------------------------------------------------------------------------------------------------------------------------------------------------------------------------------------------------+
; Fast Corner Signal Integrity Metrics                                                                                                                                                                                                                                                                                                                                                                                                                                                                                                                                                                                                                                                       ;
+---------------+--------------+---------------------+---------------------+------------------------------+------------------------------+---------------------+---------------------+--------------------------------------+--------------------------------------+-----------------------------+-----------------------------+----------------------------+----------------------------+-----------------------------+-----------------------------+--------------------+--------------------+-------------------------------------+-------------------------------------+----------------------------+----------------------------+---------------------------+---------------------------+
; Pin           ; I/O Standard ; Board Delay on Rise ; Board Delay on Fall ; Steady State Voh at FPGA Pin ; Steady State Vol at FPGA Pin ; Voh Max at FPGA Pin ; Vol Min at FPGA Pin ; Ringback Voltage on Rise at FPGA Pin ; Ringback Voltage on Fall at FPGA Pin ; 10-90 Rise Time at FPGA Pin ; 90-10 Fall Time at FPGA Pin ; Monotonic Rise at FPGA Pin ; Monotonic Fall at FPGA Pin ; Steady State Voh at Far-end ; Steady State Vol at Far-end ; Voh Max at Far-end ; Vol Min at Far-end ; Ringback Voltage on Rise at Far-end ; Ringback Voltage on Fall at Far-end ; 10-90 Rise Time at Far-end ; 90-10 Fall Time at Far-end ; Monotonic Rise at Far-end ; Monotonic Fall at Far-end ;
+---------------+--------------+---------------------+---------------------+------------------------------+------------------------------+---------------------+---------------------+--------------------------------------+--------------------------------------+-----------------------------+-----------------------------+----------------------------+----------------------------+-----------------------------+-----------------------------+--------------------+--------------------+-------------------------------------+-------------------------------------+----------------------------+----------------------------+---------------------------+---------------------------+
; Disp[6]       ; 2.5 V        ; 0 s                 ; 0 s                 ; 2.62 V                       ; 4.11e-08 V                   ; 2.73 V              ; -0.0566 V           ; 0.191 V                              ; 0.12 V                               ; 2.69e-10 s                  ; 2.76e-10 s                  ; Yes                        ; Yes                        ; 2.62 V                      ; 4.11e-08 V                  ; 2.73 V             ; -0.0566 V          ; 0.191 V                             ; 0.12 V                              ; 2.69e-10 s                 ; 2.76e-10 s                 ; Yes                       ; Yes                       ;
; Disp[5]       ; 2.5 V        ; 0 s                 ; 0 s                 ; 2.62 V                       ; 4.11e-08 V                   ; 2.73 V              ; -0.0566 V           ; 0.191 V                              ; 0.12 V                               ; 2.69e-10 s                  ; 2.76e-10 s                  ; Yes                        ; Yes                        ; 2.62 V                      ; 4.11e-08 V                  ; 2.73 V             ; -0.0566 V          ; 0.191 V                             ; 0.12 V                              ; 2.69e-10 s                 ; 2.76e-10 s                 ; Yes                       ; Yes                       ;
; Disp[4]       ; 2.5 V        ; 0 s                 ; 0 s                 ; 2.62 V                       ; 4.11e-08 V                   ; 2.73 V              ; -0.0566 V           ; 0.191 V                              ; 0.12 V                               ; 2.69e-10 s                  ; 2.76e-10 s                  ; Yes                        ; Yes                        ; 2.62 V                      ; 4.11e-08 V                  ; 2.73 V             ; -0.0566 V          ; 0.191 V                             ; 0.12 V                              ; 2.69e-10 s                 ; 2.76e-10 s                 ; Yes                       ; Yes                       ;
; Disp[3]       ; 2.5 V        ; 0 s                 ; 0 s                 ; 2.62 V                       ; 4.11e-08 V                   ; 2.73 V              ; -0.0566 V           ; 0.191 V                              ; 0.12 V                               ; 2.69e-10 s                  ; 2.76e-10 s                  ; Yes                        ; Yes                        ; 2.62 V                      ; 4.11e-08 V                  ; 2.73 V             ; -0.0566 V          ; 0.191 V                             ; 0.12 V                              ; 2.69e-10 s                 ; 2.76e-10 s                 ; Yes                       ; Yes                       ;
; Disp[2]       ; 2.5 V        ; 0 s                 ; 0 s                 ; 2.62 V                       ; 4.11e-08 V                   ; 2.73 V              ; -0.0566 V           ; 0.191 V                              ; 0.12 V                               ; 2.69e-10 s                  ; 2.76e-10 s                  ; Yes                        ; Yes                        ; 2.62 V                      ; 4.11e-08 V                  ; 2.73 V             ; -0.0566 V          ; 0.191 V                             ; 0.12 V                              ; 2.69e-10 s                 ; 2.76e-10 s                 ; Yes                       ; Yes                       ;
; Disp[1]       ; 2.5 V        ; 0 s                 ; 0 s                 ; 2.62 V                       ; 4.11e-08 V                   ; 2.73 V              ; -0.0566 V           ; 0.191 V                              ; 0.12 V                               ; 2.69e-10 s                  ; 2.76e-10 s                  ; Yes                        ; Yes                        ; 2.62 V                      ; 4.11e-08 V                  ; 2.73 V             ; -0.0566 V          ; 0.191 V                             ; 0.12 V                              ; 2.69e-10 s                 ; 2.76e-10 s                 ; Yes                       ; Yes                       ;
; Disp[0]       ; 2.5 V        ; 0 s                 ; 0 s                 ; 2.62 V                       ; 4.11e-08 V                   ; 2.73 V              ; -0.0566 V           ; 0.191 V                              ; 0.12 V                               ; 2.69e-10 s                  ; 2.76e-10 s                  ; Yes                        ; Yes                        ; 2.62 V                      ; 4.11e-08 V                  ; 2.73 V             ; -0.0566 V          ; 0.191 V                             ; 0.12 V                              ; 2.69e-10 s                 ; 2.76e-10 s                 ; Yes                       ; Yes                       ;
; ~ALTERA_DCLK~ ; 2.5 V        ; 0 s                 ; 0 s                 ; 2.62 V                       ; 2.22e-08 V                   ; 2.72 V              ; -0.0747 V           ; 0.28 V                               ; 0.169 V                              ; 3.1e-10 s                   ; 3.01e-10 s                  ; No                         ; Yes                        ; 2.62 V                      ; 2.22e-08 V                  ; 2.72 V             ; -0.0747 V          ; 0.28 V                              ; 0.169 V                             ; 3.1e-10 s                  ; 3.01e-10 s                 ; No                        ; Yes                       ;
; ~ALTERA_nCEO~ ; 2.5 V        ; 0 s                 ; 0 s                 ; 2.62 V                       ; 3.53e-08 V                   ; 2.7 V               ; -0.0212 V           ; 0.204 V                              ; 0.049 V                              ; 4.85e-10 s                  ; 6.73e-10 s                  ; No                         ; Yes                        ; 2.62 V                      ; 3.53e-08 V                  ; 2.7 V              ; -0.0212 V          ; 0.204 V                             ; 0.049 V                             ; 4.85e-10 s                 ; 6.73e-10 s                 ; No                        ; Yes                       ;
+---------------+--------------+---------------------+---------------------+------------------------------+------------------------------+---------------------+---------------------+--------------------------------------+--------------------------------------+-----------------------------+-----------------------------+----------------------------+----------------------------+-----------------------------+-----------------------------+--------------------+--------------------+-------------------------------------+-------------------------------------+----------------------------+----------------------------+---------------------------+---------------------------+


+-------------------------------------------------------------------------------------------------------------------+
; Setup Transfers                                                                                                   ;
+-----------------------------------+-----------------------------------+----------+----------+----------+----------+
; From Clock                        ; To Clock                          ; RR Paths ; FR Paths ; RF Paths ; FF Paths ;
+-----------------------------------+-----------------------------------+----------+----------+----------+----------+
; clk                               ; clk                               ; 65       ; 0        ; 0        ; 0        ;
; CTR_INCDEC:inst|div_2048:inst5|26 ; clk                               ; 1        ; 1        ; 0        ; 0        ;
; CTR_INCDEC:inst|div_2048:inst5|26 ; CTR_INCDEC:inst|div_2048:inst5|26 ; 65       ; 0        ; 0        ; 0        ;
; CTR_INCDEC:inst|div_2048:inst6|26 ; CTR_INCDEC:inst|div_2048:inst5|26 ; 1        ; 1        ; 0        ; 0        ;
; CTR_INCDEC:inst|div_2048:inst6|26 ; CTR_INCDEC:inst|div_2048:inst6|26 ; 46       ; 0        ; 0        ; 0        ;
+-----------------------------------+-----------------------------------+----------+----------+----------+----------+
Entries labeled "false path" only account for clock-to-clock false paths and not path-based false paths. As a result, actual path counts may be lower than reported.


+-------------------------------------------------------------------------------------------------------------------+
; Hold Transfers                                                                                                    ;
+-----------------------------------+-----------------------------------+----------+----------+----------+----------+
; From Clock                        ; To Clock                          ; RR Paths ; FR Paths ; RF Paths ; FF Paths ;
+-----------------------------------+-----------------------------------+----------+----------+----------+----------+
; clk                               ; clk                               ; 65       ; 0        ; 0        ; 0        ;
; CTR_INCDEC:inst|div_2048:inst5|26 ; clk                               ; 1        ; 1        ; 0        ; 0        ;
; CTR_INCDEC:inst|div_2048:inst5|26 ; CTR_INCDEC:inst|div_2048:inst5|26 ; 65       ; 0        ; 0        ; 0        ;
; CTR_INCDEC:inst|div_2048:inst6|26 ; CTR_INCDEC:inst|div_2048:inst5|26 ; 1        ; 1        ; 0        ; 0        ;
; CTR_INCDEC:inst|div_2048:inst6|26 ; CTR_INCDEC:inst|div_2048:inst6|26 ; 46       ; 0        ; 0        ; 0        ;
+-----------------------------------+-----------------------------------+----------+----------+----------+----------+
Entries labeled "false path" only account for clock-to-clock false paths and not path-based false paths. As a result, actual path counts may be lower than reported.


---------------
; Report TCCS ;
---------------
No dedicated SERDES Transmitter circuitry present in device or used in design


---------------
; Report RSKM ;
---------------
No non-DPA dedicated SERDES Receiver circuitry present in device or used in design


+------------------------------------------------+
; Unconstrained Paths                            ;
+---------------------------------+-------+------+
; Property                        ; Setup ; Hold ;
+---------------------------------+-------+------+
; Illegal Clocks                  ; 0     ; 0    ;
; Unconstrained Clocks            ; 0     ; 0    ;
; Unconstrained Input Ports       ; 3     ; 3    ;
; Unconstrained Input Port Paths  ; 21    ; 21   ;
; Unconstrained Output Ports      ; 7     ; 7    ;
; Unconstrained Output Port Paths ; 21    ; 21   ;
+---------------------------------+-------+------+


+------------------------------------+
; TimeQuest Timing Analyzer Messages ;
+------------------------------------+
Info: *******************************************************************
Info: Running Quartus II 64-Bit TimeQuest Timing Analyzer
    Info: Version 13.1.0 Build 162 10/23/2013 SJ Web Edition
    Info: Processing started: Mon Oct 20 19:53:01 2025
Info: Command: quartus_sta TAREA2_D -c TAREA2_D
Info: qsta_default_script.tcl version: #1
Warning (20028): Parallel compilation is not licensed and has been disabled
Info (21077): Core supply voltage is 1.2V
Info (21077): Low junction temperature is 0 degrees C
Info (21077): High junction temperature is 85 degrees C
Critical Warning (332012): Synopsys Design Constraints File file not found: 'TAREA2_D.sdc'. A Synopsys Design Constraints File is required by the TimeQuest Timing Analyzer to get proper timing constraints. Without it, the Compiler will not properly optimize the design.
Info (332142): No user constrained base clocks found in the design. Calling "derive_clocks -period 1.0"
Info (332105): Deriving Clocks
    Info (332105): create_clock -period 1.000 -name CTR_INCDEC:inst|div_2048:inst6|26 CTR_INCDEC:inst|div_2048:inst6|26
    Info (332105): create_clock -period 1.000 -name CTR_INCDEC:inst|div_2048:inst5|26 CTR_INCDEC:inst|div_2048:inst5|26
    Info (332105): create_clock -period 1.000 -name clk clk
Info (332143): No user constrained clock uncertainty found in the design. Calling "derive_clock_uncertainty"
Info (332123): Deriving Clock Uncertainty. Please refer to report_sdc in TimeQuest to see clock uncertainties.
Info: Found TIMEQUEST_REPORT_SCRIPT_INCLUDE_DEFAULT_ANALYSIS = ON
Info: Analyzing Slow 1200mV 85C Model
Critical Warning (332148): Timing requirements not met
    Info (11105): For recommendations on closing timing, run Report Timing Closure Recommendations in the TimeQuest Timing Analyzer.
Info (332146): Worst-case setup slack is -1.098
    Info (332119):     Slack       End Point TNS Clock 
    Info (332119): ========= =================== =====================
    Info (332119):    -1.098              -5.838 CTR_INCDEC:inst|div_2048:inst5|26 
    Info (332119):    -1.080              -6.032 clk 
    Info (332119):    -0.779              -3.263 CTR_INCDEC:inst|div_2048:inst6|26 
Info (332146): Worst-case hold slack is -0.241
    Info (332119):     Slack       End Point TNS Clock 
    Info (332119): ========= =================== =====================
    Info (332119):    -0.241              -0.241 CTR_INCDEC:inst|div_2048:inst5|26 
    Info (332119):    -0.075              -0.075 clk 
    Info (332119):     0.259               0.000 CTR_INCDEC:inst|div_2048:inst6|26 
Info (332140): No Recovery paths to report
Info (332140): No Removal paths to report
Info (332146): Worst-case minimum pulse width slack is -3.000
    Info (332119):     Slack       End Point TNS Clock 
    Info (332119): ========= =================== =====================
    Info (332119):    -3.000             -14.000 clk 
    Info (332119):    -1.000             -11.000 CTR_INCDEC:inst|div_2048:inst5|26 
    Info (332119):    -1.000              -9.000 CTR_INCDEC:inst|div_2048:inst6|26 
Info: Analyzing Slow 1200mV 0C Model
Info (334003): Started post-fitting delay annotation
Info (334004): Delay annotation completed successfully
Info (332123): Deriving Clock Uncertainty. Please refer to report_sdc in TimeQuest to see clock uncertainties.
Critical Warning (332148): Timing requirements not met
    Info (11105): For recommendations on closing timing, run Report Timing Closure Recommendations in the TimeQuest Timing Analyzer.
Info (332146): Worst-case setup slack is -0.882
    Info (332119):     Slack       End Point TNS Clock 
    Info (332119): ========= =================== =====================
    Info (332119):    -0.882              -4.228 CTR_INCDEC:inst|div_2048:inst5|26 
    Info (332119):    -0.867              -4.402 clk 
    Info (332119):    -0.586              -2.156 CTR_INCDEC:inst|div_2048:inst6|26 
Info (332146): Worst-case hold slack is -0.176
    Info (332119):     Slack       End Point TNS Clock 
    Info (332119): ========= =================== =====================
    Info (332119):    -0.176              -0.176 CTR_INCDEC:inst|div_2048:inst5|26 
    Info (332119):    -0.090              -0.090 clk 
    Info (332119):     0.232               0.000 CTR_INCDEC:inst|div_2048:inst6|26 
Info (332140): No Recovery paths to report
Info (332140): No Removal paths to report
Info (332146): Worst-case minimum pulse width slack is -3.000
    Info (332119):     Slack       End Point TNS Clock 
    Info (332119): ========= =================== =====================
    Info (332119):    -3.000             -14.000 clk 
    Info (332119):    -1.000             -11.000 CTR_INCDEC:inst|div_2048:inst5|26 
    Info (332119):    -1.000              -9.000 CTR_INCDEC:inst|div_2048:inst6|26 
Info: Analyzing Fast 1200mV 0C Model
Info (332123): Deriving Clock Uncertainty. Please refer to report_sdc in TimeQuest to see clock uncertainties.
Critical Warning (332148): Timing requirements not met
    Info (11105): For recommendations on closing timing, run Report Timing Closure Recommendations in the TimeQuest Timing Analyzer.
Info (332146): Worst-case setup slack is -0.168
    Info (332119):     Slack       End Point TNS Clock 
    Info (332119): ========= =================== =====================
    Info (332119):    -0.168              -0.168 CTR_INCDEC:inst|div_2048:inst5|26 
    Info (332119):    -0.159              -0.179 clk 
    Info (332119):     0.011               0.000 CTR_INCDEC:inst|div_2048:inst6|26 
Info (332146): Worst-case hold slack is -0.201
    Info (332119):     Slack       End Point TNS Clock 
    Info (332119): ========= =================== =====================
    Info (332119):    -0.201              -0.201 CTR_INCDEC:inst|div_2048:inst5|26 
    Info (332119):    -0.073              -0.073 clk 
    Info (332119):     0.138               0.000 CTR_INCDEC:inst|div_2048:inst6|26 
Info (332140): No Recovery paths to report
Info (332140): No Removal paths to report
Info (332146): Worst-case minimum pulse width slack is -3.000
    Info (332119):     Slack       End Point TNS Clock 
    Info (332119): ========= =================== =====================
    Info (332119):    -3.000             -14.616 clk 
    Info (332119):    -1.000             -11.000 CTR_INCDEC:inst|div_2048:inst5|26 
    Info (332119):    -1.000              -9.000 CTR_INCDEC:inst|div_2048:inst6|26 
Info (332102): Design is not fully constrained for setup requirements
Info (332102): Design is not fully constrained for hold requirements
Info: Quartus II 64-Bit TimeQuest Timing Analyzer was successful. 0 errors, 5 warnings
    Info: Peak virtual memory: 4623 megabytes
    Info: Processing ended: Mon Oct 20 19:53:02 2025
    Info: Elapsed time: 00:00:01
    Info: Total CPU time (on all processors): 00:00:01


